image,GT_index,Prediction_index,IoU,confidence,size,GT_box,Prediction_box
00001.jpg,0,0,0.8993714781084396,,Medium,"[615.99936, 540.0, 683.9993600000001, 600.99984]","[613.606464, 541.24092, 680.993216, 600.60564]"
00002.jpg,0,0,0.9739784513852207,,Medium,"[512.99968, 224.00027999999998, 575.00032, 284.00003999999996]","[512.3676800000001, 224.308836, 574.51872, 284.201244]"
00003.jpg,0,0,0.8830570648034154,,Large,"[482.0, 78.00012, 770.99968, 187.00019999999998]","[494.21824000000004, 78.12216000000001, 774.4102399999999, 195.0444]"
00004.jpg,0,0,0.9341570277585186,,Medium,"[781.9999999999999, 70.0002, 896.00064, 111.99996000000002]","[780.8592, 70.74054, 894.8067200000002, 113.2929]"
00005.jpg,0,0,0.7486238512825357,,Tiny,"[666.0000000000001, 352.99980000000005, 689.00032, 371.99988]","[665.595584, 351.427104, 690.5439360000001, 374.82537599999995]"
00006.jpg,0,0,0.9580815263481475,,Large,"[480.99968, 345.00024, 732.0, 444.00023999999996]","[479.67552, 347.34852, 731.0688, 443.03724]"
00007.jpg,0,0,0.9432199486413216,,Large,"[528.99968, 316.00008, 735.0003200000001, 417.00023999999996]","[525.4060800000001, 315.1116, 729.1552, 416.60424000000006]"
00008.jpg,0,0,0.9827735635016803,,Large,"[460.00064000000003, 321.00012, 709.0003200000001, 443.99988]","[461.38688, 320.31719999999996, 709.3088, 443.3796]"
00009.jpg,0,0,0.7677053322364493,,Large,"[376.99968, 272.99988, 624.9996799999999, 460.99980000000005]","[385.61728000000005, 303.7806, 613.29216, 461.00772]"
00010.jpg,0,0,0.8559900029579556,,Large,"[224.99967999999996, 117.99972, 576.99968, 278.99964]","[214.31616000000002, 112.98348, 561.0208, 270.96083999999996]"
00011.jpg,0,0,0.9473035476152812,,Large,"[390.0, 183.99996000000004, 683.99936, 340.0002]","[389.54688000000004, 190.1952, 685.59168, 341.08848]"
00012.jpg,0,0,0.9561466833534589,,Large,"[449.00032, 186.00011999999998, 710.99968, 365.00004]","[447.7312, 190.67256000000003, 708.53632, 364.2588]"
00013.jpg,0,0,0.9202468669155139,,Large,"[426.0, 48.000239999999984, 759.9993599999999, 370.00008]","[424.91328000000004, 60.89831999999999, 747.56672, 369.63432]"
00014.jpg,0,0,0.9628815370573403,,Large,"[412.0, 228.99996, 653.99936, 360.99972]","[408.23616000000004, 227.35764, 652.19776, 361.35612000000003]"
00015.jpg,0,0,0.859203795680092,,Medium,"[537.00032, 289.00008, 594.0, 325.00008]","[535.724416, 289.65110400000003, 600.8080640000001, 324.874656]"
00016.jpg,0,0,0.9607597499717042,,Large,"[423.00032, 248.99976, 588.0, 331.99992]","[421.26592000000005, 247.80204, 589.9775999999999, 331.70723999999996]"
00017.jpg,0,0,0.9669408903771737,,Large,"[300.00064000000003, 182.00016, 509.00032000000004, 330.99984]","[299.64799999999997, 181.18116000000003, 504.67072, 331.86348]"
00018.jpg,0,0,0.8967681373989624,,Small,"[466.99904, 232.99991999999997, 520.99968, 266.99976]","[464.7728, 231.963948, 520.13088, 266.204052]"
00019.jpg,0,0,0.9551683906323614,,Large,"[418.00064, 83.99987999999999, 548.0, 179.99964]","[416.54592, 85.59072, 549.13728, 179.06688]"
00020.jpg,0,0,0.9292044496547632,,Medium,"[683.00032, 252.99972, 776.0000000000001, 325.99980000000005]","[686.424064, 253.551924, 774.6549759999999, 325.050156]"
00021.jpg,0,0,0.860117555443215,,Small,"[594.0, 405.0, 625.00032, 438.99984000000006]","[592.91872, 405.514188, 624.63776, 436.03045199999997]"
00022.jpg,0,0,0.8102343967101026,,Large,"[636.0000000000001, 277.0002, 812.0, 363.99996000000004]","[617.52832, 273.11436, 819.9526400000001, 361.37556]"
00023.jpg,0,0,0.8916999205028561,,Large,"[394.00000000000006, 352.00007999999997, 601.00032, 430.99992]","[410.68224, 351.44784, 603.4336000000001, 430.00703999999996]"
00024.jpg,0,0,0.9810622754143133,,Large,"[516.0, 111.00024, 708.0, 217.00008000000003]","[515.60704, 111.03012000000003, 708.4825599999999, 215.48988]"
00025.jpg,0,0,0.8861493777278417,,Large,"[375.00032000000004, 308.99987999999996, 674.00064, 503.99963999999994]","[370.66112, 318.17016, 657.7728, 503.40456000000006]"
00026.jpg,0,0,0.8048754112603053,,Large,"[390.0, 18.000000000000014, 774.9996799999999, 270.0]","[429.04319999999996, 40.278600000000004, 770.1529600000001, 269.20476]"
00027.jpg,0,0,0.7162152094667634,,Large,"[379.00032000000004, 149.00004, 816.0, 390.99996000000004]","[416.128, 169.36704, 758.5740799999999, 391.63104]"
00028.jpg,0,0,0.868087956278309,,Small,"[716.0000000000001, 276.99984, 748.0, 308.00016]","[714.514688, 278.079336, 748.722432, 309.312504]"
00029.jpg,0,0,0.9440897492571978,,Large,"[395.99999999999994, 550.0000799999999, 605.99936, 669.00024]","[390.38656, 548.05824, 608.56384, 669.38112]"
00030.jpg,0,0,0.9586053104661348,,Medium,"[338.99904, 302.00004, 448.99967999999996, 363.99996000000004]","[336.885632, 302.64084, 449.54892800000005, 364.51116]"
00031.jpg,0,0,0.939426441014358,,Medium,"[572.0, 338.0004, 704.9996799999999, 390.00024]","[570.53376, 340.108092, 705.03744, 390.539268]"
00033.jpg,0,0,0.9708255483917465,,Medium,"[496.0, 249.99983999999998, 630.00064, 301.99968]","[496.27775999999994, 249.93687599999998, 628.7040000000001, 301.143924]"
00034.jpg,0,0,0.9330722336449851,,Large,"[260.99968, 149.99975999999998, 513.99936, 257.99976000000004]","[262.31680000000006, 152.69508, 510.22208, 255.53772]"
00035.jpg,0,0,0.8002449782134197,,Medium,"[632.9996800000001, 290.00016, 728.99968, 321.99984]","[630.4110719999999, 286.174872, 727.3898879999999, 324.563688]"
00036.jpg,0,0,0.5339329823235367,,Medium,"[617.0003200000001, 303.99984, 693.00032, 328.99968]","[606.81376, 303.980256, 690.20768, 344.24582399999997]"
00037.jpg,0,0,0.7294201036893025,,Large,"[615.9993599999999, 55.00007999999999, 753.9999999999999, 151.99992]","[615.7612799999999, 53.6616, 754.0204799999999, 186.39504]"
00038.jpg,0,0,0.9347224055201506,,Large,"[590.99968, 140.0004, 726.0000000000001, 228.00024000000002]","[587.60768, 139.21380000000002, 725.6416, 230.81724000000003]"
00039.jpg,0,0,0.7322940679195646,,Tiny,"[614.00064, 324.99972, 638.0006400000001, 336.99996]","[610.6052480000001, 323.545428, 637.000512, 337.369932]"
00040.jpg,0,0,0.9581719609719743,,Large,"[213.99936, 1.0004400000000013, 424.99967999999996, 142.0002]","[209.36192, 0.4435200000000039, 422.94784, 143.04888]"
00041.jpg,0,0,0.8994680556606379,,Medium,"[721.00032, 468.0, 789.0003200000001, 508.00032]","[719.166272, 466.00325999999995, 786.861248, 508.00554]"
00042.jpg,0,0,0.8815477668438793,,Tiny,"[562.0, 401.00003999999996, 590.0, 415.99980000000005]","[560.525056, 400.083912, 590.246144, 416.11384799999996]"
00044.jpg,0,0,0.8276604877861995,,Medium,"[557.00032, 201.99996000000002, 636.00064, 254.99988]","[552.853376, 201.540888, 634.728064, 249.062472]"
00045.jpg,1,0,0.9342125081233249,,Small,"[1103.99936, 624.99996, 1150.99968, 653.0000399999999]","[1103.954432, 625.79286, 1150.4532479999998, 653.76666]"
00045.jpg,0,1,0.9082220779379673,,Small,"[817.0003199999999, 299.00016000000005, 861.00032, 321.99984]","[815.370112, 300.18906000000004, 860.8154880000001, 322.10262]"
00046.jpg,0,0,0.9489874494016541,,Large,"[662.0, 313.99992000000003, 1213.00032, 491.99976000000004]","[666.8812800000001, 318.30624, 1206.47552, 493.26768]"
00047.jpg,0,0,0.8919201895285488,,Large,"[488.99968, 236.99988000000002, 1196.0, 480.99996000000004]","[538.65408, 236.93040000000002, 1171.5232, 480.1824]"
00049.jpg,0,0,0.635709802494633,,Large,"[511.00032, 365.00004, 706.00064, 453.99995999999993]","[474.81791999999996, 366.48108, 742.65664, 465.63444]"
00050.jpg,0,0,0.9040535345253475,,Medium,"[725.99936, 188.00028000000003, 796.0000000000001, 257.00004]","[726.115904, 189.542196, 799.183296, 254.709324]"
00051.jpg,0,0,0.7684760302645243,,Large,"[236.0, 318.00023999999996, 476.0, 541.00008]","[232.43648000000002, 317.13480000000004, 477.39264, 492.82344]"
00052.jpg,0,0,0.9704141280215802,,Large,"[825.0003199999999, 156.00024000000002, 966.99968, 232.99992000000003]","[824.3955199999999, 154.57068, 967.2281599999999, 232.55316000000002]"
00053.jpg,0,0,0.9594106289159064,,Large,"[312.0, 227.99988000000002, 644.9996799999999, 357.00012]","[312.11264000000006, 226.77192000000002, 638.1875200000001, 358.49016]"
00054.jpg,0,0,0.95372370166234,,Large,"[104.0, 293.0004, 270.00064000000003, 354.00023999999996]","[101.62112, 291.5199, 269.54560000000004, 353.6001]"
00056.jpg,0,0,0.8615819175815512,,Large,"[384.0, 100.9998, 684.9996799999999, 234.99972000000002]","[387.7248, 102.39408, 682.9337599999999, 252.2808]"
00057.jpg,0,0,0.9651450752368924,,Large,"[483.00032, 147.00024, 654.00064, 277.99992]","[480.22144, 145.9638, 654.5241599999999, 279.12275999999997]"
00058.jpg,0,0,0.8120321973620986,,Tiny,"[424.00000000000006, 438.99984, 451.00032, 452.00016000000005]","[422.718912, 438.50411999999994, 450.046528, 453.30948]"
00059.jpg,0,0,0.810422878671214,,Tiny,"[530.99968, 426.99996, 554.0, 439.00019999999995]","[529.246912, 426.0181319999999, 553.243968, 438.658668]"
00060.jpg,0,0,0.9016090665017524,,Small,"[457.00032, 456.99984, 493.00031999999993, 474.99983999999995]","[456.441088, 457.043616, 493.56723200000005, 473.74358399999994]"
00061.jpg,0,0,0.9347643354348356,,Medium,"[634.99968, 321.00048, 709.0003200000001, 353.00016000000005]","[633.2399999999999, 320.653368, 707.5113599999999, 353.433672]"
00062.jpg,0,0,0.9557460512903224,,Medium,"[578.0, 302.00004, 698.99968, 368.00028000000003]","[575.411456, 302.255712, 697.425664, 367.51852799999995]"
00063.jpg,0,0,0.9592745329814686,,Large,"[486.99968000000007, 398.99988, 631.99936, 471.99996]","[485.80032000000006, 398.05379999999997, 629.52512, 471.74508]"
00064.jpg,0,0,0.945255270270376,,Large,"[440.99968, 279.0, 850.9990399999999, 438.99984]","[444.80320000000006, 278.87651999999997, 833.65568, 439.44156000000004]"
00065.jpg,0,0,0.945239695864378,,Large,"[742.9996800000001, 242.00028, 1023.99936, 432.00036000000006]","[741.9148799999999, 240.06636, 1015.5814399999999, 434.43252]"
00066.jpg,0,0,0.9642181049085761,,Large,"[506.99968, 123.99983999999999, 714.0, 227.99952]","[504.71487999999994, 123.90444000000001, 709.07584, 228.05172]"
00067.jpg,0,0,0.8412518333925281,,Large,"[254.0, 171.00036, 600.00064, 267.00012000000004]","[274.26432, 169.68672, 574.79808, 269.27856]"
00068.jpg,0,0,0.8661416969453688,,Large,"[445.99936, 120.00024, 944.9996800000001, 356.0004]","[460.52416, 122.07563999999999, 897.4304000000001, 355.53636]"
00069.jpg,0,0,0.937800787760135,,Large,"[868.0, 167.00004, 1256.99968, 368.00028000000003]","[878.73024, 171.13896, 1254.38976, 366.33096000000006]"
00070.jpg,0,0,0.8984562603980799,,Large,"[441.00032, 318.00023999999996, 698.0, 428.0004]","[461.07392000000004, 318.85056000000003, 696.8063999999999, 426.59712]"
00072.jpg,0,0,0.9483377326846457,,Large,"[469.00032000000004, 209.99988000000005, 700.0006400000001, 321.00012]","[470.32576000000006, 213.78456, 699.3715199999999, 319.94856]"
00073.jpg,0,0,0.9188680561678534,,Medium,"[187.99999999999997, 235.00008, 276.0, 266.00039999999996]","[188.02911999999998, 233.37388800000002, 277.20736, 266.644512]"
00074.jpg,0,0,0.9508964188138815,,Large,"[614.00064, 26.000280000000004, 848.0, 115.00019999999999]","[614.16192, 27.292391999999992, 842.0582400000001, 114.18847199999999]"
00075.jpg,0,0,0.8985435094019121,,Large,"[576.99968, 11.00016, 903.00032, 144.0]","[602.04736, 8.576999999999995, 904.12352, 143.08092]"
00076.jpg,0,0,0.9485751417183252,,Medium,"[526.99968, 203.00003999999998, 670.0, 262.9998]","[524.8352, 201.93508799999998, 671.37088, 263.661552]"
00077.jpg,0,0,0.9091019634311326,,Large,"[529.00032, 0.9997200000000006, 712.00064, 80.99964]","[516.00576, 0.00014400000000414082, 711.2838399999999, 80.114544]"
00078.jpg,0,0,0.9331177528173984,,Large,"[1094.99968, 373.99968, 1281.00032, 458.99999999999994]","[1091.91616, 372.01572, 1279.02272, 460.7089200000001]"
00079.jpg,0,0,0.9148143854092385,,Medium,"[582.99968, 152.99964, 657.0003199999999, 189.99971999999997]","[579.165888, 152.573544, 655.458112, 190.238616]"
00080.jpg,0,0,0.963825801715354,,Medium,"[426.99968, 156.99996000000002, 552.9990399999999, 200.99988]","[425.50700800000004, 156.178008, 552.753472, 200.79367200000002]"
00081.jpg,0,0,0.9527143698940219,,Medium,"[605.00032, 348.00048, 703.00096, 389.00016000000005]","[603.69952, 348.462504, 703.1676800000001, 389.929176]"
00082.jpg,0,0,0.9506764477021615,,Medium,"[540.99968, 262.99980000000005, 691.00032, 320.00004]","[537.4566400000001, 263.029068, 695.03232, 319.95061200000004]"
00083.jpg,0,0,0.966524787462551,,Large,"[386.99968, 198.00000000000003, 746.0000000000001, 420.99983999999995]","[385.34272, 197.39556, 738.8147200000001, 422.50428000000005]"
00084.jpg,0,0,0.9037704714088325,,Large,"[291.99999999999994, 142.99955999999997, 818.00064, 631.9997999999999]","[294.8736, 150.24384, 857.0419200000001, 626.7556800000001]"
00085.jpg,0,0,0.9230426863255395,,Medium,"[643.0003199999999, 342.99971999999997, 731.00032, 413.99964]","[640.522368, 343.506528, 733.936512, 414.973152]"
00086.jpg,0,0,0.8441745359218907,,Large,"[727.0003199999999, 329.99976, 871.00032, 397.00008]","[721.50144, 329.51484, 870.00704, 405.49572]"
00087.jpg,0,0,0.8831154811475831,,Small,"[639.00032, 251.99964, 690.00064, 281.99988]","[634.584896, 252.120132, 691.274944, 281.509308]"
00089.jpg,0,0,0.916299987503966,,Large,"[560.0, 462.00023999999996, 726.00064, 550.00008]","[557.3945600000001, 462.69432000000006, 736.4268800000001, 550.39608]"
00090.jpg,0,0,0.9599350815991711,,Large,"[600.0000000000001, 190.00008, 910.0006400000001, 365.9997599999999]","[603.76256, 189.66636, 915.1776, 364.17636]"
00091.jpg,0,0,0.8988064802155724,,Medium,"[617.99936, 488.99952, 732.9996800000001, 564.9998400000001]","[618.32736, 485.88659999999993, 735.35712, 561.70332]"
00092.jpg,0,0,0.7616143120069276,,Large,"[428.99968, 391.00032, 748.99968, 557.9999999999999]","[406.5312, 369.30384, 774.7936, 556.1798399999999]"
00093.jpg,0,0,0.8591120505560222,,Large,"[572.0, 202.00032000000002, 848.99968, 382.00032000000004]","[584.96064, 210.45600000000002, 849.1487999999999, 372.7656]"
00094.jpg,0,0,0.9440603238852935,,Large,"[262.99967999999996, 199.00008, 458.99968, 320.99976000000004]","[261.70048, 197.74188000000004, 459.33376000000004, 325.9026]"
00095.jpg,0,0,0.9026677795940101,,Medium,"[265.00032, 146.00016000000002, 370.0, 213.00047999999998]","[263.15328, 144.455976, 372.79936, 215.535384]"
00096.jpg,0,0,0.8845523830653089,,Medium,"[237.00032, 29.999879999999997, 364.00064, 100.9998]","[235.42496, 23.913431999999997, 362.56032, 99.748872]"
00097.jpg,0,0,0.9398072992872941,,Large,"[297.00096, 203.00004000000004, 715.0003200000001, 514.9998]","[295.0784, 213.26003999999998, 711.6057599999999, 510.17436000000004]"
00098.jpg,0,0,0.952500922358538,,Medium,"[484.99967999999996, 394.99956, 577.99936, 460.99979999999994]","[481.698944, 394.43706, 577.677696, 460.87254]"
00099.jpg,0,0,0.9705311442531717,,Large,"[576.00064, 191.00016000000002, 790.0, 346.00032]","[576.4678400000001, 191.8368, 785.80032, 345.62304]"
00100.jpg,0,0,0.9253264988261398,,Medium,"[476.0, 224.99964000000003, 546.00064, 263.99988]","[474.27225599999997, 225.221472, 548.747264, 264.403008]"
00101.jpg,0,0,0.9565425671174677,,Medium,"[496.99968, 376.99992, 629.99936, 444.00023999999996]","[498.30144000000007, 379.24671599999994, 630.00832, 444.028644]"
00102.jpg,0,0,0.9183354598858995,,Large,"[568.99968, 389.00016000000005, 824.9996799999999, 490.00031999999993]","[571.7107199999999, 389.5794, 818.4128, 494.54460000000006]"
00103.jpg,0,0,0.9835436019454059,,Large,"[512.0006400000001, 74.99987999999999, 697.0003200000001, 177.00011999999998]","[511.94624000000005, 76.12595999999999, 697.088, 176.52347999999998]"
00104.jpg,0,0,0.8963307447244883,,Medium,"[620.99968, 297.0, 684.9996800000001, 346.99968]","[617.323136, 299.333304, 685.435264, 346.888296]"
00105.jpg,0,0,0.8672424154691393,,Medium,"[616.00064, 131.99976, 761.00032, 181.00007999999997]","[612.05696, 131.17968000000002, 748.97984, 180.31104]"
00106.jpg,0,0,0.950932492890022,,Large,"[552.0006400000001, 166.00032, 700.0006400000001, 229.00032000000002]","[549.53856, 167.455476, 701.20832, 228.810924]"
00107.jpg,0,0,0.9419055187909443,,Medium,"[693.00032, 227.99988000000002, 812.0006400000001, 273.99996]","[691.938368, 226.407564, 812.2305920000001, 273.30699599999997]"
00108.jpg,0,0,0.9673222362954083,,Large,"[574.0, 258.99984, 822.9996800000001, 342.0]","[572.80704, 257.0796, 822.04224, 341.84952]"
00109.jpg,0,0,0.9238380942867871,,Large,"[724.9996799999999, 242.99999999999997, 929.9993599999999, 344.00016]","[722.5036799999999, 242.69796, 926.51776, 348.96348]"
00110.jpg,0,0,0.8854028560393118,,Medium,"[762.0, 264.99996, 838.0, 295.0002]","[759.739328, 267.48118800000003, 837.8465919999999, 294.818652]"
00111.jpg,0,0,0.9452667009974407,,Large,"[623.9993600000001, 249.00048, 802.0, 317.00016]","[624.2272, 247.74634800000004, 797.1744000000001, 316.341972]"
00112.jpg,0,0,0.726782590358021,,Medium,"[645.0003200000001, 184.00032000000002, 788.00064, 243.00000000000003]","[646.1024, 182.20571999999999, 787.2697600000001, 262.61892]"
00113.jpg,0,0,0.8076350392543545,,Small,"[613.99936, 278.99964, 680.9996799999999, 299.99988]","[615.8380159999999, 278.718516, 673.329344, 301.24724399999997]"
00114.jpg,0,0,0.8878752239633072,,Medium,"[674.0, 297.0, 801.00032, 337.99967999999996]","[672.5917440000001, 297.502524, 797.823616, 341.064036]"
00115.jpg,0,0,0.9398734269938857,,Medium,"[423.99935999999997, 274.00032, 538.0, 328.00032]","[422.58905599999997, 272.98652400000003, 537.193344, 329.353956]"
00116.jpg,0,0,0.9322090144100256,,Large,"[421.9999999999999, 163.99980000000002, 861.00032, 272.99988]","[418.30592, 161.58132, 861.36896, 277.4358]"
00117.jpg,0,0,0.9199163036446436,,Large,"[635.99936, 205.0002, 893.9999999999999, 296.00028]","[625.91104, 204.25572, 902.7699200000001, 295.53516]"
00118.jpg,0,0,0.8915477505894391,,Large,"[520.0, 201.99995999999996, 856.0, 297.99971999999997]","[529.48224, 200.29463999999996, 837.54752, 296.86968]"
00119.jpg,0,0,0.9505831586567697,,Large,"[493.00032, 236.99988000000002, 892.0006400000001, 354.99996]","[488.7827199999999, 235.0116, 898.02048, 353.95991999999995]"
00120.jpg,2,2,0.9266303171704116,,Large,"[476.99968000000007, 385.0002, 627.00032, 516.99996]","[479.70112, 389.34612000000004, 627.8879999999999, 514.6038000000001]"
00120.jpg,1,1,0.8870820796290991,,Medium,"[694.0, 291.99996, 781.00032, 353.99988]","[689.4919040000001, 288.9855, 781.4840959999999, 352.92762]"
00120.jpg,0,0,0.8841358082586568,,Large,"[971.00032, 237.99960000000004, 1076.9996800000001, 329.99976]","[970.417152, 247.25232, 1077.488128, 329.32656]"
00121.jpg,0,1,0.9526127937602173,,Medium,"[931.99936, 399.99959999999993, 1023.99936, 457.99992]","[932.0098559999999, 399.903876, 1022.3735039999999, 456.34316400000006]"
00121.jpg,2,0,0.9456477747636028,,Medium,"[477.00032, 196.99992, 574.0, 255.00023999999996]","[476.204288, 197.451036, 572.7249919999999, 256.59248399999996]"
00121.jpg,1,2,0.8917417200073733,,Medium,"[1007.0003199999999, 323.99964, 1072.9996800000001, 369.99971999999997]","[1003.803392, 322.394328, 1074.460928, 369.41047199999997]"
00122.jpg,1,1,0.9826160149827151,,Large,"[269.00032, 288.99971999999997, 444.00064, 377.99963999999994]","[266.51648, 288.98748, 444.25216, 377.829]"
00122.jpg,0,0,0.9272335874335567,,Medium,"[520.99968, 255.00024000000002, 677.99936, 309.00023999999996]","[517.66464, 253.84042799999997, 674.70912, 308.313972]"
00122.jpg,2,2,0.9122619507285754,,Medium,"[808.0000000000001, 295.99992, 937.99936, 354.9996]","[811.119552, 296.846604, 933.796928, 353.882196]"
00123.jpg,0,0,0.9882732715732405,,Large,"[569.00032, 283.99967999999996, 978.0, 490.9996799999999]","[569.0246400000001, 283.32432, 975.75872, 491.62752]"
00123.jpg,1,1,0.9480671566412179,,Large,"[371.00032, 1.000080000000001, 630.00064, 75.00023999999999]","[366.41152000000005, -7.200000000207041e-05, 624.24448, 75.012408]"
00124.jpg,0,0,0.9695194753248288,,Large,"[397.99936, 266.0004, 816.99968, 489.0002400000001]","[405.76064, 265.86432, 817.53792, 491.37120000000004]"
00124.jpg,1,1,0.8643243123784274,,Large,"[941.9993599999999, 1.000080000000001, 1188.0, 95.99976000000001]","[940.9459199999999, 12.430152000000003, 1185.00096, 96.152472]"
00125.jpg,0,0,0.9533126420241512,,Large,"[305.00032, 302.99976000000004, 474.0, 430.99992]","[307.74848, 299.8134, 472.96704, 430.85412]"
00125.jpg,2,1,0.8740951784637653,,Medium,"[796.9996800000001, 266.00004, 902.9990399999999, 341.00028000000003]","[801.6588160000001, 271.041048, 902.151744, 341.926632]"
00125.jpg,1,2,0.5318114803189312,,Medium,"[733.00096, 240.00012, 815.0003200000001, 322.0002]","[680.58944, 238.04351999999997, 807.0009600000001, 323.11584]"
00126.jpg,2,0,0.9675580699826081,,Large,"[316.99968, 329.99976, 500.99968, 464.99976]","[317.18592, 330.80796, 498.50944, 463.35635999999994]"
00126.jpg,0,1,0.8083787511332994,,Medium,"[929.9993599999999, 262.00008, 1040.0, 322.99992]","[943.3146239999999, 264.70944000000003, 1038.929216, 321.43968]"
00126.jpg,1,3,0.7311528814675239,,Medium,"[864.0, 205.99992, 953.99936, 286.99992000000003]","[865.7376640000001, 206.86752, 966.031936, 273.94272]"
00127.jpg,0,0,0.9752156073267809,,Large,"[617.9993599999999, 295.99992, 796.99968, 453.00024]","[618.55744, 298.12032000000005, 798.19776, 453.2832]"
00127.jpg,2,1,0.7553876026784138,,Medium,"[936.99968, 203.0004, 1016.99968, 273.00024]","[933.8043519999999, 202.50932400000002, 1031.973568, 267.377076]"
00128.jpg,1,0,0.9127463263796876,,Medium,"[707.99936, 73.00008000000001, 767.99936, 104.99976]","[709.60576, 72.77392800000001, 766.85632, 106.29583200000002]"
00128.jpg,0,1,0.906185747587304,,Small,"[460.99967999999996, 302.00039999999996, 515.00032, 334.00008]","[463.055424, 301.136292, 516.175296, 334.429308]"
00129.jpg,0,0,0.962728862573755,,Large,"[520.99968, 0.9997199999999906, 1191.00032, 309.99996]","[525.05792, 0.0, 1201.12448, 314.3016]"
00130.jpg,0,0,0.9160532042487999,,Large,"[315.99936, 109.00008000000001, 1158.0, 410.99976000000004]","[299.59871999999996, 99.51624000000001, 1154.90112, 421.77527999999995]"
00131.jpg,0,0,0.9581076774544033,,Large,"[643.0003199999999, 237.00024, 920.0, 318.00024]","[644.9587200000001, 236.2932, 917.3836799999999, 316.58759999999995]"
00132.jpg,0,0,0.9359410153379639,,Large,"[748.99968, 0.9997200000000006, 942.9990399999999, 93.99995999999999]","[744.9919999999998, 0.0, 943.6224, 97.0488]"
00133.jpg,0,0,0.9743011868013045,,Large,"[437.00032, 187.99991999999997, 663.00096, 327.99960000000004]","[436.35264000000006, 190.50552000000002, 664.08384, 328.06728]"
00134.jpg,0,0,0.9442420816204956,,Medium,"[350.00064000000003, 249.99983999999998, 459.00032000000004, 312.99984]","[348.304704, 251.08106400000003, 457.117376, 313.479576]"
00135.jpg,0,0,0.9117899890904493,,Medium,"[762.0, 311.0004, 846.0000000000001, 354.00023999999996]","[758.6274559999999, 310.16610000000003, 845.8474239999999, 352.59534]"
00136.jpg,0,0,0.946464581259238,,Medium,"[541.00032, 225.0, 660.00064, 297.0]","[537.165248, 225.91314000000003, 659.557952, 297.52254]"
00137.jpg,0,0,0.9773852922805609,,Large,"[602.0, 311.99976, 794.9996800000001, 424.00008]","[602.1964800000001, 312.15959999999995, 792.30208, 424.72296]"
00138.jpg,0,0,0.9461620799166686,,Large,"[463.00032, 12.000239999999991, 932.0, 379.00008]","[457.48224000000005, 7.612559999999999, 926.86336, 371.33207999999996]"
00139.jpg,0,0,0.755724698958755,,Large,"[318.99968, 73.00007999999998, 1001.00032, 302.99976000000004]","[331.25248, 45.45648, 923.1936000000001, 294.0768]"
00140.jpg,0,0,0.8963680299700442,,Large,"[504.99967999999996, 27.999719999999996, 831.00032, 278.99964]","[499.86304000000007, 31.889519999999997, 831.69536, 260.54424000000006]"
00141.jpg,0,0,0.9659159109124164,,Large,"[688.00064, 177.00011999999998, 825.0003200000001, 252.00036]","[686.1919999999999, 176.29919999999998, 824.70208, 251.23680000000002]"
00142.jpg,0,0,0.7846376372376663,,Large,"[399.99936, 0.9997200000000006, 578.0, 91.9998]","[377.88864, 7.200000000207041e-05, 596.92864, 89.349912]"
00143.jpg,0,0,0.9264856794283718,,Large,"[662.9996800000001, 270.99972, 823.99936, 377.99963999999994]","[665.05408, 270.3168, 825.5161600000001, 383.34528]"
00144.jpg,0,0,0.8904172353900086,,Large,"[528.0, 327.00024, 652.9996800000001, 412.9999200000001]","[518.8288, 325.82124000000005, 653.0649599999999, 410.17572]"
00145.jpg,0,0,0.9652503400115352,,Large,"[548.99904, 285.00012, 686.99968, 396.00036]","[547.2832, 286.18847999999997, 686.19648, 396.73296]"
00146.jpg,0,0,0.9330492588437996,,Large,"[551.9993599999999, 128.99988, 715.99936, 242.99963999999997]","[547.8707199999999, 128.4354, 714.9056, 246.84876000000003]"
00147.jpg,0,0,0.9458182358125333,,Large,"[420.0, 194.00004, 570.00064, 280.9998]","[419.2064, 195.21792, 574.10688, 281.8656]"
00148.jpg,0,0,0.8927997446565425,,Large,"[248.00063999999998, 123.00048000000001, 497.00032, 263.00016]","[237.47647999999998, 115.46640000000001, 501.61343999999997, 263.2896]"
00149.jpg,0,0,0.7102848454988058,,Large,"[22.999679999999998, 1.000080000000001, 679.9993599999999, 329.0004]","[107.42719999999998, 13.94603999999999, 594.41984, 328.2498]"
00150.jpg,0,0,0.8385054873248745,,Large,"[306.99968, 225.0, 898.0, 490.99968]","[322.03200000000004, 227.88827999999995, 824.9273600000001, 490.00644]"
00153.jpg,0,0,0.9713595066235692,,Medium,"[251.00032000000002, 321.00012, 326.00064000000003, 369.00036]","[250.165888, 321.21396, 326.338432, 369.44172]"
00154.jpg,0,0,0.9467360835180759,,Large,"[430.0, 372.99996, 685.0003200000001, 549.99972]","[428.35712, 374.22756000000004, 687.6083199999999, 544.48668]"
00155.jpg,0,0,0.7284594862135088,,Large,"[504.0, 1.0004399999999913, 736.0, 205.0002]","[499.9539199999999, 45.523439999999994, 727.10784, 202.12056]"
00156.jpg,0,0,0.9689931412206297,,Large,"[364.00064, 49.00032, 626.0, 193.00032000000002]","[363.78752, 51.20604, 623.83744, 192.01427999999999]"
00157.jpg,0,0,0.9561134255626463,,Large,"[546.0, 466.0002, 881.00032, 683.00028]","[550.3673600000001, 465.11604, 874.2931199999999, 684.6577199999999]"
00158.jpg,0,0,0.9668277346690334,,Large,"[541.99936, 282.99996, 677.99936, 371.99988]","[540.08384, 283.28616, 677.4112, 370.90584]"
00159.jpg,0,0,0.7105217501323052,,Medium,"[708.0006400000001, 356.00004, 789.00032, 402.00012000000004]","[701.878464, 347.386104, 784.641856, 399.62829600000003]"
00160.jpg,0,0,0.9702676639311143,,Large,"[1050.99968, 211.99968000000004, 1227.99936, 348.99984]","[1049.98656, 212.66675999999998, 1228.82816, 351.0702]"
00161.jpg,0,0,0.9801022792803142,,Large,"[321.99999999999994, 93.00023999999998, 494.0, 259.99992000000003]","[322.00960000000003, 90.96839999999999, 495.0912, 260.27496]"
00162.jpg,0,0,0.9762487066912579,,Large,"[481.99936, 100.00008000000003, 804.9996799999999, 392.99976000000004]","[476.32511999999997, 101.13804000000002, 805.6307200000001, 393.26004]"
00163.jpg,0,0,0.9684839857845615,,Large,"[520.99968, 211.99968000000004, 938.99904, 571.99968]","[515.09504, 209.99844000000004, 940.68992, 575.0794800000001]"
00164.jpg,0,0,0.8462135992218064,,Medium,"[610.99968, 610.99992, 698.0, 687.00024]","[613.76544, 611.077824, 697.55872, 677.8517760000001]"
00165.jpg,0,0,0.8169110023250303,,Small,"[793.0003199999999, 502.9999200000001, 821.00032, 520.99992]","[790.5495040000001, 502.578288, 819.050496, 521.486352]"
00166.jpg,0,0,0.9382675110486218,,Small,"[217.00032, 179.00027999999998, 262.99968, 205.0002]","[217.52313600000002, 178.346412, 263.04774399999997, 204.31486800000002]"
00167.jpg,0,0,0.9035046327525786,,Small,"[331.99999999999994, 439.99992, 389.99935999999997, 466.99992000000003]","[329.01599999999996, 439.07709600000004, 390.86368, 466.89602400000007]"
00168.jpg,0,0,0.9237169495197255,,Large,"[622.00064, 105.99983999999999, 1096.0, 315.0]","[623.2211199999999, 110.01816, 1080.0416, 310.33512]"
00169.jpg,0,0,0.9189021944799243,,Medium,"[633.00032, 86.00003999999998, 717.0003200000001, 163.9998]","[631.5290239999999, 87.16968, 720.3634559999999, 162.846]"
00170.jpg,0,0,0.9455121240046989,,Medium,"[588.99968, 3.9999600000000033, 673.99936, 79.0002]","[586.244544, 3.8931839999999958, 673.185856, 80.000064]"
00171.jpg,0,0,0.8644699691705761,,Medium,"[606.0, 0.9997200000000006, 674.0, 46.9998]","[601.8076159999999, -3.6000000001035204e-05, 678.545664, 46.832004000000005]"
00172.jpg,0,0,0.7674921271907537,,Large,"[560.00064, 300.99996000000004, 761.00032, 369.99971999999997]","[574.22464, 307.77238800000003, 757.83552, 365.744412]"
00173.jpg,0,0,0.5432147604565198,,Large,"[314.99968, 46.99979999999999, 691.99936, 131.00004]","[322.96896000000004, 48.804120000000005, 682.1459199999999, 194.14548000000002]"
00174.jpg,0,0,0.8716005530131784,,Large,"[544.0, 266.99976, 737.99936, 403.99992000000003]","[548.63296, 273.51828, 726.40832, 404.20044]"
00175.jpg,0,0,0.8160795314744879,,Medium,"[790.0, 372.00023999999996, 928.00064, 417.00023999999996]","[783.4675199999999, 371.39504400000004, 927.35744, 410.923836]"
00176.jpg,0,0,0.6295523317218296,,Medium,"[717.99936, 433.00007999999997, 800.9996799999999, 475.99992]","[731.1097599999999, 432.177804, 797.9116799999999, 467.15259599999996]"
00177.jpg,0,0,0.836529568785726,,Large,"[645.00096, 317.00015999999994, 935.0003199999999, 517.00032]","[651.7459200000001, 334.92204000000004, 918.2406400000001, 517.0194]"
00178.jpg,0,0,0.9100176824905076,,Large,"[476.99968, 95.00004000000001, 660.99968, 195.00012]","[466.82559999999995, 92.93076, 659.50784, 193.74300000000002]"
00179.jpg,0,0,0.9270222308174275,,Large,"[377.00032, 401.0004, 589.00032, 507.00023999999996]","[374.98752, 398.4148799999999, 597.344, 506.55888]"
00180.jpg,0,0,0.910802923409044,,Large,"[460.99968, 221.00003999999996, 731.00032, 287.00028000000003]","[462.13823999999994, 219.6306, 714.3711999999999, 287.44524]"
00181.jpg,0,0,0.7331224460260918,,Large,"[649.9993599999999, 1.0004399999999913, 880.0, 205.0002]","[666.9644800000001, 10.606320000000016, 853.5296, 194.98247999999998]"
00182.jpg,0,0,0.8264191560067495,,Large,"[641.9993599999999, 183.99996, 912.0, 320.00003999999996]","[656.40192, 193.19075999999998, 896.54272, 320.53356]"
00183.jpg,0,0,0.9377245593850512,,Large,"[640.99968, 195.99984, 908.0, 362.00016000000005]","[634.08512, 192.80411999999995, 908.3942400000001, 358.92324]"
00184.jpg,0,0,0.9086248895447615,,Medium,"[549.99936, 114.99984, 632.99968, 146.00016]","[549.192576, 115.104132, 629.0602240000001, 147.131388]"
00185.jpg,0,0,0.9165706871482683,,Medium,"[344.99967999999996, 281.99988, 496.99968, 334.9998]","[343.41632000000004, 281.024964, 494.10303999999996, 332.920476]"
00186.jpg,0,0,0.9806307066952028,,Medium,"[352.99968, 56.99988, 447.00032, 96.00012]","[352.4992, 57.19266, 446.20032000000003, 96.03054000000002]"
00187.jpg,0,0,0.9048534267385371,,Large,"[92.99968, 268.0002, 292.99968, 379.00043999999997]","[95.10848000000001, 274.92911999999995, 288.99648, 378.53423999999995]"
00188.jpg,0,0,0.9607225400977096,,Medium,"[254.99967999999998, 556.9999200000001, 370.99967999999996, 608.99976]","[254.850624, 558.28494, 370.687936, 608.43906]"
00189.jpg,0,0,0.842198725815829,,Medium,"[687.0003199999999, 403.99992000000003, 746.00064, 435.9996]","[684.5817599999999, 401.43153600000005, 746.9241599999999, 437.390064]"
00190.jpg,0,0,0.8878479580945764,,Medium,"[752.00064, 284.99976, 852.00064, 334.00008]","[749.8417919999999, 282.594312, 850.764928, 336.00376800000004]"
00191.jpg,0,0,0.9388115905015065,,Large,"[880.99968, 356.00004, 1101.99936, 489.99996]","[876.5292799999999, 353.16540000000003, 1104.88512, 491.301]"
00192.jpg,0,0,0.9434065860802311,,Medium,"[661.00032, 201.00024, 741.9999999999999, 253.00008]","[659.168896, 202.167396, 742.167424, 253.61276400000003]"
00193.jpg,0,0,0.9396126318408852,,Medium,"[313.00032, 92.99988000000002, 411.00096, 147.99996]","[312.72908799999993, 91.70045999999999, 412.334592, 149.29218]"
00194.jpg,0,0,0.8191985966373053,,Large,"[584.99904, 255.99996000000002, 850.99968, 367.00019999999995]","[609.85216, 257.85468, 835.16032, 365.20884]"
00195.jpg,0,0,0.7448347490009036,,Large,"[507.00031999999993, 155.99988000000002, 844.9996799999999, 287.99964]","[551.4758400000001, 159.31944000000001, 811.2172800000001, 288.99288]"
00196.jpg,0,0,0.9287296998994946,,Large,"[493.99935999999997, 219.00024000000002, 733.99936, 331.99992]","[492.51648, 224.78472, 733.6057599999999, 330.51096]"
00197.jpg,0,0,0.7854062770041312,,Large,"[635.99936, 59.000040000000006, 970.99968, 226.9998]","[636.464, 25.674479999999996, 979.8688000000002, 221.38056]"
00198.jpg,0,0,0.8038859068433962,,Large,"[207.99999999999997, 133.99991999999997, 456.99968, 306.0]","[194.02496000000002, 158.49954, 457.92128, 308.50974]"
00199.jpg,0,0,0.7344680952292345,,Medium,"[326.0, 104.99994, 366.99968000000007, 126.99990000000001]","[324.908608, 106.27317, 365.55027200000006, 123.37011]"
00200.jpg,0,0,0.9345258310741672,,Large,"[720.0, 311.0004, 859.0003200000001, 397.00008]","[723.77792, 310.00140000000005, 859.3644800000002, 399.38292]"
00201.jpg,0,0,0.8589635925446887,,Large,"[936.99968, 227.00015999999997, 1117.9993599999998, 319.00032]","[959.51296, 226.83996, 1119.29152, 320.11668]"
00202.jpg,0,0,0.9447770890090734,,Large,"[398.99968, 19.999799999999997, 577.0003199999999, 110.99987999999999]","[397.36576, 19.465632000000006, 571.8963200000001, 112.221792]"
00203.jpg,0,0,0.7877054605191595,,Large,"[587.99936, 142.99992000000003, 871.99936, 304.99992000000003]","[594.1670399999999, 145.79064, 821.8048, 305.00712000000004]"
00204.jpg,0,0,0.9355353324384328,,Medium,"[178.0, 33.00012, 289.00032, 104.00004]","[177.50624, 37.116, 289.1792, 104.08708800000001]"
00205.jpg,0,0,0.9134114341263129,,Medium,"[347.99936, 107.99964, 418.99968, 155.99988]","[344.14982399999997, 107.537148, 419.05529599999994, 157.347972]"
00206.jpg,0,0,0.8290316037506789,,Small,"[572.99968, 196.00019999999998, 612.99968, 222.00011999999998]","[569.6146560000001, 194.38884000000002, 613.727424, 222.82668]"
00207.jpg,0,0,0.9272022985041505,,Large,"[559.00032, 353.99988, 778.0006400000001, 476.99964]","[554.78144, 353.58876, 769.0892799999999, 478.51956]"
00208.jpg,0,0,0.9152854612152963,,Large,"[551.99936, 331.0002, 747.99936, 458.00028]","[547.89248, 329.55048, 741.27232, 460.94039999999995]"
00209.jpg,0,0,0.9509139070790682,,Large,"[557.9993599999999, 323.99999999999994, 661.9993599999999, 427.99967999999996]","[556.786624, 324.17028000000005, 664.8044160000001, 429.13404]"
00210.jpg,0,0,0.9275986445425721,,Large,"[548.0, 292.99967999999996, 815.0003199999999, 411.99984]","[557.90464, 292.62564000000003, 808.1907199999999, 412.96716000000004]"
00211.jpg,0,0,0.9264139762115635,,Medium,"[681.00032, 396.00000000000006, 736.00064, 436.00032]","[680.074496, 396.5184, 736.9418239999999, 437.23583999999994]"
00212.jpg,0,0,0.8437646249722586,,Medium,"[560.0, 433.9998, 694.00064, 497.99987999999996]","[564.07264, 440.033652, 689.13184, 498.123468]"
00213.jpg,0,0,0.8524500212928832,,Small,"[377.00032, 344.99988, 421.00032000000004, 384.00012000000004]","[375.063936, 347.67612, 423.156864, 384.21252000000004]"
00214.jpg,0,0,0.8697516257796909,,Medium,"[598.99968, 322.99992, 663.99936, 370.00008]","[602.787904, 323.346636, 661.5807359999999, 371.67800400000004]"
00215.jpg,0,0,0.7856371723038866,,Small,"[664.9996799999999, 378.00036, 712.9996800000001, 413.00028]","[659.681728, 377.312544, 717.6443519999999, 414.20505599999996]"
00216.jpg,0,0,0.9144604399634211,,Medium,"[520.99968, 360.0, 576.99968, 407.00015999999994]","[520.454144, 358.64028, 578.0444160000001, 408.61764]"
00217.jpg,0,0,0.9143711928698424,,Medium,"[622.00064, 293.0004, 680.0, 345.00024]","[620.631424, 291.59337600000003, 682.1653760000002, 345.19622400000003]"
00218.jpg,0,0,0.6769655147167611,,Small,"[589.00032, 358.99992000000003, 615.00096, 381.00024]","[586.1749120000001, 358.619904, 616.5207680000001, 386.464896]"
00219.jpg,0,0,0.9697128860060641,,Large,"[602.9996799999999, 162.00036000000003, 795.99936, 287.00028000000003]","[600.3046400000001, 161.27316, 797.0073600000001, 287.75052]"
00220.jpg,0,0,0.8758747804313539,,Medium,"[771.00032, 329.99976, 831.9999999999999, 367.99992]","[769.271168, 331.16979599999996, 830.201472, 369.76748399999997]"
00221.jpg,0,0,0.9750111774535108,,Large,"[584.00064, 254.99988, 836.0006399999999, 422.99964000000006]","[579.55584, 253.88748, 835.80928, 422.91972]"
00222.jpg,0,0,0.9170242268300663,,Medium,"[645.99936, 52.0002, 720.99968, 98.00028]","[647.2878079999999, 52.836588000000006, 719.107072, 99.21301199999999]"
00223.jpg,0,0,0.9425564976675626,,Large,"[438.00064, 44.00028, 1115.00032, 185.00004]","[465.38239999999996, 43.72956, 1116.96128, 186.94692]"
00224.jpg,0,0,0.860387214802786,,Large,"[764.0, 27.999719999999996, 1261.99936, 251.99964]","[763.4297600000001, 48.21768, 1265.33696, 263.16216000000003]"
00225.jpg,0,0,0.5624393573992218,,Large,"[452.0, 277.99992, 799.00032, 374.99976]","[453.19872000000004, 287.50284, 812.5036799999999, 427.75379999999996]"
00226.jpg,0,0,0.564111954633609,,Large,"[672.0, 0.9997200000000006, 1048.0, 127.99979999999998]","[705.13536, 2.793599999999996, 1182.1376, 152.21952]"
00227.jpg,0,1,0.923697966037407,,Large,"[700.9996799999999, 88.00019999999999, 1131.00032, 318.99995999999993]","[707.27296, 97.20792000000002, 1136.06528, 322.00632]"
00228.jpg,0,0,0.9355363309682891,,Medium,"[800.0, 374.00003999999996, 899.0003200000001, 415.99979999999994]","[800.2449920000001, 374.29236, 895.829248, 414.98892000000006]"
00229.jpg,0,0,0.509831571806655,,Large,"[763.9999999999999, 158.00003999999998, 919.00032, 258.00012000000004]","[762.01408, 157.299228, 919.3273599999999, 209.739492]"
00230.jpg,1,0,0.9532224088290931,,Medium,"[654.00064, 208.99980000000002, 779.00032, 268.99956000000003]","[653.8326400000001, 210.354948, 776.98976, 268.55881200000005]"
00230.jpg,0,1,0.9096079381451462,,Medium,"[1176.99968, 624.9996, 1280.99968, 698.99976]","[1176.0695680000001, 621.8693999999999, 1279.7973120000001, 701.63604]"
00231.jpg,1,0,0.9498300472171117,,Medium,"[608.9996800000001, 145.00008, 736.9996800000001, 203.0004]","[607.841216, 144.09867599999998, 735.715904, 204.027084]"
00231.jpg,0,1,0.90356409700941,,Medium,"[1176.00064, 622.9998, 1281.00032, 695.99988]","[1176.310656, 621.86328, 1279.7533440000002, 701.55576]"
00232.jpg,0,0,0.9682689394199386,,Large,"[579.00032, 232.99991999999997, 750.00064, 316.00007999999997]","[577.5872, 232.94052, 749.6883200000001, 317.8062]"
00233.jpg,0,0,0.9304315120000002,,Large,"[488.99968, 209.00016, 744.9996799999999, 344.00016]","[491.37472, 210.33936, 732.3411199999999, 343.78416]"
00234.jpg,0,0,0.9767727845279737,,Large,"[546.0, 286.99992, 729.0003200000001, 354.9996]","[544.6630399999999, 286.735608, 727.5417600000001, 354.700872]"
00235.jpg,1,0,0.943441078636619,,Large,"[235.99999999999997, 64.9998, 397.99936, 160.99956]","[237.81056, 67.22063999999999, 394.52736000000004, 161.16479999999999]"
00235.jpg,0,1,0.8272713624820196,,Large,"[1058.00064, 615.00024, 1210.00064, 691.99992]","[1054.76416, 614.461716, 1208.15296, 681.117804]"
00236.jpg,0,0,0.9490917913331646,,Large,"[1060.0, 615.00024, 1210.0006400000002, 694.00008]","[1057.40224, 616.00896, 1209.1782400000002, 692.66736]"
00236.jpg,1,1,0.8426096376083235,,Small,"[605.99936, 297.0, 656.99968, 319.00032]","[601.637888, 295.495452, 656.420352, 319.29382799999996]"
00237.jpg,0,0,0.9625327218108526,,Large,"[596.99968, 196.99992000000003, 708.99968, 295.99992]","[596.0855039999999, 196.87068, 706.1788159999999, 296.33364]"
00238.jpg,0,0,0.952629358903865,,Small,"[517.00032, 226.00008000000003, 561.0003200000001, 257.0004]","[515.805248, 225.631728, 560.705472, 256.896432]"
00239.jpg,1,1,0.9494288615954829,,Small,"[189.00032000000004, 231.00011999999998, 257.00032, 257.00004]","[189.23648, 230.051808, 256.32384, 257.08291199999996]"
00239.jpg,0,0,0.9234778096552059,,Medium,"[562.00064, 243.00036, 679.00032, 303.00012]","[569.080896, 242.197092, 678.6989440000001, 302.881788]"
00240.jpg,0,0,0.9618423716425776,,Medium,"[473.00016000000005, 285.99984, 555.00048, 337.99968]","[471.9265439999999, 285.125796, 555.023856, 338.474844]"
00241.jpg,0,0,0.9162163664055203,,Medium,"[340.00032, 192.99960000000004, 389.00064000000003, 250.99992]","[339.57432, 194.758272, 388.0692, 249.37228799999997]"
00242.jpg,0,0,0.9583480399041411,,Large,"[361.00032, 236.00015999999997, 481.00032, 317.00016]","[358.73808, 236.88467999999997, 480.01583999999997, 317.39724]"
00243.jpg,0,0,0.9128234172788,,Large,"[309.00048, 153.0, 419.00016, 229.99968]","[308.14176000000003, 155.97108, 414.74976, 229.62924]"
00244.jpg,0,0,0.7639378289501827,,Large,"[571.00032, 112.00032000000002, 771.00032, 225.0]","[577.00736, 129.64824, 783.1103999999999, 223.1028]"
00245.jpg,0,0,0.965067039722206,,Medium,"[667.0003200000001, 82.00008, 758.0006400000001, 142.99992]","[666.6028800000001, 81.91771200000001, 758.6028799999999, 144.43876799999998]"
00246.jpg,0,0,0.9342392754011617,,Medium,"[573.00032, 257.99976000000004, 633.00032, 295.99992]","[570.540928, 258.03572399999996, 631.4789119999999, 296.048916]"
00248.jpg,0,0,0.7592098765786058,,Large,"[246.0, 109.00008, 499.99935999999997, 230.00039999999998]","[204.10368000000003, 120.09852, 490.84159999999997, 229.62852]"
00249.jpg,0,0,0.6531208162818223,,Medium,"[553.0009600000001, 348.99984, 659.0003200000001, 375.99984000000006]","[553.643648, 345.586608, 677.8085120000001, 380.52475200000003]"
00250.jpg,0,0,0.88798908222208,,Medium,"[688.0006400000001, 87.99983999999999, 833.00032, 148.99968]","[687.4336, 87.63346800000001, 828.4601599999999, 154.087812]"
00251.jpg,0,0,0.9539521707992499,,Large,"[596.99968, 199.9998, 780.99968, 268.99956]","[596.21824, 197.832528, 778.8268800000001, 268.96795199999997]"
00252.jpg,0,0,0.8429724132506137,,Small,"[694.9996800000001, 255.00024000000002, 735.99936, 275.0004]","[691.88256, 254.44036799999998, 735.7705599999999, 276.376752]"
00253.jpg,0,0,0.9585558481726533,,Medium,"[482.99968, 181.00007999999997, 579.99936, 232.99991999999997]","[482.77568, 180.68058000000002, 581.79008, 233.82486000000003]"
00254.jpg,0,0,0.9012834196161528,,Small,"[691.00032, 208.99980000000002, 736.0, 234.99972000000002]","[688.115648, 208.96614, 735.725632, 235.9161]"
00255.jpg,0,0,0.8062038492853176,,Tiny,"[686.0000000000001, 216.00036, 710.99968, 233.00028000000003]","[682.7862400000001, 215.16912, 711.6892799999999, 232.56576]"
00256.jpg,0,0,0.9045533756707412,,Medium,"[906.99968, 227.00016, 1006.99968, 292.00032]","[906.786624, 229.017564, 1013.338816, 291.517956]"
00257.jpg,0,0,0.7568907146130461,,Medium,"[786.9996800000001, 156.99996000000002, 912.9990399999999, 216.99972]","[767.79968, 158.90454, 902.2777600000001, 215.70138000000003]"
00258.jpg,0,0,0.792089121863209,,Tiny,"[619.00032, 159.00012, 641.0009600000001, 171.00036]","[617.6474880000001, 157.36679999999998, 641.3221120000001, 171.44568]"
00259.jpg,0,0,0.8794999169613293,,Medium,"[824.00064, 28.000080000000004, 873.00032, 73.00008000000001]","[821.421312, 28.869659999999996, 871.1713280000001, 73.966068]"
00260.jpg,0,0,0.9754255970232353,,Large,"[762.9996799999999, 188.00028000000003, 955.99936, 295.0002]","[762.68032, 188.11620000000002, 954.40384, 296.50428]"
00261.jpg,0,0,0.931632854758551,,Medium,"[642.0, 426.9996, 740.00064, 466.99992]","[640.9434879999999, 426.34486799999996, 740.609152, 468.56329200000005]"
00262.jpg,0,0,0.8316380222902239,,Medium,"[930.0, 353.00016, 1004.0006399999999, 400.00031999999993]","[925.835904, 355.58118, 999.767936, 400.85802]"
00263.jpg,0,0,0.9369534020714669,,Large,"[505.00095999999996, 1.000079999999991, 699.00032, 102.00023999999999]","[498.86848, -7.19999999920784e-05, 703.2511999999999, 102.319848]"
00265.jpg,0,0,0.952562018306791,,Medium,"[415.00032, 146.00016000000002, 495.00032, 189.0]","[414.46118399999995, 145.871352, 494.274816, 190.31680799999998]"
00266.jpg,0,0,0.9244593179746673,,Large,"[571.00032, 129.99996, 737.0009600000001, 227.99988000000002]","[570.89536, 129.08447999999999, 733.0432000000001, 223.71264]"
00267.jpg,0,0,0.8360626944237584,,Large,"[174.99968, 231.00011999999998, 983.99936, 414.00036]","[203.44767999999993, 224.54856, 930.3635199999999, 422.76744]"
00268.jpg,0,0,0.9163368210078399,,Large,"[532.99968, 182.99987999999996, 1100.99968, 435.99996000000004]","[546.864, 176.52384, 1110.19584, 430.42895999999996]"
00269.jpg,0,0,0.7834201638849944,,Large,"[226.00064, 300.99996000000004, 687.0003199999999, 452.9998800000001]","[261.26848, 298.233, 676.45696, 435.38651999999996]"
00270.jpg,0,0,0.8973713707667748,,Large,"[299.99999999999994, 111.9996, 930.00064, 374.99976]","[338.0319999999999, 113.25456000000001, 942.48768, 381.132]"
00271.jpg,0,0,0.8937363022740346,,Large,"[433.00031999999993, 291.99996, 901.00032, 689.00004]","[431.47456000000005, 279.25092, 937.69024, 689.91948]"
00272.jpg,0,0,0.8164804833953325,,Large,"[839.0003200000001, 364.99968000000007, 962.00064, 458.99999999999994]","[845.2188160000001, 365.9637599999999, 955.4723839999999, 468.07992]"
00273.jpg,0,0,0.8907497838886447,,Large,"[834.9996800000001, 474.00012000000004, 1053.00032, 576.00036]","[854.7712, 473.87016, 1050.30144, 576.6588]"
00274.jpg,0,0,0.9584953567696971,,Large,"[720.9996799999999, 384.99984, 951.00032, 510.99984000000006]","[715.25632, 386.08596000000006, 951.12448, 509.88347999999996]"
00275.jpg,0,0,0.7135460374673657,,Large,"[455.00032000000004, 290.99987999999996, 708.0, 431.99963999999994]","[483.82464, 299.33064, 676.8998399999999, 433.16711999999995]"
00276.jpg,0,0,0.9517712327311899,,Small,"[658.0, 362.9998800000001, 705.0003199999999, 399.99996]","[656.467712, 362.907612, 705.490688, 400.178628]"
00277.jpg,0,0,0.8875727788541984,,Small,"[656.99968, 408.99996000000004, 692.0, 434.99988]","[654.5990400000001, 407.856744, 692.16832, 434.84997599999997]"
00278.jpg,0,0,0.8016975028208737,,Small,"[692.0, 362.00016000000005, 720.99968, 384.99984]","[690.2396799999999, 362.54476800000003, 724.7593599999999, 384.304032]"
00279.jpg,0,0,0.8876240093896992,,Medium,"[551.00032, 309.99996, 655.0003200000001, 392.00004]","[558.978944, 307.3554, 655.195776, 392.74956]"
00280.jpg,0,0,0.9030292078305853,,Medium,"[705.00096, 376.99992, 795.0003199999999, 451.00007999999997]","[700.0963200000001, 376.00307999999995, 797.76736, 451.51308]"
00281.jpg,0,0,0.9527764987395154,,Medium,"[541.0003200000001, 357.0001199999999, 642.9996800000001, 425.99987999999996]","[542.098176, 356.386248, 645.350144, 426.423672]"
00282.jpg,0,0,0.9087512842511863,,Large,"[648.99968, 400.99968, 764.0, 490.99968]","[653.885184, 399.87612, 767.2527359999999, 489.85236000000003]"
00283.jpg,0,0,0.9439106994626999,,Large,"[738.99968, 111.00024, 1038.99968, 271.00008]","[739.71264, 117.90900000000002, 1038.06656, 269.7678]"
00284.jpg,0,0,0.8727382519929545,,Medium,"[822.9996800000001, 133.99992, 954.9996799999999, 192.9996]","[817.04384, 132.610536, 960.24384, 194.92610399999998]"
00285.jpg,0,0,0.8584889135263071,,Large,"[570.99968, 265.00032, 725.0003200000001, 368.99999999999994]","[556.2540799999999, 263.27448, 731.89696, 369.49032]"
00286.jpg,0,0,0.7916003449746112,,Large,"[446.99968, 251.99964, 735.99936, 407.99987999999996]","[483.5161599999999, 251.36352000000002, 714.51008, 407.00304000000006]"
00287.jpg,0,0,0.8684368217112,,Large,"[480.0, 86.00040000000001, 880.0, 318.00024]","[513.04384, 87.96815999999998, 864.528, 318.85776]"
00288.jpg,0,0,0.914258483483725,,Medium,"[394.99968, 433.00044, 550.99968, 475.0002]","[392.84288, 432.55281599999995, 546.56704, 476.63582399999996]"
00289.jpg,0,0,0.9498346096781421,,Large,"[822.9996799999999, 200.99952000000002, 958.0, 276.99984]","[823.6012800000001, 202.26059999999998, 959.4566399999999, 278.51939999999996]"
00290.jpg,0,0,0.780152165405145,,Medium,"[911.00032, 201.9996, 973.00096, 232.99991999999997]","[905.282816, 202.74620399999998, 966.968064, 234.221796]"
00291.jpg,0,0,0.9563402127474888,,Large,"[522.0, 11.99951999999999, 1174.0, 294.99984]","[521.2870399999999, 5.273279999999998, 1164.60096, 296.73072]"
00292.jpg,0,0,0.930671022159947,,Large,"[419.00032, 171.99972, 814.00064, 332.99964]","[414.49600000000004, 163.47996, 814.9388799999999, 334.12212]"
00293.jpg,0,0,0.9666854720939155,,Large,"[294.00064000000003, 102.99959999999999, 784.0, 331.99992]","[292.64256, 104.75135999999999, 791.1974399999999, 334.07568000000003]"
00294.jpg,0,0,0.8100199414005963,,Large,"[359.00032, 215.99963999999997, 804.0, 360.99972]","[370.34304, 211.24943999999996, 807.5948800000001, 385.02432]"
00295.jpg,0,0,0.917612680550491,,Large,"[470.99967999999996, 178.99991999999997, 818.99968, 336.00024]","[467.96223999999995, 169.98048, 824.4716800000001, 336.99312000000003]"
00296.jpg,0,0,0.9706317001064079,,Large,"[334.0, 179.99999999999997, 747.99936, 380.00016]","[334.83968000000004, 175.89600000000002, 746.04608, 380.58912000000004]"
00297.jpg,0,0,0.9450785760757889,,Large,"[526.0000000000001, 280.00007999999997, 886.99968, 397.00008]","[541.63328, 280.16315999999995, 885.62816, 396.2034]"
00298.jpg,0,0,0.9744993792192683,,Large,"[428.0, 181.00008000000003, 1028.0, 446.99976]","[428.21184000000005, 178.50419999999997, 1026.672, 450.78012]"
00299.jpg,0,0,0.7633325897375333,,Large,"[325.00095999999996, 176.00039999999998, 839.00032, 496.00007999999997]","[364.36608000000007, 202.3974, 796.69376, 500.18148]"
00300.jpg,0,0,0.8651548237646337,,Large,"[494.0, 216.0, 760.00064, 373.99968]","[515.456, 215.29332000000002, 747.0054400000001, 374.41116]"
00301.jpg,0,0,0.850407835663757,,Large,"[320.00000000000006, 276.99983999999995, 968.0000000000001, 564.99984]","[355.05920000000003, 262.962, 939.5583999999999, 570.33432]"
00302.jpg,0,0,0.6851538529946379,,Large,"[588.9996800000001, 121.99967999999998, 808.0000000000001, 242.99999999999997]","[586.52992, 123.33959999999999, 811.81888, 291.80952]"
00303.jpg,0,0,0.7057141250587962,,Large,"[575.99936, 209.99988000000005, 833.9999999999999, 321.00012]","[572.34112, 206.85168000000004, 832.3641600000001, 361.22832]"
00304.jpg,0,0,0.8659449776394016,,Large,"[543.99936, 257.0004, 854.9996799999999, 399.0002400000001]","[567.3011200000001, 254.51712000000003, 842.74432, 400.16880000000003]"
00305.jpg,0,0,0.8882164906506541,,Large,"[623.00032, 219.99960000000002, 938.0006400000001, 367.99992]","[616.09792, 215.39591999999996, 920.5600000000002, 369.76679999999993]"
00306.jpg,0,0,0.7765727749807226,,Large,"[612.0, 153.00036, 948.0, 269.00028]","[645.9436800000001, 148.35672, 977.2832, 272.646]"
00307.jpg,0,0,0.9195931942863225,,Large,"[628.99968, 283.99968, 910.9990400000002, 393.99984]","[628.37568, 282.63779999999997, 893.58016, 394.74972]"
00308.jpg,0,0,0.9152443990427934,,Large,"[358.99968, 192.99996, 551.9993599999999, 277.00019999999995]","[350.06399999999996, 191.32668, 555.83552, 277.40916]"
00309.jpg,0,0,0.7614053187866536,,Large,"[753.99936, 236.99988, 1040.0, 359.99964]","[814.5484799999999, 234.40392, 1036.81536, 360.67751999999996]"
00310.jpg,0,0,0.8930829208484543,,Large,"[713.00032, 230.00004, 906.0000000000001, 289.9998]","[710.9215999999999, 228.16033199999998, 908.1401599999999, 293.905908]"
00311.jpg,0,0,0.9826622125261923,,Medium,"[779.0003200000001, 100.9998, 862.00064, 160.99956]","[779.0786560000001, 100.270152, 862.2960639999999, 160.944408]"
00312.jpg,0,0,0.8292296279889019,,Large,"[470.99968, 292.00032, 804.99904, 499.00031999999993]","[468.24064, 318.32964, 804.7654399999999, 491.28587999999996]"
00313.jpg,0,0,0.9596230657898273,,Large,"[498.99968, 283.99967999999996, 670.99968, 438.99984]","[496.6752, 284.92740000000003, 668.2886400000001, 439.94412]"
00314.jpg,0,0,0.9071300841247248,,Medium,"[615.00032, 313.0002, 669.0009599999998, 359.00028]","[612.256192, 312.522624, 669.909568, 360.019296]"
00315.jpg,0,0,0.9625188358441825,,Medium,"[610.00064, 331.99992, 671.00032, 372.99960000000004]","[608.61984, 331.66764, 671.33664, 372.89988]"
00318.jpg,0,0,0.9611247539642096,,Large,"[541.99936, 217.99980000000002, 704.9996799999999, 353.99988]","[539.11808, 216.1908, 704.8243200000001, 355.08743999999996]"
00319.jpg,0,0,0.9607440608394195,,Large,"[490.0, 241.00019999999998, 734.0, 375.00012]","[495.85984, 242.71020000000004, 733.64416, 374.81508]"
00320.jpg,0,0,0.9376281520032239,,Large,"[693.00032, 122.99976000000001, 954.9996800000001, 307.00008]","[706.66112, 123.1812, 955.04, 305.22312]"
00321.jpg,0,0,0.8829061940563766,,Large,"[616.9996799999999, 272.00016, 917.9993599999999, 436.00032]","[615.25376, 272.60712, 890.7328, 439.66152]"
00322.jpg,0,0,0.8311411995159251,,Large,"[541.99936, 177.00012, 712.9996800000001, 250.0002]","[538.96, 173.28888, 711.7919999999999, 259.06536]"
00323.jpg,0,0,0.949665555137006,,Large,"[560.99968, 79.0002, 692.0, 199.00044]","[558.80384, 76.72932, 693.3535999999999, 199.75644]"
00324.jpg,0,0,0.9153285786308518,,Medium,"[530.0, 179.99999999999997, 593.00032, 240.99983999999998]","[528.089408, 177.7122, 592.110272, 241.51788]"
00325.jpg,0,0,0.71899920070848,,Medium,"[387.00032, 371.99988, 488.00000000000006, 402.0001199999999]","[394.723136, 363.41992799999997, 488.187584, 402.58231200000006]"
00326.jpg,0,0,0.9619762741110061,,Medium,"[537.00032, 273.00023999999996, 632.0006400000001, 325.00007999999997]","[536.4712959999999, 271.80774, 632.3453440000001, 325.37034]"
00327.jpg,0,0,0.9518091612151118,,Large,"[537.9993599999999, 362.99987999999996, 649.9993599999999, 460.99980000000005]","[536.941312, 361.46412000000004, 651.2852479999999, 462.3152400000001]"
00328.jpg,0,0,0.7323337981667367,,Small,"[707.99936, 191.99951999999996, 738.99968, 213.99983999999998]","[705.1497599999999, 190.918512, 742.2896000000001, 215.993808]"
00329.jpg,0,0,0.84442503881478,,Small,"[594.9996799999999, 253.00044000000003, 632.9990399999999, 277.00019999999995]","[593.04512, 251.371224, 633.8783999999999, 277.820136]"
00330.jpg,0,0,0.9161099704689827,,Medium,"[757.0003200000001, 136.99980000000002, 849.00032, 189.99972000000002]","[754.545792, 135.424152, 850.9966079999999, 190.607688]"
00331.jpg,0,0,0.8576558447879105,,Small,"[684.00064, 176.99976, 725.0003199999999, 210.99960000000002]","[680.802752, 176.75737199999998, 726.326848, 212.46022799999997]"
00332.jpg,0,0,0.8865140686700081,,Small,"[861.9999999999999, 260.99964, 907.99936, 290.99987999999996]","[860.774144, 260.02342799999997, 909.601536, 291.904092]"
00333.jpg,0,0,0.8859376177999171,,Small,"[704.9996799999999, 152.99964, 741.99936, 182.99988000000002]","[703.143552, 154.22691600000002, 742.270848, 182.231964]"
00334.jpg,0,0,0.9258888566545451,,Medium,"[662.9996800000001, 315.00035999999994, 777.0003199999999, 384.00012000000004]","[662.076864, 315.004248, 777.692736, 379.73959199999996]"
00335.jpg,0,0,0.9371746504568471,,Large,"[594.99904, 310.99968, 760.99968, 402.99984000000006]","[592.3219200000001, 310.03092, 759.3990400000001, 400.34556000000003]"
00336.jpg,0,0,0.9211390280492164,,Large,"[602.9996800000001, 363.00024, 827.99936, 489.0002400000001]","[598.9817600000001, 358.30584, 828.0620799999999, 492.6564]"
00337.jpg,0,0,0.9576905814773576,,Large,"[712.9996800000001, 343.00008, 944.9996799999999, 473.0004]","[713.6160000000001, 344.86668, 942.8832, 475.245]"
00338.jpg,0,0,0.8740543177010275,,Large,"[578.00064, 298.9998, 831.00032, 425.99987999999996]","[577.2940800000001, 298.44792, 803.0118400000001, 427.54536]"
00339.jpg,0,0,0.8888721815186863,,Large,"[580.0, 204.00011999999998, 831.00032, 338.00004]","[578.61184, 204.99948, 806.36608, 337.79411999999996]"
00340.jpg,0,0,0.9703340971121637,,Large,"[118.00064, 86.0004, 352.0, 219.00023999999996]","[117.43104, 88.64208, 350.83135999999996, 219.35664]"
00341.jpg,0,0,0.8687164806369115,,Small,"[640.99968, 323.99964, 685.99936, 353.99988]","[638.384896, 323.195256, 685.9773440000001, 355.81802400000004]"
00342.jpg,0,0,0.8682284988691059,,Medium,"[701.9999999999999, 332.00028000000003, 781.00032, 403.0002]","[696.6666880000001, 330.30324, 782.240192, 405.79740000000004]"
00343.jpg,0,0,0.7176863060036772,,Medium,"[560.00064, 221.99975999999998, 652.00064, 250.99992]","[556.49536, 220.53650400000004, 653.9136000000001, 258.696936]"
00344.jpg,0,0,0.9192792224623839,,Medium,"[580.99968, 315.99972, 649.9993599999999, 352.99980000000005]","[578.611712, 315.195624, 651.365888, 353.367576]"
00345.jpg,0,0,0.9543949876409165,,Medium,"[941.9999999999999, 280.9998, 1010.0, 335.99988]","[941.0766719999999, 279.955764, 1009.935168, 335.255436]"
00346.jpg,0,0,0.975497342791995,,Large,"[451.00032, 330.99984, 616.0, 432.00000000000006]","[448.93888000000004, 330.24636, 616.57664, 431.84484]"
00347.jpg,0,0,0.920646642057952,,Large,"[527.9993599999999, 253.00007999999997, 662.9996799999999, 390.00024]","[527.5488, 255.66012, 662.416, 397.84788]"
00348.jpg,0,0,0.9720757303325821,,Large,"[493.00032, 454.00031999999993, 646.0, 540.0]","[491.34208, 453.85308, 644.4096000000001, 540.47124]"
00349.jpg,0,0,0.8923816433642741,,Large,"[586.99968, 242.99964, 698.0, 326.99987999999996]","[595.325504, 242.99928, 695.1167360000001, 327.69431999999995]"
00350.jpg,0,0,0.9657313330941452,,Large,"[556.99968, 491.00003999999996, 708.99968, 593.00028]","[557.9648, 489.55139999999994, 708.07552, 593.8873199999999]"
00352.jpg,0,0,0.9755708672772153,,Large,"[698.0, 398.00016, 833.00032, 495.0]","[698.14336, 397.79712, 831.8892800000001, 496.31616]"
00353.jpg,0,0,0.9292901370952599,,Medium,"[580.00064, 380.99987999999996, 669.00032, 460.99979999999994]","[577.102784, 379.9638, 669.548096, 462.84227999999996]"
00354.jpg,0,0,0.9291946882030421,,Medium,"[619.99936, 463.99968, 679.99936, 522.0000000000001]","[617.97984, 463.82381999999996, 678.6012799999999, 522.82674]"
00355.jpg,0,0,0.8519180494003286,,Large,"[541.00032, 77.00004000000001, 641.00032, 258.00012]","[538.676416, 90.17891999999999, 642.668864, 266.93532]"
00356.jpg,0,0,0.7842935316050624,,Large,"[583.00032, 288.0, 716.0000000000001, 368.99999999999994]","[589.43584, 286.760736, 716.4867199999999, 355.938624]"
00357.jpg,0,0,0.8625697175769576,,Small,"[553.00032, 409.99967999999996, 597.00032, 445.99968]","[551.74144, 409.6229400000001, 600.62208, 447.19146]"
00358.jpg,0,0,0.8942173248909325,,Small,"[666.0, 384.99984, 711.99936, 425.00016]","[663.0229759999999, 386.01738000000006, 711.868544, 425.89206]"
00359.jpg,0,0,0.9482793440844339,,Medium,"[840.0006400000001, 306.0, 921.00032, 368.99999999999994]","[838.5852160000001, 304.534836, 921.081984, 369.76532399999996]"
00360.jpg,0,0,0.9461276622809759,,Large,"[509.00032, 276.99984, 630.0, 396.00000000000006]","[506.62201600000003, 279.15479999999997, 630.560704, 397.62071999999995]"
00361.jpg,0,0,0.9468970051903367,,Large,"[632.99904, 176.99975999999998, 746.9996800000001, 289.00008]","[634.3130239999999, 179.72784000000001, 745.381056, 289.44288]"
00362.jpg,0,0,0.96501359942854,,Medium,"[931.00032, 305.00028, 1035.00032, 376.0002]","[928.775232, 305.29674, 1034.673088, 376.51446000000004]"
00363.jpg,0,0,0.8626236035386727,,Large,"[360.0, 304.99956, 544.0, 451.9998]","[341.16928, 302.54256, 546.8742399999999, 454.97231999999997]"
00364.jpg,0,0,0.5295816122134551,,Large,"[698.0, 244.00008, 897.0003200000001, 473.0004]","[696.0255999999999, 246.25475999999998, 1069.70624, 472.87692]"
00365.jpg,0,0,0.9680928922016035,,Large,"[762.9996799999999, 0.9997200000000006, 891.9993599999999, 98.99964]","[760.4384, 7.200000000207041e-05, 891.71904, 98.953272]"
00366.jpg,0,0,0.9379389512742007,,Large,"[579.00032, 311.99976000000004, 849.0009600000001, 502.9999200000001]","[584.3078399999999, 314.86644, 856.0735999999999, 503.7058799999999]"
00367.jpg,0,0,0.7948746086042774,,Large,"[530.9996799999999, 114.99984000000002, 803.99936, 321.99984]","[534.27584, 120.06935999999999, 851.54432, 313.7436]"
00368.jpg,0,0,0.9420383082724554,,Large,"[526.0, 88.99992, 747.99936, 266.99976]","[523.3216, 84.83040000000001, 742.50112, 266.99183999999997]"
00370.jpg,0,0,0.8551273685521363,,Large,"[425.99936, 315.99971999999997, 736.0, 435.99995999999993]","[422.4140799999999, 314.1468, 748.24832, 447.65784]"
00371.jpg,0,0,0.9468187832483718,,Medium,"[966.99904, 254.99952, 1084.99968, 321.99984]","[966.37024, 253.17280799999997, 1085.0089600000001, 323.555832]"
00372.jpg,0,0,0.9193381891856641,,Medium,"[472.99968, 395.99964, 604.0, 452.99987999999996]","[472.6336, 394.064604, 608.6848, 453.764196]"
00373.jpg,0,0,0.9103779462980617,,Large,"[520.99968, 144.0, 676.0, 288.0]","[514.55936, 141.08831999999998, 677.2409600000001, 291.79584]"
00374.jpg,0,0,0.9685288673876765,,Large,"[379.00032, 105.00012000000001, 632.0, 286.0002]","[376.32448000000005, 104.42520000000002, 633.6441599999999, 288.1692]"
00375.jpg,0,0,0.9030476364286905,,Medium,"[1050.0, 108.0, 1185.00032, 166.00032000000002]","[1046.96512, 107.333496, 1186.19712, 169.608744]"
00376.jpg,0,0,0.9892335123968038,,Large,"[652.0, 107.00028, 925.99936, 261.00036]","[651.72352, 107.24076000000001, 926.9952, 261.71604]"
00377.jpg,0,0,0.7286264665195461,,Small,"[711.0, 354.00023999999996, 774.0, 386.00064]","[716.1888240000001, 354.42176399999994, 774.617256, 380.030076]"
00378.jpg,0,0,0.9565083302426985,,Medium,"[1407.99936, 275.99994, 1577.9999999999998, 343.99998]","[1407.369888, 275.587488, 1576.648032, 342.196272]"
00379.jpg,0,0,0.9095292728024984,,Medium,"[1106.0006400000002, 9.00018, 1250.00064, 70.99974]","[1107.7791359999999, 13.326119999999996, 1251.1482239999998, 71.16854400000001]"
00380.jpg,0,0,0.7863184281813351,,Medium,"[838.99968, 0.9995399999999992, 944.99904, 45.999900000000004]","[817.2888, 0.0, 947.1335999999999, 46.719288]"
00381.jpg,0,0,0.9324133866663084,,Large,"[48.99936, 209.00052, 258.99936, 314.00028000000003]","[49.648895999999986, 210.240792, 248.161536, 314.205048]"
00382.jpg,0,0,0.975946215119075,,Large,"[597.0000000000001, 357.99947999999995, 847.99968, 469.9998]","[596.3481600000001, 358.69554, 846.90816, 468.75942]"
00383.jpg,0,0,0.9752184490304319,,Medium,"[1591.00032, 353.00016, 1773.0009599999998, 437.0004]","[1590.969024, 351.930258, 1772.0300160000002, 436.41574199999997]"
00384.jpg,0,0,0.9495133240298603,,Medium,"[1606.99872, 237.99960000000002, 1753.99968, 295.99992]","[1606.43952, 236.736216, 1752.5006399999997, 295.051464]"
00385.jpg,0,0,0.8673946586819432,,Medium,"[1128.0, 212.99976, 1250.9990400000002, 270.0]","[1120.925472, 212.638446, 1249.817568, 274.22339400000004]"
00386.jpg,0,0,0.893324591647439,,Tiny,"[1121.00064, 328.00032000000004, 1161.0, 351.0]","[1120.6591680000001, 329.06277, 1160.408352, 350.08011]"
00387.jpg,0,0,0.8609989777627434,,Small,"[1578.0, 392.00004, 1633.0003199999999, 415.9998]","[1577.640768, 392.51546999999994, 1628.056512, 415.36125000000004]"
00388.jpg,0,0,0.9769194833703702,,Tiny,"[1209.99936, 540.0, 1257.9993599999998, 560.9995200000001]","[1209.7276800000002, 539.84799, 1258.12128, 561.16881]"
00389.jpg,0,0,0.8435599726275094,,Medium,"[763.0003200000001, 557.00028, 856.0012800000001, 608.0000400000001]","[764.4767039999999, 557.521326, 852.0135359999999, 603.2281139999999]"
00390.jpg,0,0,0.8743843177650946,,Tiny,"[1018.99872, 747.9999, 1074.99936, 766.00026]","[1019.0754239999999, 747.467298, 1076.412576, 767.522142]"
00391.jpg,0,0,0.7536435482827601,,Small,"[1428.0009599999998, 559.9999799999999, 1523.00064, 598.99986]","[1428.70128, 557.710596, 1542.6216, 600.306444]"
00392.jpg,0,0,0.9037405331915306,,Small,"[1384.00032, 479.00052, 1443.0, 502.00019999999995]","[1383.206976, 477.93321, 1443.689664, 502.75863]"
00393.jpg,0,0,0.9391043934446849,,Tiny,"[616.9996799999999, 462.99978000000004, 662.99904, 480.00006]","[618.458496, 463.38312600000006, 662.780544, 480.050874]"
00394.jpg,0,0,0.8497870419054203,,Tiny,"[1036.00032, 363.99942000000004, 1075.00128, 381.99978]","[1033.582752, 362.307222, 1075.460448, 381.966138]"
00395.jpg,0,0,0.8699960490038662,,Tiny,"[921.0, 525.00042, 960.99936, 540.00054]","[920.183712, 524.3493960000001, 959.200608, 539.513244]"
00396.jpg,0,0,0.9224918267201702,,Small,"[901.99968, 568.00008, 958.00032, 591.99984]","[899.685216, 567.7995239999999, 957.311904, 591.515676]"
00397.jpg,0,0,0.9074504790272044,,Small,"[1502.00064, 572.0004, 1560.0, 600.0004799999999]","[1500.938304, 572.7353400000001, 1558.9964159999997, 601.02594]"
00398.jpg,0,0,0.8539373377926448,,Small,"[1226.9990400000002, 511.99992, 1288.99968, 538.99992]","[1229.31456, 512.644464, 1288.4352, 536.823936]"
00399.jpg,0,0,0.9008364362370759,,Small,"[1446.0, 425.99952, 1508.00064, 455.99976]","[1444.239456, 427.24670399999997, 1507.8258239999998, 456.986016]"
00400.jpg,0,0,0.9216233264079777,,Small,"[679.99968, 180.9999, 741.0, 214.99937999999997]","[676.723584, 181.441836, 740.301696, 214.810164]"
00401.jpg,0,0,0.8887375992782279,,Medium,"[762.9993599999999, 759.9997799999999, 857.99904, 807.0003]","[762.014688, 763.9050600000002, 857.029152, 806.5035]"
00402.jpg,0,0,0.9316507803050948,,Small,"[543.99936, 835.0003800000001, 625.00032, 873.00018]","[547.0133759999999, 835.121394, 622.827264, 872.946126]"
00403.jpg,0,0,0.8766631679919922,,Small,"[1090.99968, 656.99964, 1145.9999999999998, 683.9996399999999]","[1088.368128, 658.440198, 1145.475072, 683.395002]"
00404.jpg,0,0,0.9370874336718941,,Small,"[992.9990399999999, 473.00004, 1059.99936, 505.00044]","[992.073024, 472.439196, 1061.758656, 504.72536399999996]"
00405.jpg,0,0,0.9493977135468258,,Small,"[948.9993600000001, 618.0002999999999, 1031.9990400000002, 653.99994]","[948.8355839999999, 617.495292, 1033.5912959999998, 654.628068]"
00406.jpg,0,0,0.951968282882798,,Medium,"[848.99904, 569.9996999999998, 1004.99904, 637.99974]","[848.3333759999999, 570.7675800000001, 1002.3968639999999, 639.1737]"
00407.jpg,0,0,0.9091804906139943,,Large,"[1055.00064, 558.9999, 1299.0000000000002, 658.0002599999999]","[1065.00864, 559.17729, 1292.1753600000002, 660.35871]"
00408.jpg,0,0,0.8949274376359332,,Small,"[587.9999999999999, 523.00026, 686.00064, 564.0003]","[581.821824, 524.1963599999999, 685.316736, 564.6229199999999]"
00409.jpg,0,0,0.9312191096640334,,Medium,"[877.00128, 849.99996, 994.00032, 897.99948]","[874.334016, 851.895414, 993.5495040000001, 897.7434660000001]"
00410.jpg,0,0,0.9189067045342851,,Medium,"[1029.99936, 598.99986, 1137.9993599999998, 640.9999799999999]","[1022.712576, 598.777056, 1137.575424, 640.5510240000001]"
00411.jpg,0,0,0.8642143079942858,,Small,"[922.99872, 652.00032, 990.99936, 677.0001599999999]","[925.325376, 652.634712, 988.1159040000001, 678.119688]"
00412.jpg,0,0,0.9399767956755459,,Small,"[1623.0, 598.00032, 1691.0006400000002, 627.00048]","[1622.958912, 598.239, 1690.404288, 628.3234800000001]"
00413.jpg,0,0,0.8768487453100811,,Small,"[690.0, 759.00078, 764.99904, 793.00026]","[687.671328, 760.742982, 762.9693120000001, 792.266778]"
00414.jpg,0,0,0.8559487949920238,,Small,"[1608.9993599999998, 661.9995000000001, 1698.9993599999998, 703.99962]","[1597.209216, 661.43655, 1699.1082239999998, 703.15209]"
00415.jpg,0,0,0.9594012779556301,,Medium,"[1117.9996800000001, 684.99972, 1253.99904, 733.9993199999999]","[1118.889792, 684.9531179999999, 1252.198848, 735.037362]"
00416.jpg,0,0,0.9460100488010864,,Medium,"[313.99968, 252.99972, 427.99968, 301.99932]","[314.94892799999997, 253.8729, 425.706432, 301.58406]"
00417.jpg,0,0,0.9473371877459759,,Medium,"[1120.99968, 684.99972, 1238.99904, 737.9996400000001]","[1120.1273279999998, 686.4305579999999, 1237.068192, 738.165042]"
00418.jpg,0,0,0.9575037530623336,,Medium,"[1167.0, 484.99992000000003, 1290.99936, 543.0002400000001]","[1167.386976, 483.39460799999995, 1289.560224, 543.102192]"
00419.jpg,0,0,0.8890079578067681,,Small,"[575.9990399999999, 668.00052, 643.99968, 692.00028]","[575.17488, 666.648468, 645.68784, 692.682732]"
00420.jpg,0,0,0.9388004797883814,,Tiny,"[978.9993599999999, 659.0003399999999, 1020.99936, 675.00054]","[978.9389759999998, 659.05083, 1019.9269439999999, 675.54621]"
00421.jpg,0,0,0.8481775911074584,,Small,"[853.99968, 625.00032, 905.9990399999999, 656.0006400000001]","[852.433248, 627.0148439999999, 906.5133119999999, 654.232356]"
00422.jpg,0,0,0.8934692394205502,,Small,"[945.0000000000001, 575.9996399999999, 1015.9996800000001, 609.0001199999999]","[942.1769280000001, 575.0541000000001, 1014.0035520000001, 608.4012600000001]"
00423.jpg,0,0,0.7149927529110733,,Small,"[1006.00032, 721.00044, 1062.0009599999998, 744.0001199999999]","[1002.2383680000002, 722.652354, 1062.422112, 748.897326]"
00424.jpg,0,0,0.8106483201157474,,Medium,"[91.00128000000001, 682.99956, 208.00032, 734.9994]","[89.895168, 680.60628, 224.32780799999998, 736.43364]"
00425.jpg,0,0,0.8616741302402451,,Small,"[259.99872, 505.99998, 340.99968, 543.99978]","[256.88976, 506.44305, 336.22512, 542.50479]"
00426.jpg,0,0,0.9008814612137461,,Tiny,"[794.99904, 656.0001, 837.99936, 675.00054]","[792.357312, 655.68204, 837.204288, 674.80452]"
00427.jpg,0,0,0.8292621814449624,,Tiny,"[952.00032, 521.0001000000001, 991.99968, 541.00062]","[949.120032, 522.43299, 993.5974080000001, 541.28061]"
00428.jpg,0,0,0.8720708232550639,,Small,"[1290.0009599999998, 409.00032000000004, 1347.0, 439.00056]","[1286.2953599999998, 409.15103400000004, 1351.0204800000001, 439.16088599999995]"
00429.jpg,0,0,0.9344087340887636,,Small,"[1204.00032, 554.00004, 1270.00032, 582.0001199999999]","[1202.978112, 554.751018, 1270.838208, 582.3831419999999]"
00430.jpg,0,0,0.9002172501556369,,Small,"[1561.00128, 706.00032, 1625.00064, 735.00048]","[1557.074976, 705.507462, 1626.407904, 734.7438179999999]"
00431.jpg,0,0,0.8314107794732907,,Tiny,"[1067.00064, 785.9997, 1109.0006400000002, 805.0001399999999]","[1063.4046720000001, 785.190348, 1107.5047679999998, 804.476772]"
00432.jpg,0,0,0.94380842439381,,Small,"[1167.0, 665.00028, 1233.0, 698.00076]","[1165.6796160000001, 664.436574, 1232.930304, 698.681106]"
00433.jpg,0,0,0.810858916198305,,Small,"[1393.99968, 874.9998, 1450.99872, 902.99988]","[1397.628576, 873.931194, 1456.9352640000002, 902.709846]"
00434.jpg,0,0,0.9703405707734191,,Small,"[1384.0003199999999, 768.00042, 1455.0, 802.99998]","[1384.5078720000001, 767.7092519999999, 1454.7190079999998, 802.625868]"
00435.jpg,0,0,0.9778456041143582,,Medium,"[1217.99904, 756.9995400000001, 1321.9996800000001, 800.99982]","[1217.760192, 756.5010120000001, 1322.395968, 800.7769079999999]"
00436.jpg,0,0,0.8015912654736284,,Tiny,"[744.0, 649.9996199999999, 765.9993599999999, 661.9995000000001]","[743.218848, 650.9630880000001, 767.1990720000001, 662.710032]"
00437.jpg,0,0,0.9828505016464939,,Small,"[1394.99904, 399.99960000000004, 1476.0, 429.99984]","[1395.0689280000001, 399.633318, 1475.818752, 430.063722]"
00438.jpg,0,0,0.9264237293177591,,Small,"[1119.00096, 497.99988, 1177.00032, 519.99948]","[1119.25056, 497.38784400000003, 1178.31744, 520.512156]"
00439.jpg,0,0,0.9751448620106457,,Small,"[1129.00128, 474.99966, 1217.00064, 513.99954]","[1129.6814399999998, 475.021692, 1216.9464, 514.642788]"
00440.jpg,0,0,0.9141185291769466,,Small,"[1179.99936, 265.00014, 1268.99904, 298.99962]","[1183.903296, 263.701926, 1268.712384, 299.21567400000004]"
00441.jpg,0,0,0.875636388855998,,Tiny,"[1013.0006400000001, 673.00038, 1050.00096, 689.00058]","[1010.70624, 672.773796, 1049.39232, 689.7110040000001]"
00442.jpg,0,0,0.8888735939999285,,Small,"[1561.00032, 594.99954, 1614.0, 615.0000600000001]","[1560.889344, 594.1842479999999, 1613.2584960000002, 613.791432]"
00443.jpg,0,0,0.9006996826446737,,Small,"[178.00032, 554.0000399999999, 229.99967999999998, 574.99956]","[175.645152, 553.1775660000001, 229.72060800000003, 575.368434]"
00444.jpg,0,0,0.9685612956911803,,Small,"[1430.00064, 571.0003200000001, 1497.00096, 599.0003999999999]","[1429.063296, 571.032828, 1498.118784, 598.983012]"
00445.jpg,0,0,0.9116197094121936,,Small,"[1257.0, 666.0003600000001, 1330.00032, 694.0004399999999]","[1258.942656, 666.8515080000001, 1328.495424, 694.393452]"
00446.jpg,0,0,0.9493044550398276,,Medium,"[678.99936, 901.0002599999999, 871.9996799999999, 972.00054]","[678.15552, 901.27485, 870.6470400000001, 969.43635]"
00447.jpg,0,0,0.943429947923856,,Small,"[489.0009600000001, 584.00028, 530.00064, 610.0002]","[488.528256, 584.280702, 530.730624, 610.4930579999999]"
00448.jpg,0,0,0.6782295120858806,,Tiny,"[1193.99904, 680.9999399999999, 1230.99936, 697.00014]","[1189.077888, 678.425922, 1229.903232, 695.5176779999999]"
00449.jpg,0,0,0.9196134525407048,,Small,"[391.99968, 673.99992, 445.99968, 698.9997599999999]","[391.00656000000004, 673.465266, 445.86767999999995, 697.953294]"
00450.jpg,0,0,0.8721151663554793,,Small,"[1385.00064, 572.9999399999999, 1437.0, 607.9995]","[1386.0631680000001, 574.699806, 1435.157952, 609.1119540000001]"
00451.jpg,0,0,0.9119568515484243,,Small,"[517.9996799999999, 578.0003399999999, 583.99968, 617.00022]","[518.474016, 578.19096, 579.412704, 617.3172]"
00452.jpg,0,0,0.6423240905010018,,Small,"[944.0006400000001, 603.99972, 987.0009600000001, 628.99956]","[943.641984, 611.4807719999999, 991.0920959999999, 629.417628]"
00453.jpg,0,0,0.95571191146757,,Small,"[822.00096, 815.0003999999999, 891.0, 844.0005600000001]","[821.453376, 814.4468459999999, 889.992384, 844.122114]"
00454.jpg,0,0,0.9469093994900823,,Small,"[717.0, 760.00032, 792.99936, 792.00072]","[716.9613119999999, 759.024756, 792.5350080000001, 791.4275640000001]"
00455.jpg,0,0,0.9016971343127735,,Small,"[1387.00032, 556.0002000000001, 1440.0, 583.0002]","[1383.8536319999998, 556.25049, 1440.884928, 582.3891899999999]"
00456.jpg,0,0,0.8403889348429209,,Small,"[1854.0, 447.00066000000004, 1921.00032, 482.00021999999996]","[1851.6802559999999, 449.079768, 1919.003904, 480.33367200000004]"
00457.jpg,0,0,0.964150346225225,,Medium,"[603.00096, 306.00072, 690.0, 354.00024]","[601.928736, 305.449056, 688.937184, 354.03350399999994]"
00458.jpg,0,0,0.9690158241602492,,Medium,"[611.9990399999999, 498.99942000000004, 708.99936, 545.99994]","[612.23472, 499.77972, 708.27984, 545.7769199999999]"
00459.jpg,0,0,0.820506049316769,,Tiny,"[962.00064, 672.0002999999999, 993.00096, 683.0001]","[961.0789439999999, 671.8309559999999, 991.710816, 684.370404]"
00460.jpg,0,0,0.8505375765751039,,Tiny,"[1098.9993599999998, 785.9997, 1128.9993599999998, 797.99958]","[1098.006048, 786.2569560000001, 1127.135712, 798.5760839999999]"
00461.jpg,0,0,0.8187180417741158,,Tiny,"[1147.0003199999999, 699.0002999999999, 1183.0003199999999, 713.0003399999999]","[1146.067104, 698.12793, 1181.821536, 711.8660699999999]"
00462.jpg,0,0,0.8148198723272744,,Tiny,"[961.9996799999999, 726.0002999999999, 1003.99968, 742.0005]","[961.0490880000001, 726.17742, 1000.288512, 740.7736199999999]"
00463.jpg,0,0,0.8625482125603215,,Tiny,"[897.0, 667.9999799999999, 924.99936, 683.0001]","[896.1162239999999, 668.2405499999999, 923.717376, 682.19793]"
00464.jpg,0,0,0.7727257609504383,,Tiny,"[805.00032, 732.9997799999999, 836.00064, 743.99958]","[804.461088, 731.778192, 833.7059519999999, 743.2901280000001]"
00465.jpg,0,0,0.8124298769030311,,Tiny,"[752.00064, 725.00022, 788.0006400000001, 739.00026]","[751.510944, 724.5962460000001, 783.928416, 738.324234]"
00466.jpg,0,0,0.7117135800038092,,Tiny,"[728.99904, 580.9995, 752.9990399999999, 594.99954]","[724.3098239999999, 580.7781540000001, 752.577216, 596.976966]"
00467.jpg,0,0,0.8821717992976479,,Tiny,"[657.0000000000001, 604.00026, 689.0006400000001, 622.00062]","[655.270848, 603.779076, 687.5963519999999, 621.6969240000001]"
00468.jpg,0,0,0.9326915607282238,,Small,"[656.00064, 413.99964000000006, 709.0003199999999, 443.99988]","[655.03584, 414.197334, 707.22336, 444.34434600000003]"
00469.jpg,0,0,0.757566090672543,,Tiny,"[834.0, 728.99946, 865.00032, 742.9995]","[834.336288, 727.437726, 860.708832, 742.649634]"
00470.jpg,0,0,0.8223298631421654,,Tiny,"[1258.99968, 484.00038, 1277.9999999999998, 496.00025999999997]","[1258.381152, 484.209738, 1279.255968, 497.0696219999999]"
00471.jpg,0,0,0.8702332349988223,,Tiny,"[1405.99968, 594.9995399999999, 1430.9999999999998, 610.99974]","[1404.84816, 595.527012, 1430.6040000000003, 610.275708]"
00472.jpg,0,0,0.6136261919641081,,Tiny,"[1090.99968, 591.9998400000001, 1105.00032, 598.00032]","[1089.2575008, 590.2661916, 1104.7687392, 598.8570084]"
00473.jpg,0,0,0.8505244055668519,,Tiny,"[1135.9996800000001, 553.0004999999999, 1156.00032, 564.0003]","[1133.984928, 553.2481979999999, 1156.3945919999999, 564.309882]"
00474.jpg,0,0,0.6822895255722083,,Tiny,"[1033.0003199999999, 594.9995399999999, 1054.99968, 608.99958]","[1028.051712, 593.8169939999999, 1055.908608, 607.920606]"
00475.jpg,0,0,0.8369067935183072,,Small,"[1706.99904, 240.0003, 1749.99936, 273.99978000000004]","[1707.568512, 241.72992, 1752.233088, 276.28344]"
00476.jpg,0,0,0.7432088443435326,,Tiny,"[1172.00064, 547.00002, 1196.00064, 561.00006]","[1170.859488, 546.0775920000001, 1199.864352, 560.293848]"
00477.jpg,0,0,0.9042494265164013,,Tiny,"[1264.9996800000001, 579.99942, 1291.00032, 595.99962]","[1264.218816, 579.7403280000001, 1291.961664, 595.666872]"
00478.jpg,0,0,0.65831520863696,,Tiny,"[501.0, 336.00041999999996, 521.00064, 345.00006]","[497.63145599999996, 336.15750599999996, 521.462304, 347.298894]"
00479.jpg,0,0,0.7769385135956919,,Tiny,"[402.0, 239.00022, 421.00032000000004, 253.00026]","[399.26870399999996, 238.243572, 422.360736, 252.92098800000002]"
00480.jpg,0,0,0.8042162258771589,,Tiny,"[1287.0000000000002, 361.00025999999997, 1333.99968, 379.00061999999997]","[1283.5248960000001, 359.49987000000004, 1333.2354240000002, 380.04093]"
00481.jpg,0,0,0.7052623649278482,,Tiny,"[440.99904, 264.00006, 464.99904000000004, 282.00042]","[437.6712, 263.054682, 465.63888, 284.95675800000004]"
00482.jpg,0,0,0.6038276087258344,,Tiny,"[360.0, 269.99946, 391.00032, 287.99981999999994]","[351.988512, 266.085702, 392.345568, 288.984618]"
00483.jpg,0,0,0.8563037881427717,,Small,"[673.99968, 503.99982000000006, 730.99872, 523.00026]","[673.535232, 502.849782, 730.483968, 524.685978]"
00484.jpg,0,0,0.8299776022772388,,Tiny,"[1348.99968, 360.99971999999997, 1394.99904, 381.99924]","[1348.157856, 363.369456, 1393.713504, 381.58430400000003]"
00485.jpg,0,0,0.8678801910005396,,Tiny,"[458.00064000000003, 383.99994000000004, 504.0, 404.00046]","[456.74255999999997, 383.592078, 507.33167999999995, 403.429842]"
00486.jpg,0,0,0.7623256300008849,,Tiny,"[1562.0006400000002, 286.99974000000003, 1610.00064, 307.00026]","[1560.2962559999999, 286.617258, 1611.989184, 310.97914199999997]"
00487.jpg,0,0,0.8082721933467231,,Tiny,"[1309.9996800000001, 709.0000200000001, 1335.0, 718.99974]","[1308.7166399999999, 708.0645186, 1333.42608, 718.8595614]"
00488.jpg,0,0,0.5667741136541999,,Tiny,"[795.0, 620.0004600000001, 808.00032, 626.99994]","[791.8383936, 618.5815667999999, 808.2780864, 628.3475532]"
00489.jpg,0,0,0.8158865558711137,,Tiny,"[843.99936, 571.99986, 855.9993599999999, 578.99934]","[844.3522367999999, 570.9512718, 855.9191232, 579.2681682000001]"
00490.jpg,0,0,0.7027135894367939,,Tiny,"[1302.0, 676.9996199999999, 1328.0006399999997, 687.99942]","[1302.740544, 676.1258675999999, 1327.916736, 685.5964524]"
00491.jpg,0,0,0.7880313485845312,,Tiny,"[1194.00096, 582.9996600000001, 1217.00064, 591.9993000000001]","[1194.6679584, 582.8027867999999, 1213.3422816, 591.8894531999999]"
00492.jpg,0,0,0.6284718684288111,,Tiny,"[823.9996799999999, 529.99974, 851.00064, 545.9999399999999]","[816.8110079999999, 530.523756, 847.813632, 544.594644]"
00493.jpg,0,0,0.8243352406101311,,Tiny,"[928.9987199999999, 531.9999, 955.9996800000001, 547.0000200000001]","[925.7227200000001, 532.180206, 955.1016, 547.534674]"
00495.jpg,0,0,0.790453110340977,,Tiny,"[1115.00064, 488.9997, 1150.00032, 502.9997399999999]","[1115.946432, 488.119068, 1146.8426880000002, 503.971092]"
00496.jpg,0,0,0.8458659956759186,,Tiny,"[1041.0, 475.99974, 1071.0, 490.99986]","[1040.678112, 477.292122, 1071.460128, 491.826438]"
00497.jpg,0,0,0.7167651862851345,,Tiny,"[1347.00096, 409.99986, 1369.00032, 423.99989999999997]","[1345.2095040000002, 408.05888400000003, 1370.6612160000002, 423.119916]"
00498.jpg,0,0,0.7322312065339167,,Tiny,"[1240.99968, 490.99985999999996, 1276.9996800000001, 507.00005999999996]","[1241.970048, 492.539292, 1271.559552, 506.79334800000004]"
00499.jpg,0,0,0.966284969685764,,Small,"[840.00096, 582.00012, 904.00032, 609.0001199999999]","[839.45616, 581.7927060000001, 903.49296, 609.283134]"
00500.jpg,0,0,0.9581481962835965,,Medium,"[1226.00064, 171.99972000000002, 1320.0, 219.99924]","[1225.338432, 172.308006, 1318.3044479999999, 220.54631400000002]"
00501.jpg,0,0,0.9280989497684662,,Small,"[1338.0, 444.99996, 1402.9996800000001, 474.00012]","[1336.319424, 444.848544, 1403.6434560000002, 472.98945599999996]"
00502.jpg,0,0,0.9083098396876595,,Small,"[566.99904, 451.00044, 628.99968, 476.00028]","[564.064512, 451.33011, 627.287808, 476.23868999999996]"
00503.jpg,0,0,0.6759292277711672,,Tiny,"[1190.00064, 256.0005, 1212.0, 268.00038]","[1187.5207679999999, 254.86687799999999, 1214.8293119999998, 269.168562]"
00504.jpg,0,0,0.8562159706459949,,Tiny,"[558.99936, 299.99969999999996, 588.99936, 314.99982]","[557.248032, 298.903122, 588.5234879999999, 315.21295799999996]"
00505.jpg,0,0,0.8146598412141234,,Tiny,"[818.00064, 403.00038000000006, 847.00032, 417.00042]","[816.772992, 401.747472, 847.5214080000001, 417.955248]"
00506.jpg,0,0,0.8518335328492347,,Tiny,"[1030.99968, 511.99938, 1059.99936, 528.99966]","[1029.72864, 511.259904, 1061.3472, 529.564176]"
00507.jpg,0,0,0.8852419115952909,,Small,"[1085.9990400000002, 435.00024, 1134.99936, 457.99992000000003]","[1085.26368, 434.471472, 1135.58496, 459.770688]"
00508.jpg,0,0,0.8576691604756925,,Small,"[1285.00128, 571.00032, 1337.00064, 592.99992]","[1283.7144959999998, 568.891296, 1335.945024, 592.581744]"
00509.jpg,0,0,0.9279719677577292,,Small,"[660.0, 842.9994, 720.0, 873.99972]","[660.5566079999999, 842.055264, 719.5893120000001, 873.114336]"
00510.jpg,0,0,0.5746881212089441,,Tiny,"[1033.00032, 686.00034, 1047.99936, 693.9999]","[1029.280032, 683.7489666, 1049.1929280000002, 694.2338334000001]"
00511.jpg,0,0,0.9203740479865284,,Tiny,"[337.00032000000004, 632.99934, 366.00000000000006, 651.99978]","[336.92649600000004, 634.015296, 366.377184, 652.256064]"
00512.jpg,0,0,0.859689689744791,,Tiny,"[1088.99904, 669.0006000000001, 1126.9996800000001, 693.00036]","[1090.116192, 670.350276, 1127.7449279999998, 691.9833239999999]"
00513.jpg,0,0,0.7947631951463673,,Small,"[1354.00032, 881.0002800000001, 1405.99968, 902.9998800000001]","[1351.836096, 879.1681679999999, 1401.463104, 902.455992]"
00514.jpg,0,0,0.9446417109997729,,Tiny,"[1201.00032, 549.00018, 1249.0003199999999, 569.0006999999999]","[1201.970496, 548.5104, 1249.040064, 569.25288]"
00515.jpg,0,0,0.914160391685694,,Small,"[193.00032, 426.00059999999996, 243.99936, 448.0002]","[191.70748799999998, 426.284532, 241.81315199999997, 447.817788]"
00516.jpg,0,0,0.8191879411105598,,Tiny,"[861.99936, 488.9997, 904.99968, 507.00005999999996]","[859.4295360000001, 488.17960199999993, 906.325344, 508.327758]"
00517.jpg,0,0,0.8679458123799779,,Small,"[681.0, 536.00076, 732.9993599999999, 557.00028]","[681.500736, 536.7982860000001, 730.044864, 557.7817140000001]"
00518.jpg,0,0,0.8242499636805632,,Tiny,"[1012.9996799999999, 703.99962, 1041.99936, 718.9997400000001]","[1010.091456, 703.704456, 1040.4877439999998, 718.5842640000001]"
00519.jpg,0,0,0.8383446296096886,,Tiny,"[835.99968, 473.99958000000004, 865.99968, 489.99978000000004]","[834.0456, 474.54249599999997, 864.2903999999999, 490.37702400000006]"
00520.jpg,0,0,0.5462310529636105,,Tiny,"[674.0006400000001, 262.00043999999997, 705.0009600000001, 286.00019999999995]","[665.23776, 260.770644, 713.4412799999999, 289.027116]"
00521.jpg,0,0,0.8607131135668218,,Tiny,"[1062.99936, 544.00032, 1097.9990400000002, 565.9999200000001]","[1059.889056, 544.547502, 1097.319264, 565.491618]"
00522.jpg,0,0,0.8583565564218055,,Tiny,"[1515.00096, 909.0003600000001, 1561.00032, 930.9999600000001]","[1514.811264, 910.264014, 1558.409856, 930.349746]"
00523.jpg,0,0,0.8767840197495054,,Small,"[1102.0003199999999, 705.99978, 1175.00064, 741.9994200000001]","[1098.3853440000003, 707.02362, 1175.720256, 743.7123]"
00524.jpg,0,0,0.8903355090118464,,Small,"[1577.00064, 642.0000600000001, 1650.00096, 679.9998600000001]","[1575.4942079999998, 642.1881419999999, 1654.1531519999999, 678.528738]"
00525.jpg,0,0,0.8602189948152007,,Tiny,"[730.00032, 697.0001400000001, 769.99968, 716.00058]","[726.641376, 695.950326, 769.476384, 716.074074]"
00526.jpg,0,0,0.7430637947517063,,Tiny,"[539.9990399999999, 644.99976, 576.99936, 666.99936]","[533.5181759999999, 642.211254, 576.940704, 666.627786]"
00527.jpg,0,0,0.9080243316858884,,Tiny,"[561.00096, 674.00046, 590.00064, 689.00058]","[559.8291839999999, 674.192322, 590.112576, 688.383198]"
00528.jpg,0,0,0.8530364112208717,,Tiny,"[669.99936, 633.99996, 712.9996799999999, 655.9995600000001]","[666.720384, 632.239506, 713.279616, 656.057934]"
00529.jpg,0,0,0.9089414519516993,,Small,"[1480.00032, 513.00054, 1536.00096, 548.0001]","[1478.817888, 514.515618, 1534.453152, 547.891182]"
00530.jpg,0,0,0.8753290399775947,,Small,"[1332.0, 600.99948, 1377.00096, 628.9995599999999]","[1330.1042879999998, 602.329176, 1379.2614720000001, 629.004744]"
00531.jpg,0,0,0.8713648188736018,,Tiny,"[1089.9993600000003, 640.99998, 1140.0, 661.0005]","[1088.484288, 639.696312, 1138.838592, 660.541608]"
00532.jpg,0,0,0.9049597312922419,,Tiny,"[972.0, 620.99946, 1017.0009600000001, 640.9999799999999]","[973.3320960000001, 620.1622980000001, 1016.294784, 641.3144219999999]"
00533.jpg,0,0,0.8029522362349876,,Tiny,"[1168.9987199999998, 14.00004, 1207.99968, 39.99996]","[1167.138528, 13.397129999999999, 1202.648352, 40.163094]"
00534.jpg,0,0,0.7136188992326121,,Small,"[1144.00032, 491.00039999999996, 1183.0012800000002, 518.0004]","[1137.229344, 489.495582, 1186.984416, 519.153138]"
00535.jpg,0,0,0.9256478572631635,,Medium,"[1122.99936, 627.9994800000001, 1255.9996800000001, 682.9995600000001]","[1120.4048639999999, 628.80489, 1253.690496, 681.5850300000001]"
00536.jpg,0,0,0.9333679275319141,,Tiny,"[979.9987199999999, 280.9998, 1024.9996800000001, 301.99932]","[980.365728, 281.138418, 1026.391392, 302.51086200000003]"
00537.jpg,0,0,0.8102190310676227,,Tiny,"[1208.0006399999997, 353.9997, 1249.00032, 368.99982000000006]","[1205.4067200000002, 352.766934, 1249.10976, 370.135386]"
00538.jpg,0,0,0.9444873576923545,,Small,"[1548.0, 274.00032000000004, 1605.99936, 305.00064]","[1548.95424, 274.28679, 1604.60736, 304.80057000000005]"
00539.jpg,0,0,0.93716253687853,,Tiny,"[1250.9999999999998, 216.0, 1293.0, 238.99967999999998]","[1250.92416, 216.07371, 1292.5152, 237.91725000000002]"
00540.jpg,0,0,0.8230706052924335,,Tiny,"[1171.00032, 537.9998400000001, 1216.99968, 558.99936]","[1171.51584, 537.4031940000001, 1218.39264, 556.451046]"
00541.jpg,0,0,0.8179454663751534,,Small,"[1255.0003199999999, 577.00026, 1312.99968, 597.00078]","[1258.430688, 575.999856, 1311.408672, 598.5563040000001]"
00542.jpg,0,0,0.7570474109215692,,Tiny,"[1449.0, 607.9995, 1505.99904, 625.99986]","[1445.69856, 606.3227999999999, 1504.2355200000002, 628.2165600000001]"
00543.jpg,0,0,0.8004110508367811,,Tiny,"[1326.00096, 563.00022, 1378.0003199999999, 581.00058]","[1324.708992, 563.9254559999999, 1374.331008, 582.470784]"
00544.jpg,0,0,0.871082215528515,,Medium,"[321.0, 455.99976, 449.00064000000003, 513.0]","[318.81081600000005, 455.86908, 443.509824, 508.81499999999994]"
00545.jpg,0,0,0.7923887451597773,,Medium,"[359.00064, 355.99986, 478.00032, 424.99998]","[354.477504, 360.168552, 482.18553599999996, 418.20904800000005]"
00546.jpg,0,0,0.7343086266311457,,Small,"[747.99936, 500.00004, 798.0, 524.99988]","[742.734336, 497.614428, 803.610624, 525.577572]"
00547.jpg,0,0,0.711259464591321,,Small,"[1543.99968, 537.9998400000001, 1590.9993599999998, 562.99968]","[1545.7296, 539.8543080000001, 1588.2940800000001, 559.4884920000001]"
00548.jpg,0,0,0.8920374879530963,,Tiny,"[1595.99904, 478.00044, 1627.99968, 498.99996000000004]","[1595.1964799999998, 478.710108, 1629.3091200000001, 498.61429200000003]"
00549.jpg,0,0,0.6663357206470185,,Tiny,"[1494.00096, 428.00022, 1529.0006400000002, 446.00057999999996]","[1488.632544, 427.76937000000004, 1535.286816, 448.03503]"
00550.jpg,0,0,0.6388184811558134,,Tiny,"[1007.00064, 704.9997, 1032.0009599999998, 717.9996600000001]","[999.9516480000001, 703.528038, 1029.845472, 717.8513220000001]"
00551.jpg,0,0,0.851297554085548,,Tiny,"[660.00096, 653.99994, 695.00064, 669.0000600000001]","[660.227808, 653.114286, 692.550432, 668.5810740000001]"
00552.jpg,0,0,0.8855521109582005,,Tiny,"[609.0, 482.00076, 648.99936, 503.00028000000003]","[608.3539200000001, 480.567924, 648.44736, 503.61015599999996]"
00553.jpg,0,0,0.8418659845490977,,Tiny,"[649.00032, 577.00026, 682.9996799999999, 593.00046]","[648.786432, 577.88046, 682.034688, 594.3860999999999]"
00554.jpg,0,0,0.8184347563235781,,Tiny,"[666.0, 645.0003, 699.00096, 660.0004200000001]","[665.589792, 645.19119, 699.1001279999999, 662.8227300000001]"
00555.jpg,0,0,0.9092162209296092,,Medium,"[596.00064, 589.00014, 709.0003199999999, 650.9997]","[596.068704, 588.5435160000001, 708.632736, 646.0044839999999]"
00556.jpg,0,0,0.797324823424135,,Tiny,"[972.0009599999998, 642.0000600000001, 1007.00064, 660.0004200000001]","[970.295808, 640.795644, 1009.7886719999999, 660.8030759999999]"
00557.jpg,0,0,0.8813974371988842,,Small,"[976.00032, 255.00042000000002, 1018.0003200000001, 288.9999]","[976.9799999999999, 256.363866, 1016.0184, 289.448694]"
00558.jpg,0,0,0.7217498024022037,,Small,"[1317.00096, 800.00028, 1368.0, 821.99988]","[1315.533504, 803.190006, 1364.7634560000001, 823.933674]"
00559.jpg,0,0,0.8720805596600943,,Tiny,"[1123.0003199999999, 545.0004, 1166.0006400000002, 567.0]","[1122.0535679999998, 544.2751260000001, 1165.515072, 565.448634]"
00560.jpg,0,0,0.855969009612065,,Tiny,"[1104.99936, 562.00068, 1137.0, 583.0002000000001]","[1104.618048, 562.76721, 1140.4149120000002, 582.77367]"
00561.jpg,0,0,0.8556855265165852,,Tiny,"[805.00032, 369.00036, 841.0003200000001, 389.99988]","[805.364352, 370.603836, 841.922688, 389.167524]"
00562.jpg,0,0,0.917674687454765,,Small,"[691.99968, 265.00014000000004, 736.00032, 307.00026]","[692.4321600000001, 265.311018, 738.4824, 307.60306199999997]"
00563.jpg,0,0,0.8437489879980961,,Tiny,"[905.9990399999999, 302.99994000000004, 945.0, 321.0003]","[901.670784, 301.96719, 945.1388159999999, 321.10857000000004]"
00564.jpg,0,0,0.9263080179558648,,Small,"[967.9996799999999, 444.99996, 1012.0003200000001, 473.00004]","[966.882816, 443.69807399999996, 1011.8039040000001, 472.94976599999995]"
00565.jpg,0,0,0.8896257180021004,,Tiny,"[719.9990399999999, 354.00023999999996, 751.9996799999999, 380.00016]","[718.344768, 354.896424, 751.9912320000001, 380.868696]"
00566.jpg,0,0,0.7624261039034058,,Tiny,"[640.00032, 484.99992000000003, 677.0006400000001, 507.9996]","[637.168416, 487.38915, 675.646944, 509.40980999999994]"
00567.jpg,0,0,0.8616069410453441,,Tiny,"[73.00032, 415.9998, 109.00032, 440.99963999999994]","[71.78880000000001, 416.762712, 106.3296, 441.23680800000005]"
00568.jpg,0,0,0.8468713815627212,,Tiny,"[1273.99968, 448.00020000000006, 1313.99904, 471.99996]","[1272.872928, 447.58278, 1316.2240319999999, 470.28978]"
00569.jpg,0,0,0.9314254887108846,,Small,"[775.00032, 292.00014, 849.9993600000001, 337.00050000000005]","[773.077056, 292.473288, 848.1517439999999, 336.52519199999995]"
00570.jpg,0,0,0.8719285144492855,,Medium,"[1045.00032, 204.00065999999998, 1155.0009599999998, 267.00030000000004]","[1040.101824, 208.20493800000003, 1154.0856959999999, 268.208982]"
00571.jpg,0,0,0.9187544800728711,,Medium,"[1336.00032, 277.00002, 1438.00032, 324.00054]","[1331.77776, 276.360066, 1437.05808, 325.044414]"
00572.jpg,0,0,0.7995948734999893,,Small,"[983.0006399999999, 534.9996, 1047.0, 564.9998400000001]","[980.2724159999999, 533.564982, 1049.271264, 561.904938]"
00573.jpg,0,0,0.7779431641394069,,Tiny,"[1216.9987199999998, 353.00016000000005, 1255.99968, 376.99992]","[1218.263136, 350.544726, 1257.288864, 374.852394]"
00574.jpg,0,0,0.8655160034150395,,Tiny,"[1389.00096, 189.99954, 1423.00032, 206.99982]","[1390.4919360000001, 190.582794, 1422.7573439999999, 208.053846]"
00575.jpg,0,0,0.7368780191658347,,Small,"[1219.00032, 348.0003, 1276.9996800000001, 386.0001]","[1217.51904, 347.64498000000003, 1292.38176, 387.59742]"
00576.jpg,0,0,0.9035679650283328,,Small,"[740.9990399999999, 356.00039999999996, 790.99968, 376.99992]","[740.3144639999999, 355.238784, 791.023776, 378.154656]"
00577.jpg,0,0,0.8727262675911237,,Small,"[1231.9996800000001, 340.00019999999995, 1288.0003199999999, 366.00012]","[1228.3349759999999, 339.09057, 1286.4541439999998, 365.69151000000005]"
00578.jpg,0,0,0.8908859924689523,,Small,"[230.99903999999998, 55.00062, 273.99936, 91.00026]","[229.144416, 53.94249, 273.365664, 92.140686]"
00579.jpg,0,0,0.9011457379115003,,Small,"[1056.00096, 571.99986, 1110.0009599999998, 606.9994200000001]","[1055.594976, 571.38318, 1106.390304, 607.42386]"
00580.jpg,0,0,0.8827097279895223,,Tiny,"[1071.0, 583.99974, 1101.0, 597.99978]","[1068.712032, 583.8212159999999, 1100.845728, 598.485024]"
00581.jpg,0,0,0.8109170845036343,,Tiny,"[971.0006399999999, 567.9995399999999, 1008.00096, 583.99974]","[968.840928, 567.7578359999999, 1007.0041919999999, 585.954324]"
00582.jpg,0,0,0.7905687848517251,,Tiny,"[637.99968, 388.00026, 677.99904, 405.00054]","[636.6052800000001, 386.538912, 678.46032, 403.206768]"
00583.jpg,0,0,0.9024153805782552,,Tiny,"[619.0003199999999, 671.00076, 657.00096, 692.00028]","[619.6776000000001, 671.67603, 656.4158399999999, 691.2774900000001]"
00584.jpg,0,0,0.8909067652567723,,Tiny,"[581.99904, 444.99996, 611.99904, 465.99948]","[580.700928, 444.645018, 610.9317120000001, 466.462422]"
00585.jpg,0,0,0.8708656385035601,,Tiny,"[190.00032000000002, 407.99969999999996, 225.0, 423.9999]","[187.7376, 408.767364, 224.46336, 423.77655599999997]"
00586.jpg,0,0,0.8350843961423876,,Tiny,"[436.00032, 430.00038, 471.0, 444.00041999999996]","[434.370528, 430.41996000000006, 470.928672, 445.52916]"
00587.jpg,0,0,0.86325763110389,,Small,"[1137.0000000000002, 263.99952, 1183.99968, 292.99967999999996]","[1134.768288, 262.885284, 1186.239072, 293.560956]"
00588.jpg,0,0,0.8632386222894384,,Tiny,"[1041.00096, 279.00072, 1082.0006400000002, 301.00032]","[1039.375872, 278.33106599999996, 1085.084928, 300.79733400000003]"
00589.jpg,0,0,0.8773753334096965,,Tiny,"[826.9987199999999, 340.99974, 853.99968, 355.99986]","[827.425824, 339.656814, 854.2906559999999, 356.329746]"
00590.jpg,0,0,0.7371362110888768,,Tiny,"[678.99936, 392.99958, 696.99936, 407.9997000000001]","[675.830784, 392.98932, 698.416896, 409.20660000000004]"
00591.jpg,0,0,0.9005073188509737,,Small,"[739.99968, 544.0003199999999, 791.9990399999999, 574.0005600000001]","[739.2668160000001, 545.571018, 792.520704, 574.8641819999999]"
00592.jpg,0,0,0.8927318355894719,,Tiny,"[67.99968000000001, 344.00052, 112.00031999999999, 365.00004]","[66.306912, 344.22715800000003, 110.037408, 364.581162]"
00593.jpg,0,0,0.8780137820031144,,Tiny,"[547.99968, 470.99988, 589.99968, 494.99964]","[546.9906239999999, 470.989782, 589.177056, 497.202138]"
00594.jpg,0,0,0.8756807106186035,,Small,"[883.99968, 611.99982, 961.99968, 650.9997]","[885.82944, 613.181502, 959.52864, 652.9111379999999]"
00595.jpg,0,0,0.7396774897706615,,Tiny,"[436.99968, 305.00064, 468.0, 328.00032]","[432.73804800000005, 304.705422, 473.889792, 327.833298]"
00596.jpg,0,0,0.561492540748308,,Tiny,"[820.99968, 417.99942, 854.00064, 432.99954]","[825.8507519999999, 413.75464200000005, 854.007168, 430.258878]"
00598.jpg,0,0,0.5135188135620127,,Small,"[901.00032, 517.00032, 951.9993599999999, 541.00008]","[899.0148479999999, 524.389194, 948.209472, 546.491286]"
00599.jpg,0,0,0.9307675331487747,,Small,"[720.9993599999999, 163.99962, 760.00032, 200.99934]","[719.466432, 164.7297, 759.793728, 200.67318000000003]"
00600.jpg,0,0,0.8462951593643512,,Tiny,"[741.00096, 408.99978000000004, 782.00064, 429.0003]","[739.39968, 407.538378, 781.3324799999999, 428.135382]"
00601.jpg,0,0,0.9453403612832469,,Small,"[952.99968, 298.00008, 1003.00032, 326.00016]","[952.94784, 298.41615, 1004.43072, 326.35089]"
00602.jpg,0,0,0.8447784273172735,,Small,"[1078.00032, 233.99982, 1127.00064, 277.00002]","[1079.0724480000001, 238.968684, 1127.099712, 276.171876]"
00603.jpg,0,0,0.8717419343638334,,Tiny,"[850.99968, 355.99986, 879.99936, 376.00037999999995]","[849.72432, 354.345084, 880.4452799999999, 376.002756]"
00604.jpg,0,0,0.6760135856652838,,Tiny,"[939.0009600000001, 581.99958, 973.00032, 601.00002]","[931.508832, 581.593176, 979.881888, 601.3481039999999]"
00605.jpg,2,2,0.9656494346075262,,Large,"[244.0002, 40.99993050000001, 403.00000800000004, 190.99961349999998]","[245.50738800000002, 40.966815999999994, 405.455844, 192.50391199999999]"
00605.jpg,1,0,0.8691382122392206,,Large,"[369.00006, 228.00008400000002, 477.999924, 314.000048]","[366.98896799999994, 217.844542, 477.22283999999996, 313.65668600000004]"
00605.jpg,0,1,0.8310199883769964,,Large,"[380.00034, 387.999703, 453.0002999999999, 453.99979499999995]","[373.06991999999997, 387.61711800000006, 460.00728000000004, 453.640358]"
00606.jpg,0,0,0.9348366974743545,,Tiny,"[952.0003200000001, 585.9998999999999, 977.00064, 599.9999399999999]","[951.484032, 586.183932, 976.3265279999998, 599.9066280000001]"
00607.jpg,0,0,0.9428697977604695,,Tiny,"[208.99967999999998, 658.00026, 232.99968, 677.0007]","[209.04576, 658.610352, 232.6848, 676.798848]"
00608.jpg,0,0,0.7777978175606675,,Tiny,"[1144.9996800000001, 388.00026, 1168.99968, 406.00061999999997]","[1141.1286719999998, 388.64431800000006, 1170.324768, 406.458162]"
00609.jpg,0,0,0.8719195333561541,,Tiny,"[1125.99936, 660.99942, 1147.99872, 678.99978]","[1124.6715840000002, 661.3057620000001, 1148.823456, 678.464478]"
00610.jpg,0,0,0.8017745267293744,,Tiny,"[1129.00128, 686.0003399999999, 1157.00064, 701.00046]","[1125.1552319999998, 685.7304479999999, 1155.489888, 701.320032]"
00611.jpg,0,0,0.9112703236004476,,Tiny,"[1560.99936, 606.99996, 1600.00032, 632.99988]","[1559.2776000000001, 606.578706, 1598.89584, 632.855214]"
00612.jpg,0,0,0.8084470932420239,,Tiny,"[823.9987199999999, 707.9999399999999, 856.9996799999999, 721.99998]","[822.75888, 706.140288, 856.1121599999999, 721.617552]"
00613.jpg,0,0,0.8775570438245766,,Tiny,"[768.00096, 875.00034, 803.0006400000001, 892.00062]","[766.999872, 874.374048, 802.650048, 893.0351519999999]"
00614.jpg,0,0,0.8287157504429312,,Tiny,"[1087.00128, 719.9998199999999, 1108.0003199999999, 734.9999399999999]","[1083.679776, 719.7270120000001, 1108.4149439999999, 735.093468]"
00615.jpg,0,0,0.7165588153303365,,Tiny,"[1057.99968, 776.9995200000001, 1092.99936, 802.99944]","[1058.966976, 779.11335, 1099.397184, 804.7714500000001]"
00616.jpg,0,0,0.8192716885333192,,Tiny,"[1359.0, 873.00018, 1398.0009599999998, 889.0003800000001]","[1357.8911999999998, 871.83243, 1395.4464, 889.6972499999999]"
00617.jpg,0,0,0.8224947670386952,,Tiny,"[271.00032, 297.99953999999997, 295.00032, 315.99989999999997]","[267.237024, 298.29573000000005, 295.668576, 316.21563000000003]"
00618.jpg,0,0,0.8467635397239343,,Tiny,"[369.0, 480.0006, 403.99968, 504.00036]","[367.811328, 480.752118, 403.345152, 502.08676199999996]"
00619.jpg,0,0,0.5834424989484903,,Small,"[325.00032, 408.00024, 370.00128000000007, 434.00016000000005]","[329.136768, 414.835992, 366.041472, 433.333368]"
00620.jpg,0,0,0.7066836070310374,,Tiny,"[484.00032000000004, 402.00030000000004, 504.99935999999997, 415.00025999999997]","[480.63743999999997, 400.700736, 503.6659199999999, 414.38174399999997]"
00621.jpg,0,0,0.8779246098946376,,Tiny,"[132.00096, 613.9999799999999, 153.0, 629.0001]","[130.515456, 613.9384200000001, 152.47641600000003, 629.51094]"
00622.jpg,0,0,0.856442894187332,,Tiny,"[523.00032, 594.00054, 540.0, 607.0005000000001]","[522.2693856, 593.615952, 539.5213343999999, 607.791168]"
00623.jpg,0,0,0.8566215046150348,,Tiny,"[387.00096, 753.9993000000001, 433.00032, 772.99974]","[385.653312, 754.933824, 432.293568, 774.2187360000001]"
00624.jpg,0,0,0.790381039711015,,Tiny,"[1147.00032, 240.9993, 1171.00032, 259.99974000000003]","[1144.9298880000001, 239.66420399999998, 1170.382752, 261.287316]"
00625.jpg,0,0,0.7174133724599338,,Tiny,"[920.99904, 370.99998, 934.99968, 383.99994]","[917.2660896, 370.847214, 934.6353504, 384.800706]"
00626.jpg,0,0,0.7660612695223128,,Tiny,"[612.0, 401.00022, 631.00032, 415.00025999999997]","[608.704224, 401.26994999999994, 633.002016, 414.90765]"
00627.jpg,0,0,0.8915778048812988,,Tiny,"[993.00096, 385.00002, 1022.00064, 396.99989999999997]","[993.423648, 385.478676, 1021.028832, 397.31612399999995]"
00628.jpg,0,0,0.6637238909059981,,Tiny,"[896.00064, 534.00006, 917.9999999999999, 548.0001]","[894.6826560000001, 531.745128, 921.940704, 548.768952]"
00629.jpg,0,0,0.7564031961926888,,Tiny,"[1101.0, 531.9999, 1121.9990400000002, 544.9998600000001]","[1097.6530559999999, 530.73252, 1122.9037439999997, 545.02524]"
00630.jpg,0,0,0.9087956556221405,,Tiny,"[1193.00064, 470.00034, 1223.00064, 487.00062]","[1192.75872, 469.792008, 1222.4592, 486.044712]"
00631.jpg,0,0,0.89647201307262,,Tiny,"[1366.00128, 504.9999, 1400.00064, 525.00042]","[1364.6645760000001, 504.058788, 1399.1485440000001, 524.991132]"
00632.jpg,0,0,0.8787061272631611,,Tiny,"[650.99904, 861.9993000000001, 696.0, 880.99974]","[650.6744640000001, 861.847074, 694.4660160000001, 879.534126]"
00633.jpg,0,0,0.9139275711434881,,Tiny,"[710.99904, 683.0001, 753.99936, 701.00046]","[709.282368, 682.561944, 752.935872, 700.956936]"
00634.jpg,0,0,0.8823313127867317,,Small,"[814.0012800000001, 778.99968, 865.00032, 806.9997599999999]","[814.886016, 778.505526, 864.1232640000001, 805.025034]"
00635.jpg,0,0,0.860168050755909,,Tiny,"[666.0, 787.00032, 709.0003199999999, 807.9998400000001]","[662.861376, 786.5168040000001, 708.894144, 806.8007160000001]"
00636.jpg,0,0,0.9569840486576888,,Medium,"[1187.00064, 793.9992599999999, 1282.00032, 839.9997]","[1185.756576, 792.9942659999999, 1282.5647040000001, 840.1644540000001]"
00637.jpg,0,0,0.9014659805507457,,Small,"[924.0, 385.99956000000003, 1003.00032, 437.9994]","[922.793856, 384.129108, 1003.7571839999999, 440.414172]"
00638.jpg,0,0,0.7876427356980219,,Small,"[1216.00032, 259.99974, 1265.0006399999997, 295.99938]","[1207.0598400000001, 258.413004, 1266.4531200000001, 295.860276]"
00639.jpg,0,0,0.7468413348418517,,Tiny,"[762.0, 718.0002000000001, 790.99968, 740.9998800000001]","[757.235232, 717.3473399999999, 794.001888, 741.63762]"
00640.jpg,0,0,0.6397414262696902,,Small,"[402.99936, 684.99972, 444.99935999999997, 712.9997999999999]","[402.916992, 686.311596, 437.735808, 708.0029639999999]"
00641.jpg,0,0,0.9125165753349732,,Tiny,"[1462.9996800000001, 752.99976, 1508.99904, 774.99936]","[1463.1862079999999, 753.6689279999999, 1507.099872, 775.330272]"
00642.jpg,0,0,0.5253355463614207,,Small,"[649.00032, 535.99968, 697.0003200000001, 557.99928]","[642.59136, 527.9377499999999, 694.33152, 563.49297]"
00643.jpg,0,0,0.9143498126984443,,Small,"[361.00032000000004, 640.00044, 406.99968, 667.0004399999999]","[358.576512, 639.049824, 407.100288, 666.957456]"
00644.jpg,0,0,0.7024706076315969,,Tiny,"[943.99968, 840.0002400000001, 973.99968, 866.00016]","[938.260704, 839.00448, 978.724896, 866.4451200000001]"
00645.jpg,0,0,0.7021311103956783,,Tiny,"[1059.0000000000002, 673.00038, 1079.9990400000002, 689.00058]","[1054.267872, 672.207768, 1081.643808, 688.201272]"
00646.jpg,0,0,0.8911848736517329,,Tiny,"[937.00032, 578.9993400000001, 975.00096, 597.99978]","[935.491584, 578.193228, 974.002176, 597.8209320000001]"
00647.jpg,0,0,0.8817016309112897,,Tiny,"[1016.99904, 644.00022, 1047.99936, 659.00034]","[1016.537472, 643.209822, 1047.109248, 658.5206579999999]"
00648.jpg,0,0,0.8655239137107527,,Tiny,"[1161.0, 525.99942, 1188.0009599999998, 543.99978]","[1160.05488, 524.555352, 1188.6119999999999, 544.219128]"
00649.jpg,0,0,0.8732407806742457,,Tiny,"[870.9993599999999, 616.00068, 910.9987199999999, 637.0002]","[870.137472, 615.375738, 910.950528, 638.890902]"
00650.jpg,0,0,0.7923373879852921,,Tiny,"[1862.9990400000002, 534.0000600000001, 1896.0, 554.00058]","[1857.3672, 533.3767379999999, 1895.3496, 553.425102]"
00651.jpg,0,0,0.913920830523147,,Tiny,"[1017.0, 449.00028, 1044.99936, 469.9998]","[1017.6892799999999, 449.062542, 1046.53344, 469.803618]"
00652.jpg,0,0,0.8841703347169848,,Small,"[883.0003200000001, 476.99928, 928.00128, 509.99976000000004]","[886.9568640000001, 476.49821399999996, 927.961536, 509.464026]"
00653.jpg,0,0,0.9149346743449749,,Small,"[1735.99968, 616.99968, 1799.00064, 644.9997599999999]","[1736.5971840000002, 616.016988, 1796.5752960000002, 645.209172]"
00654.jpg,0,0,0.8913529530603992,,Tiny,"[573.99936, 609.0001199999999, 616.9996799999999, 632.99988]","[569.5848000000001, 608.716674, 617.0596800000001, 633.1040459999999]"
00655.jpg,0,0,0.8733942014410625,,Tiny,"[855.99936, 595.00008, 896.99904, 616.99968]","[854.681664, 595.42236, 896.3698559999999, 618.60564]"
00657.jpg,0,0,0.8960882395549917,,Tiny,"[725.9990399999999, 834.0003, 762.99936, 849.0004200000001]","[724.537632, 834.543486, 763.0322880000001, 848.489634]"
00658.jpg,0,0,0.7442738223962779,,Tiny,"[436.00032000000004, 784.9996199999999, 473.00064000000003, 802.9999799999999]","[427.78463999999997, 783.8716679999999, 474.5232, 803.017692]"
00659.jpg,0,0,0.7261187878669659,,Tiny,"[1186.9996800000001, 734.9999399999999, 1237.0003199999999, 754.00038]","[1190.514528, 736.688682, 1235.562912, 756.752598]"
00660.jpg,0,0,0.8435618355753922,,Tiny,"[329.00064, 601.00002, 361.00127999999995, 619.00038]","[327.493056, 600.0968160000001, 359.989824, 618.1842240000001]"
00661.jpg,0,0,0.7197013495242197,,Tiny,"[217.99968, 667.9999799999999, 240.99936000000002, 686.0003399999999]","[218.19216, 670.260312, 240.34607999999997, 683.7097679999999]"
00662.jpg,0,0,0.8715385611979503,,Tiny,"[384.0, 758.00016, 417.00095999999996, 779.99976]","[383.254368, 758.576988, 414.45955200000003, 779.803092]"
00663.jpg,0,0,0.8285203132913554,,Tiny,"[599.0006400000001, 768.99942, 627.0000000000001, 787.9998599999999]","[595.615392, 768.5431199999999, 628.219488, 787.73472]"
00664.jpg,0,0,0.81621563804059,,Small,"[572.9999999999999, 649.00008, 612.00096, 677.0001599999999]","[573.09264, 648.486432, 608.79024, 674.388288]"
00666.jpg,0,0,0.8559423588296277,,Small,"[1071.9993600000003, 596.0001599999999, 1126.9996800000001, 625.00032]","[1069.4484479999999, 596.5151579999999, 1124.289792, 623.761722]"
00667.jpg,0,0,0.703415914616733,,Medium,"[877.99968, 367.99974, 1037.9990400000002, 456.9993]","[913.5079679999999, 371.396826, 1033.928832, 454.576374]"
00668.jpg,0,0,0.932570263703967,,Small,"[982.9996799999999, 334.00026, 1078.99968, 367.99974]","[982.9317120000001, 335.02204800000004, 1078.599168, 366.88291200000003]"
00669.jpg,0,0,0.8116109503779971,,Small,"[87.99936, 251.99964, 140.99904, 301.99932]","[88.676256, 260.012646, 141.767136, 302.462154]"
00670.jpg,0,0,0.7752745339520432,,Small,"[200.99903999999998, 309.99996, 250.99967999999996, 343.00044]","[202.4256, 314.971686, 249.99935999999997, 344.469834]"
00671.jpg,0,0,0.9632553639147521,,Small,"[788.0006400000001, 226.00026, 843.00096, 273.00078]","[787.435776, 225.996804, 841.726464, 273.179196]"
00672.jpg,0,0,0.9449280994199906,,Small,"[491.00064, 75.00006, 545.0006399999999, 109.99962]","[489.326208, 74.614824, 544.190592, 109.992168]"
00673.jpg,0,0,0.9354394305466102,,Small,"[1423.0003199999999, 123.99966000000002, 1485.0009599999998, 170.0001]","[1420.197312, 124.04307599999999, 1486.1182079999999, 170.209404]"
00674.jpg,0,0,0.882334093766592,,Small,"[98.00064, 98.99982000000001, 163.00032, 142.00002]","[93.774336, 97.04539799999999, 162.40704000000002, 141.593562]"
00675.jpg,0,0,0.9256906233492884,,Small,"[1413.0009599999998, 396.00036, 1483.00032, 453.0006]","[1414.059264, 396.84810600000003, 1480.467456, 452.46605400000004]"
00676.jpg,0,0,0.9811306354069339,,Small,"[1162.99968, 693.0003600000001, 1203.99936, 721.00044]","[1162.8416640000003, 693.169164, 1204.118976, 721.177236]"
00677.jpg,0,0,0.9199194180151229,,Small,"[792.99936, 611.00028, 839.99904, 644.00076]","[790.236864, 610.491006, 839.5743359999999, 644.0715540000001]"
00678.jpg,0,0,0.952415365579322,,Small,"[695.00064, 732.00024, 737.00064, 759.0002399999998]","[693.832416, 731.966004, 737.135904, 758.533356]"
00679.jpg,0,0,0.9174716266059745,,Tiny,"[657.0, 690.00012, 694.00032, 714.99996]","[657.833952, 689.468274, 694.7561280000001, 715.594446]"
00680.jpg,0,0,0.9375951704931655,,Small,"[1320.99936, 321.9993, 1377.0, 368.99982]","[1319.8221119999998, 321.9211619999999, 1375.2742080000003, 368.488278]"
00681.jpg,0,0,0.9749513600390246,,Small,"[503.00064, 609.0001199999999, 559.99968, 664.0002]","[502.79855999999995, 609.4623600000001, 560.3361600000001, 663.58332]"
00682.jpg,0,0,0.9083974253976382,,Small,"[1379.00064, 431.00046, 1435.99968, 464.99994]","[1374.529152, 430.72651799999994, 1435.3793280000002, 464.939082]"
00683.jpg,0,0,0.8821115960662668,,Small,"[1457.00064, 697.00014, 1497.0000000000002, 730.99962]","[1458.5345280000001, 698.264658, 1495.7771520000001, 730.4759819999999]"
00684.jpg,0,0,0.8210071435536951,,Small,"[769.0003199999999, 470.99987999999996, 814.99968, 498.99996]","[771.035712, 472.75860600000004, 812.104128, 498.50699399999996]"
00685.jpg,0,0,0.9198857124669241,,Small,"[1639.00032, 546.9994800000001, 1687.0003199999999, 573.99948]","[1637.281056, 546.3469980000001, 1687.7058240000001, 573.708042]"
00686.jpg,0,0,0.8774969732310525,,Tiny,"[1028.00064, 408.99978000000004, 1057.00032, 427.00014]","[1026.78336, 408.197502, 1057.2307199999998, 427.73545800000005]"
00687.jpg,0,0,0.9148853151641338,,Tiny,"[910.00032, 579.99942, 932.9999999999999, 597.99978]","[908.2762560000001, 579.938886, 933.214944, 597.9091139999999]"
00688.jpg,0,0,0.9386469874324949,,Tiny,"[705.0, 329.0004, 739.9996800000001, 354.00023999999996]","[704.501664, 328.217508, 740.5671359999999, 353.93641199999996]"
00689.jpg,0,0,0.7170319376086409,,Tiny,"[1715.00064, 693.9999, 1743.0, 711.00018]","[1713.3891840000001, 692.101368, 1746.6581760000001, 709.961112]"
00690.jpg,0,0,0.864111333221967,,Tiny,"[1710.0, 629.0006400000001, 1734.0, 650.00016]","[1708.38528, 628.475652, 1733.0688, 650.395548]"
00691.jpg,0,0,0.5673429951692378,,Tiny,"[1497.0000000000002, 657.00018, 1517.00064, 671.00022]","[1492.6550399999999, 654.7898520000001, 1518.86112, 673.623108]"
00692.jpg,0,0,0.8938359738082176,,Tiny,"[1457.00064, 523.9998, 1487.00064, 548.99964]","[1453.913664, 523.943154, 1487.265216, 549.101646]"
00693.jpg,0,0,0.7204381770398316,,Tiny,"[1087.0003199999999, 705.00024, 1120.99968, 725.99976]","[1076.7881280000001, 705.350376, 1119.745632, 725.6107440000001]"
00694.jpg,0,0,0.7965969688838527,,Tiny,"[413.00064000000003, 467.00064000000003, 443.00064000000003, 491.00039999999996]","[410.214048, 467.261514, 446.251872, 491.851926]"
00695.jpg,0,0,0.8553546380009949,,Tiny,"[1144.9996800000001, 625.99986, 1168.99968, 640.99998]","[1145.469216, 624.880224, 1167.558624, 641.119536]"
00696.jpg,0,0,0.942706842763533,,Tiny,"[1491.0, 466.00055999999995, 1521.0, 492.00048000000004]","[1491.237024, 466.15138199999996, 1522.237536, 491.864778]"
00697.jpg,0,0,0.8784096931931753,,Small,"[225.0, 481.00014, 281.00064, 515.9997]","[220.94783999999999, 480.63439800000003, 283.88928, 515.9053620000001]"
00698.jpg,0,0,0.9629829051303076,,Small,"[636.9993599999999, 716.00004, 693.0, 768.99996]","[637.197696, 716.4364140000001, 691.8493440000001, 768.734226]"
00699.jpg,0,0,0.9063406969842013,,Small,"[921.0000000000001, 513.00054, 965.00064, 550.00026]","[920.6904, 514.1751479999999, 963.2903999999999, 549.298692]"
00700.jpg,0,0,0.898726709837411,,Tiny,"[1230.99936, 192.00024, 1260.99936, 219.00024000000002]","[1228.660032, 191.709018, 1260.785088, 218.600262]"
00701.jpg,0,0,0.7732086598248776,,Tiny,"[726.0009599999998, 584.00028, 761.00064, 606.99996]","[732.5066879999999, 583.9535159999999, 762.628032, 606.893364]"
00702.jpg,0,0,0.9239050365656911,,Tiny,"[1485.0, 435.00024, 1519.9996800000001, 464.0004]","[1484.645088, 435.360258, 1519.098912, 463.12846199999996]"
00703.jpg,0,0,0.6953883797200976,,Small,"[757.00032, 518.0004, 793.0003200000001, 547.00056]","[749.9290560000001, 518.978286, 791.435424, 543.5732340000001]"
00704.jpg,0,0,0.8385594615720556,,Tiny,"[779.9990399999999, 241.99937999999997, 807.0000000000001, 260.99982]","[776.4831360000001, 242.421012, 807.927744, 261.08362800000003]"
00705.jpg,0,0,0.587247401908583,,Small,"[568.99968, 363.00042, 612.0, 397.99998]","[555.3182400000001, 361.038492, 621.96432, 395.993988]"
00706.jpg,0,0,0.8408408096731183,,Small,"[426.0, 368.99982, 471.00096, 406.99962]","[422.76950400000004, 366.46673400000003, 472.046496, 407.737746]"
00707.jpg,0,0,0.87067831610101,,Tiny,"[856.9987199999999, 477.00036, 883.99968, 504.00036]","[854.887296, 477.893412, 884.909184, 503.938908]"
00708.jpg,0,0,0.6828861816643144,,Tiny,"[1529.00064, 703.99962, 1549.99968, 718.9997400000001]","[1526.9608320000002, 702.1530899999999, 1551.7054079999998, 717.35571]"
00709.jpg,0,0,0.6938841150900465,,Tiny,"[856.9996799999999, 463.99986, 876.0, 480.00006]","[853.0216320000001, 461.66619599999996, 876.733248, 480.143484]"
00710.jpg,0,0,0.8213241936247561,,Small,"[733.99968, 294.99984, 773.99904, 327.0002400000001]","[731.866848, 293.261256, 777.564192, 327.365064]"
00711.jpg,0,0,0.6970401698490533,,Tiny,"[921.9993599999999, 725.00076, 948.0, 746.0002800000001]","[918.138816, 723.380004, 950.985024, 747.227916]"
00712.jpg,0,0,0.7899352663760226,,Tiny,"[823.99968, 703.00008, 848.9999999999999, 723.9996]","[820.29696, 701.234928, 849.3696, 724.095072]"
00713.jpg,0,0,0.724329890325041,,Tiny,"[1162.00032, 545.99994, 1187.00064, 563.00022]","[1159.2039359999999, 545.1290819999999, 1190.300064, 563.998518]"
00715.jpg,0,0,0.5634604961137134,,Tiny,"[1068.0, 927.00018, 1089.99936, 944.00046]","[1064.201472, 925.780482, 1097.042688, 945.991278]"
00716.jpg,0,0,0.5276870077025138,,Tiny,"[441.00000000000006, 775.99998, 468.00096, 784.9996199999999]","[438.47856, 774.530208, 467.00496000000004, 789.763392]"
00717.jpg,0,0,0.7863751778096155,,Tiny,"[456.99935999999997, 865.99962, 484.99871999999993, 883.99998]","[453.362784, 865.533654, 484.000416, 885.1204260000001]"
00718.jpg,0,0,0.8179271713165035,,Tiny,"[900.0, 522.00018, 921.9993599999999, 539.00046]","[897.545088, 521.908218, 923.478912, 539.539542]"
00719.jpg,0,0,0.8355134025304313,,Small,"[796.9996799999999, 758.00016, 844.99968, 791.0006400000001]","[790.534368, 757.6844219999999, 847.0797120000001, 791.212698]"
00720.jpg,0,0,0.6160775924650256,,Small,"[861.0, 312.99965999999995, 910.00032, 350.99946]","[872.285184, 312.770538, 916.5557759999999, 355.63066200000003]"
00723.jpg,0,0,0.8838338991382434,,Tiny,"[963.9993599999999, 421.99974, 1006.99968, 441.00017999999994]","[963.7900800000001, 422.279028, 1003.9257600000001, 441.61729199999996]"
00724.jpg,0,0,0.8632388797692789,,Small,"[473.99999999999994, 601.00002, 541.00032, 636.9996600000001]","[473.726688, 599.8873500000001, 535.8169920000001, 635.77953]"
00725.jpg,0,0,0.7589127754385383,,Tiny,"[707.99904, 199.9998, 732.9993599999999, 221.99939999999998]","[705.5116799999998, 197.629902, 734.49216, 222.636978]"
00726.jpg,0,0,0.8098255220380108,,Tiny,"[387.00095999999996, 307.00026, 409.00032000000004, 324.00054]","[386.577984, 308.55459599999995, 408.78585599999997, 322.679484]"
00727.jpg,0,0,0.8141931329044548,,Tiny,"[1087.00128, 424.00043999999997, 1115.00064, 451.00043999999997]","[1082.58528, 423.902376, 1114.31712, 451.867464]"
00728.jpg,0,0,0.9528792800753296,,Small,"[1445.9999999999998, 192.99978, 1489.00032, 231.99965999999998]","[1446.41664, 193.09147199999998, 1488.16512, 231.367968]"
00729.jpg,0,0,0.8826595387117849,,Small,"[1706.9990400000002, 346.99968, 1744.9996800000001, 376.99992]","[1704.6456, 345.497724, 1745.5444800000002, 376.920756]"
00730.jpg,0,0,0.8615711549119066,,Tiny,"[1414.00128, 386.99964, 1448.00064, 414.99972]","[1413.460896, 388.459854, 1446.052704, 414.42726600000003]"
00731.jpg,0,0,0.8007843335085821,,Small,"[1839.99936, 456.99984, 1880.9990400000002, 486.0]","[1838.005824, 453.773772, 1880.070336, 484.571268]"
00732.jpg,0,0,0.9201011984477705,,Small,"[1035.99936, 511.00038, 1074.0000000000002, 544.9998600000001]","[1034.1845759999999, 511.467264, 1073.771904, 544.394736]"
00733.jpg,0,0,0.8393162436287602,,Small,"[586.99872, 653.9993999999999, 625.9996800000001, 685.9998]","[585.016608, 652.297104, 623.584992, 685.5723360000001]"
00734.jpg,0,0,0.7904830812998433,,Small,"[273.0, 630.9997200000001, 317.00064000000003, 656.99964]","[269.330016, 628.99011, 320.290464, 657.3892500000001]"
00735.jpg,0,0,0.7593604174653087,,Small,"[495.99935999999997, 777.00006, 560.99904, 810.99954]","[504.673536, 776.4075720000001, 564.762624, 813.4690679999999]"
00736.jpg,0,0,0.8240382574841788,,Small,"[273.0, 513.00054, 322.00032000000004, 549.00018]","[272.80992000000003, 510.743394, 324.42912, 546.081966]"
00737.jpg,0,0,0.5993511767023264,,Tiny,"[407.00064000000003, 547.00056, 449.00064, 571.00032]","[404.642496, 537.55758, 449.734464, 568.40562]"
00738.jpg,0,0,0.8484357130749732,,Tiny,"[1406.9990400000002, 357.00048000000004, 1440.0, 380.00016]","[1405.786656, 356.08901399999996, 1441.108704, 378.63282599999997]"
00739.jpg,0,0,0.935500001520105,,Small,"[1084.99968, 241.00038, 1125.99936, 278.00010000000003]","[1083.8255040000001, 240.685722, 1125.046176, 278.254278]"
00740.jpg,0,0,0.9402825263649378,,Tiny,"[982.99872, 300.00023999999996, 1021.99968, 326.00016]","[982.3924799999999, 300.227634, 1021.14672, 326.412126]"
00742.jpg,0,0,0.7748812330597599,,Small,"[729.99936, 504.99989999999997, 792.0, 542.9997]","[728.46624, 506.79135, 787.52736, 539.19513]"
00743.jpg,0,0,0.8823007269137205,,Tiny,"[1237.0003199999999, 240.99983999999998, 1273.0003199999999, 264.9996]","[1236.248064, 239.199858, 1272.312576, 265.376142]"
00744.jpg,0,0,0.7889652747519355,,Tiny,"[782.9999999999999, 494.00010000000003, 810.9993599999999, 511.00038]","[779.7638400000001, 494.062578, 810.44544, 509.14942199999996]"
00745.jpg,0,0,0.8141947552347545,,Small,"[598.0003200000001, 449.00028, 652.00032, 482.00076]","[597.0769919999999, 453.605994, 650.688768, 481.54224600000003]"
00746.jpg,0,0,0.8369994607298953,,Tiny,"[408.00000000000006, 320.99976, 446.00064, 347.99976000000004]","[407.231232, 322.18262999999996, 444.507648, 346.12784999999997]"
00747.jpg,0,0,0.9359879518074753,,Tiny,"[1089.00096, 244.00008, 1118.00064, 264.9996]","[1089.7007999999998, 243.625428, 1118.50656, 264.847212]"
00748.jpg,0,0,0.8424031735957416,,Tiny,"[1315.99968, 189.0, 1343.99904, 212.99976]","[1315.3007039999998, 190.806678, 1342.693536, 212.49124199999997]"
00749.jpg,0,0,0.8635956990661822,,Tiny,"[1210.99968, 123.99965999999999, 1249.00032, 142.00002]","[1210.8877439999999, 122.456664, 1247.180736, 142.333416]"
00750.jpg,0,0,0.8311594841076455,,Tiny,"[570.0, 227.99988, 598.99968, 252.99972]","[568.4451839999999, 228.91669199999998, 596.749056, 253.445868]"
00751.jpg,0,0,0.9090682648824459,,Tiny,"[653.99904, 286.99974, 681.0000000000001, 304.00002]","[652.3545599999999, 286.88385600000004, 680.37888, 303.88694399999997]"
00752.jpg,0,0,0.8933324679228541,,Tiny,"[905.0006399999999, 200.99988, 940.00032, 227.99988000000002]","[904.825728, 201.878622, 938.7582720000001, 227.00233800000004]"
00753.jpg,0,0,0.9050406282408051,,Small,"[2.0006400000000024, 216.0, 74.00064, 249.00047999999998]","[0.14995199999999542, 214.45495200000002, 74.677056, 249.68152800000001]"
00755.jpg,0,0,0.818142737827994,,Medium,"[1511.00064, 624.00024, 1644.00096, 677.00016]","[1510.477824, 622.2037680000001, 1660.5442560000001, 679.6174319999999]"
00756.jpg,0,0,0.9465938493992107,,Medium,"[414.99935999999997, 396.00035999999994, 509.99904, 444.99996]","[412.41571200000004, 396.93866399999996, 510.21724800000004, 444.65349599999996]"
00757.jpg,0,0,0.7148249251213135,,Medium,"[1314.0009599999998, 236.99952, 1445.00064, 295.99992]","[1338.1073279999998, 234.337104, 1444.406592, 290.877696]"
00758.jpg,0,0,0.870840220991816,,Tiny,"[820.00032, 497.99933999999996, 862.00032, 515.9997]","[817.842816, 498.57849, 859.983744, 516.14847]"
00759.jpg,0,0,0.5072206285733282,,Tiny,"[1278.99936, 291.00006, 1296.99936, 304.00002]","[1275.347232, 288.826776, 1300.966368, 306.83426399999996]"
00760.jpg,0,0,0.9052729226527034,,Tiny,"[690.0, 421.99974, 716.0006400000001, 436.99986]","[688.196448, 421.991262, 716.0185919999999, 436.50721799999997]"
00761.jpg,0,0,0.7884423145929647,,Tiny,"[557.9999999999999, 401.00022, 577.00032, 413.00010000000003]","[555.891936, 400.683186, 577.0117439999999, 414.375534]"
00762.jpg,0,0,0.6953768986629362,,Tiny,"[1283.00064, 227.00034, 1303.99968, 240.0003]","[1281.3973440000002, 225.208026, 1305.1767360000001, 241.717014]"
00763.jpg,0,0,0.8228347368257687,,Tiny,"[1475.00064, 184.00014000000002, 1500.0009599999998, 204.00066]","[1472.74368, 182.48284800000002, 1500.39552, 203.543712]"
00764.jpg,0,0,0.8166774692306352,,Small,"[1599.00096, 471.00042, 1657.00032, 513.00054]","[1598.424864, 473.785686, 1652.6343359999998, 511.206714]"
00765.jpg,0,0,0.9378497995911268,,Small,"[1118.00064, 663.00012, 1164.0, 691.0002]","[1116.971424, 662.937534, 1162.778976, 691.375986]"
00766.jpg,0,0,0.8825206296852828,,Small,"[1556.9990400000002, 368.00028000000003, 1592.9990400000002, 397.00044]","[1556.791584, 367.33149, 1594.577376, 398.63906999999995]"
00767.jpg,0,0,0.897572192264452,,Tiny,"[941.00064, 474.00012, 976.00032, 495.99971999999997]","[939.349728, 473.785848, 974.5561920000001, 496.244232]"
00768.jpg,0,0,0.8770243621157817,,Tiny,"[1265.00064, 419.00004, 1302.00096, 440.99964]","[1264.1314559999998, 418.32072, 1302.520704, 439.59024]"
00769.jpg,0,0,0.8411948515657317,,Tiny,"[1240.99968, 330.00048, 1274.00064, 357.00048000000004]","[1238.9071680000002, 331.46442, 1273.485792, 355.85838]"
00770.jpg,0,0,0.8315232079772917,,Tiny,"[1176.99936, 293.00022, 1209.0, 311.00057999999996]","[1174.545216, 292.194594, 1207.406784, 310.66140600000006]"
00771.jpg,0,0,0.9191282707876854,,Tiny,"[1001.99904, 524.99988, 1031.9990400000002, 547.9995600000001]","[1001.7041280000001, 525.26286, 1030.293312, 548.11242]"
00772.jpg,0,0,0.892272924344134,,Tiny,"[1098.0, 347.00021999999996, 1136.0006400000002, 364.0005]","[1096.967424, 346.132116, 1136.165376, 364.602924]"
00773.jpg,0,0,0.905389991556499,,Tiny,"[744.99936, 703.99962, 777.0, 719.99982]","[744.1734720000001, 704.093688, 775.5410880000001, 719.6530319999999]"
00774.jpg,0,0,0.8249963244481924,,Tiny,"[720.0, 751.00014, 746.0006400000001, 770.00058]","[716.843616, 750.467214, 745.512864, 769.341186]"
00775.jpg,0,0,0.9030073181730333,,Small,"[427.99968, 627.00048, 469.99968, 654.0004799999999]","[426.874272, 626.5395900000001, 468.552288, 654.69465]"
00776.jpg,0,0,0.9378215603125367,,Tiny,"[726.9993599999999, 712.00026, 766.00032, 730.00062]","[726.542208, 711.763146, 764.9752319999999, 730.2485340000001]"
00777.jpg,0,0,0.7843849681843862,,Tiny,"[592.9996799999999, 872.0001000000001, 631.00032, 891.00054]","[589.9705919999999, 873.040248, 629.828448, 892.677672]"
00778.jpg,0,0,0.8818129228123206,,Tiny,"[803.99904, 760.00032, 843.0, 780.9998400000001]","[803.419488, 759.496608, 841.889952, 782.345952]"
00779.jpg,0,0,0.8777393265405473,,Small,"[805.00032, 733.0003200000001, 853.0003200000001, 760.00032]","[804.8617919999999, 733.021218, 851.3762879999999, 762.7031820000001]"
00780.jpg,0,0,0.9047303695320719,,Tiny,"[1070.00064, 595.99962, 1104.0000000000002, 615.0000600000001]","[1069.0116480000002, 596.232252, 1102.658112, 615.383028]"
00781.jpg,0,0,0.6474614613376056,,Tiny,"[1185.0009599999998, 685.99926, 1221.00096, 704.9997]","[1183.4256, 687.4283700000001, 1218.0412800000001, 701.2593899999999]"
00782.jpg,0,0,0.7940936445718417,,Tiny,"[668.0006400000001, 572.9999399999999, 692.00064, 591.0002999999999]","[666.629664, 573.9981839999999, 691.578336, 589.252536]"
00783.jpg,0,0,0.6799335873245946,,Tiny,"[1487.00064, 729.0, 1524.00096, 751.99968]","[1487.950272, 731.8105380000001, 1519.921728, 755.075142]"
00784.jpg,0,0,0.9244051319063635,,Tiny,"[913.00032, 429.00030000000004, 946.99968, 448.00074]","[912.115584, 428.816214, 946.8629760000001, 448.772346]"
00785.jpg,0,0,0.9047036630670806,,Tiny,"[1059.99936, 618.0002999999999, 1100.9990400000002, 637.00074]","[1058.978112, 617.4708840000001, 1100.173248, 637.571196]"
00786.jpg,0,0,0.8800137872375373,,Tiny,"[1382.00064, 550.00026, 1420.00128, 569.0006999999999]","[1379.69184, 549.811206, 1419.3878399999999, 569.852874]"
00787.jpg,0,0,0.8449472926457989,,Tiny,"[680.9990399999999, 672.0003, 718.99968, 688.0005]","[679.563456, 670.943466, 718.507584, 688.979574]"
00788.jpg,0,0,0.8942376502012761,,Tiny,"[1343.99904, 638.99982, 1383.0, 659.0003399999999]","[1342.927584, 640.02663, 1383.698976, 659.3408099999999]"
00789.jpg,0,0,0.8438573219479532,,Tiny,"[841.00032, 535.00068, 874.00128, 558.00036]","[839.1713279999999, 535.428576, 872.804352, 559.499184]"
00790.jpg,0,0,0.8687518870992963,,Tiny,"[1005.0, 447.99966, 1044.00096, 467.0001]","[1004.701344, 449.193222, 1041.9764160000002, 466.726698]"
00791.jpg,0,0,0.9183326624830994,,Small,"[1591.99872, 328.99931999999995, 1641.99936, 360.99972]","[1593.033408, 329.709798, 1642.0437120000001, 359.742762]"
00792.jpg,0,0,0.8549978815905703,,Tiny,"[919.99968, 745.0002000000001, 959.9990399999999, 768.99996]","[918.94608, 744.8757300000001, 958.3607999999999, 767.0227500000001]"
00793.jpg,0,0,0.8070092576444183,,Tiny,"[1505.00064, 381.00024, 1542.00096, 405.0]","[1504.876992, 382.08942, 1537.766208, 404.02746]"
00794.jpg,0,0,0.8126198905188387,,Tiny,"[1446.99936, 460.99962000000005, 1486.00032, 481.00014]","[1446.28608, 461.953962, 1481.5449600000002, 480.616038]"
00795.jpg,0,0,0.7294059767203112,,Tiny,"[1363.99968, 739.9998, 1398.99936, 760.99932]","[1362.374976, 740.864556, 1399.0151039999998, 756.7239240000001]"
00796.jpg,0,0,0.9559643613161699,,Medium,"[644.9990399999999, 131.00022, 776.9990399999999, 196.00001999999998]","[644.8410240000001, 131.666094, 775.6440960000001, 197.543826]"
00797.jpg,0,0,0.9516795864418945,,Small,"[612.0, 257.00003999999996, 669.99936, 286.00019999999995]","[610.230624, 256.623228, 669.890976, 286.13941199999994]"
00798.jpg,0,0,0.9035653656801002,,Tiny,"[1632.99936, 288.00036, 1665.0, 308.99988]","[1632.516, 287.336646, 1664.34288, 308.26391400000006]"
00799.jpg,0,0,0.870649825586008,,Tiny,"[1137.0, 516.99978, 1162.0003199999999, 531.9999]","[1136.1259200000002, 516.950424, 1163.55408, 532.6540560000001]"
00801.jpg,0,0,0.9469979550824641,,Small,"[1264.99968, 500.00003999999996, 1310.00064, 525.99996]","[1265.00976, 499.046724, 1310.2401599999998, 526.350636]"
00802.jpg,0,0,0.946818765420031,,Tiny,"[986.99904, 528.99966, 1020.0, 547.0000200000001]","[986.3854080000001, 528.725448, 1019.546112, 546.863832]"
00803.jpg,0,0,0.9045850582544991,,Tiny,"[931.00032, 531.0003600000001, 972.0, 556.0002000000001]","[930.024096, 531.422964, 971.252064, 557.083116]"
00804.jpg,0,0,0.858743653812333,,Tiny,"[1165.99968, 609.99966, 1193.0006399999997, 624.99978]","[1164.333408, 609.97833, 1191.898272, 625.7900700000001]"
00805.jpg,0,0,0.9161907900998276,,Small,"[1056.0, 77.99976, 1104.0, 103.99968000000001]","[1054.507968, 77.26535999999999, 1105.415232, 103.975704]"
00806.jpg,0,0,0.909410313717479,,Tiny,"[146.99903999999998, 233.99982, 184.99967999999998, 252.00018]","[146.35296, 233.57619, 183.048768, 251.93997000000002]"
00807.jpg,0,0,0.9043378039366831,,Tiny,"[602.00064, 281.99987999999996, 645.00096, 304.99956]","[601.235136, 281.55249, 644.103744, 306.04959]"
00808.jpg,0,0,0.7412429119671979,,Tiny,"[327.99936, 611.9998200000001, 366.0, 632.00034]","[324.014496, 611.49816, 372.776544, 632.5257600000001]"
00809.jpg,0,0,0.8437734764761168,,Tiny,"[418.00032, 346.00014, 448.00032, 359.0001]","[416.958912, 345.469536, 447.194688, 359.999424]"
00810.jpg,0,0,0.8468411932287611,,Tiny,"[858.0, 332.0001, 879.99936, 342.9999]","[857.0468159999999, 331.137396, 879.370464, 342.758844]"
00811.jpg,0,0,0.8462263282077557,,Tiny,"[472.99872000000005, 420.99966, 499.9996800000001, 434.99969999999996]","[471.04175999999995, 420.315264, 499.30319999999995, 435.368736]"
00812.jpg,0,0,0.8925139435222325,,Tiny,"[1354.00032, 592.99992, 1386.00096, 614.99952]","[1352.4514560000002, 593.940168, 1385.268864, 614.9643120000001]"
00813.jpg,0,0,0.8620157710428101,,Tiny,"[827.9999999999999, 659.0003399999999, 854.0006400000001, 674.00046]","[828.031872, 659.3517720000001, 854.1530879999999, 672.363828]"
00814.jpg,0,0,0.8173199778140182,,Tiny,"[1072.00032, 598.99986, 1104.00096, 616.00014]","[1070.083392, 597.507624, 1103.4334079999999, 616.822776]"
00815.jpg,0,0,0.6361786567274652,,Tiny,"[1687.99968, 891.99954, 1720.0003199999999, 903.9994200000001]","[1689.902784, 892.2707442, 1713.2012160000002, 902.7562158]"
00816.jpg,0,0,0.9226248804067382,,Small,"[1027.0003199999999, 479.99952, 1070.00064, 505.99944000000005]","[1027.452672, 481.252698, 1070.423808, 505.72042200000004]"
00817.jpg,0,0,0.8796690392122485,,Tiny,"[1465.99872, 384.00048, 1498.99968, 405.0]","[1464.736032, 382.46985, 1499.6671680000002, 404.97759]"
00818.jpg,0,0,0.7190568185042708,,Tiny,"[961.99968, 358.00002000000006, 987.0, 370.99998]","[957.4420799999999, 357.61915799999997, 985.8897599999999, 372.294522]"
00819.jpg,0,0,0.7294287363573819,,Tiny,"[719.99904, 410.99994, 744.99936, 428.00022]","[716.833536, 410.23773000000006, 746.5443839999999, 429.84891]"
00820.jpg,0,0,0.9094207739157394,,Tiny,"[1653.0, 255.99996, 1685.00064, 280.9998]","[1651.5744, 255.953142, 1685.45472, 280.065978]"
00821.jpg,0,0,0.8262082604883971,,Small,"[1576.00032, 437.0004, 1632.0009599999998, 463.00032000000004]","[1580.189856, 436.743144, 1627.047264, 463.138776]"
00822.jpg,0,0,0.8968514835896468,,Tiny,"[1275.00096, 552.99942, 1321.00032, 571.99986]","[1274.799552, 552.418866, 1320.0612480000002, 573.116094]"
00823.jpg,0,0,0.7771382035238633,,Tiny,"[464.00064, 405.99954, 486.0, 417.99942]","[464.44732799999997, 405.43939800000004, 484.27075199999996, 416.78404200000006]"
00824.jpg,0,0,0.7827211648566238,,Tiny,"[945.0009600000001, 568.99962, 974.00064, 584.99982]","[942.872448, 568.001484, 971.7246719999999, 584.393076]"
00825.jpg,0,0,0.8414317487538553,,Tiny,"[390.99936, 500.99958000000004, 430.99872, 521.0001]","[387.096576, 500.251896, 432.920064, 521.000424]"
00826.jpg,0,0,0.7993252021742417,,Small,"[1109.9990400000002, 491.99994, 1170.99936, 528.9996600000001]","[1113.051264, 492.954714, 1169.867136, 524.707686]"
00827.jpg,0,0,0.6461446206340598,,Small,"[1119.00096, 760.00032, 1172.00064, 781.99992]","[1106.943264, 758.47131, 1178.812896, 780.2025299999999]"
00828.jpg,0,0,0.7731170469896028,,Small,"[1480.0003199999999, 908.99982, 1541.00064, 928.0002599999999]","[1471.226688, 907.473456, 1540.900032, 927.077184]"
00830.jpg,0,0,0.9023426392616177,,Tiny,"[1224.99936, 859.00014, 1259.9990400000002, 872.0001000000001]","[1224.554496, 859.68567, 1260.513024, 872.3016899999999]"
00831.jpg,0,0,0.8049384798389435,,Tiny,"[1657.00032, 696.00006, 1676.00064, 703.9996199999999]","[1656.109152, 695.3561963999999, 1675.7436480000001, 704.7385236]"
00832.jpg,0,0,0.8607185207509869,,Tiny,"[1260.0009599999998, 552.00042, 1280.9999999999998, 563.00022]","[1258.742112, 551.860884, 1279.8626880000002, 563.2866359999999]"
00833.jpg,0,0,0.8254724410459957,,Tiny,"[800.00064, 382.99986, 829.00032, 401.00021999999996]","[796.29024, 384.08855400000004, 829.4275200000001, 401.064966]"
00834.jpg,0,0,0.7636747592425406,,Tiny,"[527.9999999999999, 666.9999, 544.99968, 675.9995399999999]","[526.469808, 667.8389897999999, 545.101392, 675.2554902]"
00835.jpg,0,0,0.8861683767489121,,Tiny,"[39.99936, 363.00042, 66.0, 379.00062]","[37.754208000000006, 362.98697400000003, 65.074464, 378.983826]"
00836.jpg,0,0,0.584749212051723,,Tiny,"[1515.0, 591.9998400000001, 1528.00032, 597.00024]","[1512.776016, 590.5085705999999, 1526.8873440000002, 596.7527094000001]"
00837.jpg,0,0,0.7528089307180079,,Tiny,"[904.99968, 437.99994000000004, 921.99936, 448.99974000000003]","[902.6958719999999, 437.42084400000005, 923.965248, 449.099316]"
00838.jpg,0,0,0.6882333148157951,,Tiny,"[442.99968, 559.9999799999999, 459.99935999999997, 567.9995399999999]","[439.26518400000003, 559.1970378, 460.63881599999996, 567.5345621999999]"
00839.jpg,0,0,0.7413686142175733,,Tiny,"[371.00064000000003, 608.00058, 391.99968, 618.0002999999999]","[368.144448, 608.7908267999999, 392.114112, 618.9812532]"
00840.jpg,0,0,0.7812726439690609,,Tiny,"[858.99936, 312.99966, 888.99936, 331.00002]","[855.680544, 311.44899599999997, 889.538016, 331.86380399999996]"
00841.jpg,0,0,0.8264876132771153,,Tiny,"[1287.0, 469.00026, 1321.9996800000001, 488.0007]","[1285.2479039999998, 467.43075, 1323.264096, 487.42533]"
00842.jpg,0,0,0.8023839814650495,,Tiny,"[1169.9990400000002, 517.99986, 1194.99936, 529.99974]","[1170.309984, 519.4360439999999, 1193.9588159999998, 530.479476]"
00843.jpg,0,0,0.8249973056942824,,Small,"[1377.99936, 996.9998400000001, 1423.00032, 1023.99984]","[1376.481984, 997.2367919999999, 1421.914176, 1020.7324080000001]"
00844.jpg,0,0,0.9246259729084952,,Small,"[1228.0003199999999, 608.00004, 1299.0000000000002, 632.99988]","[1226.550528, 607.714218, 1295.799552, 632.970342]"
00845.jpg,0,0,0.5890773657766039,,Tiny,"[1148.99904, 704.0007, 1174.99968, 713.0003399999999]","[1146.456576, 700.6760820000001, 1173.617664, 714.065598]"
00846.jpg,0,0,0.8438205508661153,,Small,"[1254.0, 518.0004, 1299.00096, 543.00024]","[1252.8982079999998, 518.747976, 1295.4333120000001, 542.185704]"
00847.jpg,0,0,0.9072758017432009,,Small,"[1263.9993599999998, 686.9998800000001, 1309.00032, 713.99988]","[1264.69248, 686.7529380000001, 1306.7059199999999, 714.5924219999999]"
00848.jpg,0,0,0.6851032581944253,,Tiny,"[1344.99936, 700.99938, 1381.9996800000001, 717.99966]","[1340.295072, 699.94989, 1380.7980479999999, 721.37763]"
00849.jpg,0,0,0.8800140838954444,,Small,"[873.0, 692.99982, 934.00032, 729.99954]","[872.27808, 690.958026, 935.92416, 728.801334]"
00850.jpg,0,0,0.7415828816916266,,Tiny,"[1182.99936, 724.00014, 1222.00032, 742.0005]","[1183.746816, 725.6029679999999, 1216.9866240000001, 742.991832]"
00851.jpg,0,0,0.8685575851329155,,Tiny,"[1086.00096, 621.99954, 1109.00064, 635.99958]","[1084.593408, 622.0724400000001, 1108.046592, 635.50332]"
00852.jpg,0,0,0.8491582560038495,,Tiny,"[1177.99968, 588.00006, 1205.99904, 599.9999400000002]","[1176.622464, 587.9331000000001, 1203.632256, 599.72562]"
00853.jpg,0,0,0.7581789727774575,,Tiny,"[1111.00032, 797.9995799999999, 1135.0003199999999, 809.99946]","[1109.06592, 798.9056459999999, 1135.6752000000001, 811.285794]"
00854.jpg,0,0,0.7962019397057465,,Tiny,"[1098.0, 393.99966, 1131.00096, 412.00001999999995]","[1094.8176959999998, 394.50234600000005, 1133.9912640000002, 412.59245400000003]"
00855.jpg,0,0,0.6366320429755346,,Tiny,"[868.0012800000001, 837.9995399999999, 902.00064, 849.99942]","[865.171584, 837.6259680000001, 893.671296, 849.1655519999999]"
00856.jpg,0,0,0.8185877063727773,,Tiny,"[939.99936, 888.0002999999999, 975.99936, 902.00034]","[939.077952, 886.398768, 973.457088, 902.007792]"
00857.jpg,0,0,0.6763869495474795,,Tiny,"[1370.9999999999998, 76.00068, 1415.00064, 97.00019999999999]","[1363.351872, 72.625302, 1416.677568, 98.24279399999999]"
00858.jpg,0,0,0.6940990322227045,,Small,"[1089.0, 236.99952, 1133.00064, 263.99952]","[1085.391936, 233.467812, 1138.563264, 262.373148]"
00859.jpg,0,0,0.7597784412288622,,Tiny,"[848.99904, 504.99989999999997, 872.9990399999999, 513.99954]","[848.07264, 505.296225, 871.65216, 515.502495]"
00860.jpg,0,0,0.9281818467649214,,Small,"[898.99968, 225.00018, 949.00032, 266.00021999999996]","[900.32976, 226.13655599999998, 948.20016, 265.885524]"
00861.jpg,0,0,0.8902149124514684,,Tiny,"[998.9999999999999, 537.9993, 1033.99968, 556.99974]","[997.0686720000001, 537.462594, 1033.2814079999998, 556.711326]"
00862.jpg,0,0,0.84552891856942,,Tiny,"[1255.0003199999999, 635.00004, 1296.0, 657.99972]","[1253.0476800000001, 635.2155540000001, 1294.704, 656.168526]"
00863.jpg,0,0,0.8336896843885531,,Tiny,"[1273.99968, 394.99974000000003, 1313.00064, 413.00010000000003]","[1272.351168, 393.522516, 1311.8075519999998, 413.667324]"
00864.jpg,0,0,0.8960701354060665,,Tiny,"[644.9990399999999, 437.00040000000007, 682.99968, 462.00023999999996]","[643.04112, 436.75594199999995, 681.26736, 461.907738]"
00865.jpg,0,0,0.9133763056827396,,Small,"[219.00096000000002, 44.00028, 255.00096000000002, 73.00044]","[217.30003200000002, 44.610156, 255.561408, 72.71046]"
00866.jpg,0,0,0.7271992068209279,,Tiny,"[1292.00064, 549.00018, 1309.0003199999999, 556.99974]","[1289.6168639999999, 548.7478110000001, 1309.6522559999999, 558.081549]"
00867.jpg,0,0,0.7929933312873253,,Tiny,"[940.00032, 230.99958, 979.9996800000001, 247.99986]","[938.1266880000001, 230.06079000000003, 979.2275520000001, 250.20225000000002]"
00869.jpg,0,0,0.7759002863775484,,Tiny,"[1276.00032, 360.00018, 1303.99968, 370.99998]","[1274.6587200000001, 359.56413000000003, 1301.42832, 371.97387]"
00870.jpg,0,0,0.6753903987972312,,Tiny,"[761.00064, 392.00058, 784.0003199999999, 401.00022]","[756.59568, 391.6786104, 782.39568, 402.1689096]"
00871.jpg,0,0,0.7182194163887402,,Small,"[745.00032, 603.99972, 795.9993599999999, 628.99956]","[743.298816, 608.889258, 797.8775039999999, 630.4841819999999]"
00872.jpg,0,0,0.5596665319779375,,Tiny,"[1165.0003199999999, 738.0001799999999, 1194.0, 751.00014]","[1166.768928, 738.307278, 1187.788512, 748.3451220000001]"
00873.jpg,0,0,0.8588216785681695,,Tiny,"[1102.00128, 647.00046, 1153.0003199999999, 662.00058]","[1097.284128, 646.842132, 1151.4774719999998, 662.366268]"
00874.jpg,0,0,0.7323167949034844,,Tiny,"[807.00096, 756.99954, 848.00064, 770.99958]","[807.53568, 756.099468, 839.5977600000001, 771.314292]"
00875.jpg,0,0,0.8040841257564609,,Tiny,"[768.99936, 755.00046, 810.9993599999999, 769.0005]","[768.049632, 756.917136, 809.460768, 769.207104]"
00876.jpg,0,0,0.8462012193009064,,Small,"[585.99936, 774.0003600000001, 640.99968, 795.9999600000001]","[583.281504, 773.6902379999999, 638.2724159999999, 797.312322]"
00877.jpg,0,0,0.8700312010493721,,Small,"[1180.0003199999999, 762.9994800000001, 1241.00064, 789.99948]","[1178.65296, 763.91883, 1240.0785600000002, 791.93349]"
00878.jpg,0,0,0.9298070010525504,,Medium,"[1197.0009599999998, 116.00063999999999, 1296.0, 193.00031999999996]","[1197.4450560000002, 115.01481599999998, 1295.356224, 189.307584]"
00880.jpg,0,0,0.6975833803526648,,Tiny,"[768.0, 777.0000600000001, 808.99968, 793.00026]","[766.98096, 773.8800480000001, 809.3467199999999, 796.077072]"
00881.jpg,0,0,0.7040037066186912,,Tiny,"[807.0000000000001, 0.9995399999999992, 851.00064, 19.99998]","[803.5181759999999, 0.0, 852.086304, 24.450984000000002]"
00882.jpg,0,0,0.7875373736277047,,Tiny,"[930.0009600000001, 564.0002999999999, 958.0003200000001, 576.00018]","[926.92032, 562.994118, 957.81312, 576.6391619999999]"
00883.jpg,0,0,0.6992702995743024,,Tiny,"[1080.0, 521.0001, 1096.99968, 528.9996600000001]","[1079.191728, 519.1821522, 1095.968592, 528.5582478]"
00884.jpg,0,0,0.7427084164356399,,Tiny,"[784.00128, 518.9999399999999, 799.00032, 526.9995]","[781.6024608, 518.2017174, 799.2794592, 526.6550826]"
00885.jpg,0,0,0.6551499298728469,,Tiny,"[937.0003200000001, 495.00018, 949.00032, 501.99965999999995]","[934.3589568, 493.86277259999997, 949.0381632000001, 501.43930739999996]"
00886.jpg,0,0,0.6530315550246009,,Tiny,"[883.00128, 412.00001999999995, 904.0003199999999, 422.99981999999994]","[878.001792, 410.884002, 905.3863680000001, 423.800478]"
00887.jpg,0,0,0.857791494727411,,Tiny,"[1065.0, 605.9993400000001, 1111.99968, 624.99978]","[1063.904256, 606.7164600000001, 1110.0195840000001, 626.0085]"
00888.jpg,0,0,0.6822067537705989,,Tiny,"[1050.0009599999998, 441.00018, 1070.9999999999998, 447.99965999999995]","[1045.807776, 441.1387224, 1070.5045440000001, 449.2327176]"
00890.jpg,0,0,0.7215777435645655,,Tiny,"[1131.0, 137.9997, 1153.99968, 147.99942000000001]","[1128.409536, 137.180844, 1153.1802240000002, 149.258916]"
00891.jpg,0,0,0.6239693108213351,,Tiny,"[1239.0009599999998, 559.9999799999999, 1280.00064, 571.9998600000001]","[1234.6559999999997, 558.7034940000001, 1284.31488, 574.581546]"
00892.jpg,0,0,0.7237316229437638,,Tiny,"[1276.00032, 396.9999, 1320.00096, 417.00042]","[1281.352032, 398.66283000000004, 1318.715808, 415.70901]"
00893.jpg,0,0,0.7425566628675055,,Tiny,"[1573.99968, 594.00054, 1603.99968, 603.0001799999999]","[1572.77376, 595.1508912, 1604.16192, 604.1545487999999]"
00894.jpg,0,0,0.8236411390645308,,Tiny,"[1110.0, 185.99976, 1153.00032, 207.99936000000002]","[1107.999936, 184.9338, 1152.385344, 206.08236]"
00895.jpg,0,0,0.8485959915773618,,Tiny,"[1627.00032, 604.00026, 1672.99968, 618.0003]","[1625.06448, 604.1315340000001, 1672.9540800000002, 619.6747859999999]"
00896.jpg,0,0,0.8011269475943211,,Tiny,"[1308.0, 623.0006999999999, 1332.0, 632.0003399999999]","[1307.1017279999999, 623.1313422000001, 1331.012832, 633.2888178]"
00897.jpg,0,0,0.8544819467109598,,Small,"[1014.0009600000001, 549.99972, 1068.0009599999998, 573.99948]","[1012.5167039999999, 551.888586, 1066.470816, 573.5167739999999]"
00898.jpg,0,0,0.8717078403568883,,Tiny,"[1091.9990400000002, 736.0000200000001, 1121.9990400000002, 744.99966]","[1092.086592, 735.8961725999999, 1119.162048, 745.2482274]"
00899.jpg,0,0,0.9406956739069446,,Small,"[1461.9993600000003, 479.00052000000005, 1516.9996800000001, 504.00036]","[1462.289472, 478.60335, 1516.832448, 503.08856999999995]"
00900.jpg,0,0,0.8219599050513605,,Tiny,"[916.9996799999999, 635.9995799999999, 943.0003200000001, 649.9996199999999]","[914.782656, 635.642748, 941.9226239999999, 650.727972]"
00901.jpg,0,0,0.800471865101342,,Tiny,"[355.99967999999996, 657.00018, 383.99904, 670.0001400000001]","[356.960736, 657.223794, 383.733024, 668.106846]"
00902.jpg,0,0,0.6385576905597359,,Tiny,"[474.0, 606.00042, 493.00032000000004, 615.0000599999998]","[472.19232000000005, 605.410848, 493.61376, 617.9116319999999]"
00903.jpg,0,0,0.8531662502938551,,Tiny,"[831.9993599999999, 710.0000999999999, 848.99904, 721.99998]","[831.4230816, 709.126218, 848.2389984, 721.847862]"
00904.jpg,0,0,0.8788874884284327,,Tiny,"[1177.99968, 739.9992599999999, 1215.0, 759.9997799999999]","[1176.5564160000001, 740.6765819999999, 1213.248384, 759.817098]"
00905.jpg,0,0,0.6573147659234579,,Tiny,"[1008.9993600000001, 720.9999, 1031.9990400000002, 737.0001000000001]","[1006.430304, 723.2695739999999, 1029.7757760000002, 735.942186]"
00906.jpg,0,0,0.6692913580486971,,Tiny,"[985.99968, 761.99994, 1008.9993599999999, 777.0000600000001]","[981.628128, 760.1973660000001, 1009.9955520000001, 778.368474]"
00907.jpg,0,0,0.842974168947838,,Tiny,"[593.9999999999999, 618.0002999999999, 620.00064, 632.00034]","[592.442976, 618.123366, 620.7704640000001, 630.887994]"
00908.jpg,0,0,0.9474172841532449,,Tiny,"[853.99968, 571.00032, 898.00032, 592.99992]","[852.740832, 570.99924, 898.925088, 593.12196]"
00909.jpg,0,0,0.8395773384102092,,Tiny,"[652.99968, 565.0003800000001, 676.9996799999999, 579.0004200000001]","[650.560416, 564.909174, 676.336224, 578.344266]"
00910.jpg,0,0,0.7254804554346558,,Tiny,"[777.0, 548.0001, 816.00096, 562.0001400000001]","[778.143168, 549.520038, 810.526272, 561.752442]"
00911.jpg,0,0,0.9504365721491327,,Tiny,"[681.00096, 217.99962000000002, 727.0003200000001, 232.99974]","[680.240256, 217.728108, 727.649664, 232.958052]"
00912.jpg,0,0,0.8287115219587597,,Tiny,"[276.00096, 505.99998, 316.00032, 518.9999399999999]","[271.51123199999995, 505.6884, 315.559488, 519.6463200000001]"
00913.jpg,0,0,0.7741326925649475,,Tiny,"[802.00032, 581.00058, 839.0006400000001, 592.00038]","[801.704832, 580.3492590000001, 837.5719680000001, 590.4269009999999]"
00914.jpg,0,0,0.8286723416038267,,Tiny,"[401.99904, 474.99966, 450.99936, 491.99994]","[400.318944, 473.056254, 449.254176, 492.260706]"
00915.jpg,0,0,0.8747520293607818,,Tiny,"[802.99968, 376.00038, 836.00064, 389.00034]","[802.1856959999999, 375.440832, 837.033504, 389.51452800000004]"
00916.jpg,0,0,0.9051160331449377,,Tiny,"[1231.00128, 702.00054, 1259.00064, 714.0004200000001]","[1231.2173759999998, 701.143344, 1259.349024, 714.144816]"
00917.jpg,0,0,0.7452953711209915,,Tiny,"[1456.99872, 389.00034, 1476.99936, 399.00006]","[1454.305824, 389.184156, 1477.722336, 400.276404]"
00918.jpg,0,0,0.814030909844174,,Tiny,"[1488.99936, 499.9995, 1513.99968, 514.99962]","[1488.105216, 499.04796600000003, 1515.258624, 516.0137940000001]"
00919.jpg,0,0,0.9172308695426652,,Tiny,"[987.0, 360.00018, 1017.0, 377.00046000000003]","[985.5520319999999, 359.764524, 1017.457248, 376.801956]"
00922.jpg,0,0,0.8480891485126095,,Small,"[1329.00096, 697.99968, 1377.0009599999998, 720.9993599999999]","[1327.7011200000002, 697.134492, 1375.4784, 719.406468]"
00923.jpg,0,0,0.7438816048785387,,Tiny,"[1206.00096, 642.0006, 1241.0006400000002, 664.0002]","[1204.6040639999999, 640.4904359999999, 1242.597216, 660.7799640000001]"
00924.jpg,0,0,0.7663304042325557,,Tiny,"[577.00032, 606.00042, 606.0, 622.00062]","[573.98592, 603.972882, 605.44704, 622.570158]"
00925.jpg,0,0,0.8164174679410122,,Tiny,"[696.99936, 666.00036, 741.0, 687.99996]","[698.278848, 663.892578, 738.453312, 687.3926220000001]"
00926.jpg,0,0,0.7479601024987683,,Tiny,"[612.0, 793.0002599999999, 643.00032, 810.00054]","[609.1032, 790.7352840000001, 643.24752, 811.3712760000001]"
00927.jpg,0,0,0.7244048626767752,,Tiny,"[640.9996800000001, 645.0003, 662.99904, 651.99978]","[638.4234240000001, 644.2468434, 662.1116159999999, 651.4680365999999]"
00928.jpg,0,0,0.9120256435019936,,Tiny,"[561.9993599999999, 475.99974, 597.99936, 485.99946]","[561.6499200000001, 475.9057368, 595.86816, 485.8731432]"
00929.jpg,0,0,0.9229274736587753,,Tiny,"[257.00064000000003, 361.00025999999997, 297.0, 373.00014]","[255.82656, 360.967374, 295.91616, 373.264146]"
00930.jpg,0,0,0.8691757495700025,,Tiny,"[1549.99968, 279.00018, 1591.9996800000001, 296.00046]","[1549.81392, 279.87849, 1590.86064, 296.99703]"
00932.jpg,0,0,0.8669083989510064,,Tiny,"[657.0, 504.9999, 713.0006400000001, 518.9999399999999]","[655.41504, 503.811036, 713.1456, 518.562324]"
00933.jpg,0,0,0.8035772198589746,,Tiny,"[1188.0, 720.9999, 1235.9999999999998, 736.0000200000001]","[1186.44624, 722.0408580000001, 1233.45264, 735.129702]"
00934.jpg,0,0,0.7669367718917356,,Tiny,"[960.0, 576.00018, 1010.9990399999999, 585.9998999999999]","[960.688416, 574.5834359999999, 1009.8191039999999, 587.241684]"
00935.jpg,0,0,0.9340777314998508,,Tiny,"[1472.9990400000002, 470.00034, 1520.99904, 487.00062]","[1472.6201280000002, 470.357442, 1519.584672, 486.84439800000007]"
00936.jpg,0,0,0.9014418264795605,,Small,"[1252.99968, 606.9994200000001, 1315.0003199999999, 626.99994]","[1252.0963199999999, 605.766708, 1314.52512, 626.554332]"
00937.jpg,0,0,0.8636167792272638,,Tiny,"[800.00064, 525.00042, 838.0012800000001, 536.00022]","[798.525984, 525.450969, 837.360096, 535.454631]"
00938.jpg,0,0,0.8566043377380017,,Tiny,"[445.99968, 156.00006, 485.99904000000004, 165.99978000000002]","[445.774368, 156.633642, 485.268192, 166.69027799999998]"
00939.jpg,0,0,0.8136221304951089,,Tiny,"[1159.99968, 190.99962, 1194.99936, 206.99982000000003]","[1157.6397120000001, 191.665818, 1197.082848, 207.79810199999997]"
00940.jpg,0,0,0.8940481969739731,,Tiny,"[680.99904, 243.99954, 711.99936, 261.99989999999997]","[679.255488, 244.33131600000002, 711.2891520000001, 262.30532400000004]"
00941.jpg,0,0,0.8810494733309071,,Tiny,"[768.99936, 310.0005, 793.9996799999999, 323.00046]","[767.019936, 310.118274, 793.828704, 322.521966]"
00942.jpg,0,0,0.7735636660956854,,Small,"[1320.0, 219.00024, 1367.9999999999998, 246.00024000000002]","[1315.118304, 216.872316, 1367.4058559999999, 248.21024400000002]"
00943.jpg,0,0,0.7995604900721502,,Small,"[1067.9990400000002, 457.99992000000003, 1131.0, 480.9996]","[1066.22496, 459.450198, 1129.5984, 483.728922]"
00944.jpg,0,0,0.6146982576797152,,Tiny,"[1320.9993599999998, 408.99978000000004, 1355.99904, 428.00022]","[1313.388768, 407.48697, 1360.875552, 430.26903]"
00945.jpg,0,0,0.8641898955845014,,Small,"[784.99968, 213.00029999999998, 830.99904, 247.99986]","[781.756128, 212.411592, 830.129952, 249.56704800000003]"
00946.jpg,0,0,0.9171840843907993,,Small,"[775.99968, 34.00001999999999, 841.99968, 72.9999]","[774.55152, 34.69845599999999, 842.20752, 74.754792]"
00947.jpg,0,0,0.9410013180272315,,Small,"[744.0, 728.9999999999999, 801.99936, 758.00016]","[743.05104, 729.8166959999999, 802.5144, 758.2332240000001]"
00948.jpg,0,0,0.8260199272200379,,Tiny,"[216.99936000000002, 166.99985999999998, 263.99904, 186.0003]","[217.66704000000001, 165.64316399999998, 262.17552, 184.69371600000002]"
00949.jpg,0,0,0.7651666146889359,,Tiny,"[1240.00032, 447.00066, 1263.0, 457.00038]","[1237.0410239999999, 445.574736, 1262.918016, 456.888384]"
00950.jpg,0,0,0.9211736037531266,,Tiny,"[1173.0009599999998, 305.00064, 1214.0006400000002, 327.00023999999996]","[1171.980864, 304.447518, 1213.968576, 327.732642]"
00951.jpg,0,0,0.9205854142523757,,Small,"[1590.0009599999998, 460.00008, 1656.00096, 489.00024]","[1588.713696, 460.770984, 1655.437344, 489.84285600000004]"
00952.jpg,0,0,0.8978347400500353,,Small,"[193.00032, 824.00004, 272.00064, 851.00004]","[193.10620799999998, 822.96081, 271.522272, 852.83199]"
00953.jpg,0,0,0.8641333774337856,,Tiny,"[1053.0, 495.00018, 1083.0, 508.00014]","[1052.94192, 496.021644, 1082.11728, 508.443156]"
00954.jpg,0,0,0.8680354495062262,,Tiny,"[1190.9999999999998, 393.99966000000006, 1228.0003199999999, 406.99962]","[1189.3654080000001, 393.9381, 1227.1465919999998, 407.9727]"
00955.jpg,0,0,0.6127256413290088,,Tiny,"[1463.0006399999997, 528.99966, 1505.00064, 544.9998599999999]","[1472.25072, 531.92349, 1505.7192, 545.52339]"
00956.jpg,0,0,0.9476595756721116,,Medium,"[625.00032, 587.99988, 693.00032, 642.99996]","[624.3007359999999, 587.1838680000001, 691.1783039999999, 643.116132]"
00957.jpg,0,0,0.8740798436496934,,Medium,"[575.00032, 576.0, 632.99968, 616.00032]","[578.287168, 576.514656, 629.994432, 616.306464]"
00958.jpg,0,0,0.9394728942953408,,Medium,"[466.0, 21.000240000000005, 546.99968, 97.99992]","[464.567424, 20.348424000000005, 549.241216, 97.22786400000001]"
00960.jpg,0,0,0.8927203787039307,,Medium,"[845.99936, 250.99992, 904.9996800000001, 284.99976]","[841.8695679999998, 250.47316800000002, 906.118912, 285.447312]"
00961.jpg,0,0,0.952889431533899,,Large,"[319.00032000000004, 140.99976, 687.0003199999999, 311.99976]","[316.10944, 141.50771999999998, 674.3084799999999, 312.42204000000004]"
00962.jpg,0,0,0.931275664918671,,Large,"[481.00032, 66.9996, 712.00064, 257.99976000000004]","[475.81376, 66.81779999999999, 704.6304, 261.11196]"
00963.jpg,0,0,0.9175594426037572,,Large,"[425.00032, 189.99971999999997, 757.0003199999999, 451.9998]","[431.34656, 198.56628, 747.23904, 451.22508]"
00964.jpg,0,0,0.8146952489268502,,Large,"[140.0, 311.99976000000004, 490.00064000000003, 502.9999200000001]","[189.83104, 311.54220000000004, 477.03872, 502.00020000000006]"
00965.jpg,0,0,0.905466376176279,,Small,"[733.00032, 325.00007999999997, 773.9999999999999, 361.00007999999997]","[731.75968, 324.182592, 775.45056, 361.492128]"
00966.jpg,0,0,0.8951087173945476,,Large,"[324.0, 246.9996, 730.0006400000001, 367.99992]","[335.93344, 243.78156000000004, 713.2031999999999, 369.74628000000007]"
00967.jpg,0,0,0.9045896033471156,,Large,"[244.00000000000003, 138.99996000000002, 860.0, 367.00019999999995]","[249.40287999999998, 141.85691999999997, 873.79456, 380.48148000000003]"
00968.jpg,0,0,0.9289653285941627,,Large,"[252.0, 138.99960000000002, 864.9996799999999, 313.99992000000003]","[258.38848, 140.36004000000003, 838.20288, 315.90108000000004]"
00969.jpg,0,0,0.876180370118991,,Large,"[426.99968, 279.0, 782.9996800000001, 384.99984]","[440.21824000000004, 280.97136, 768.9952, 388.95264000000003]"
00970.jpg,0,0,0.881175696168604,,Large,"[531.0003200000001, 295.99992, 750.0006400000001, 390.9996]","[516.8000000000001, 294.41051999999996, 747.05664, 387.65268000000003]"
00971.jpg,0,0,0.9781636142093127,,Large,"[504.0, 357.00048, 732.9996800000001, 470.00016]","[501.28896, 356.96988, 730.97984, 469.86515999999995]"
00972.jpg,0,0,0.9593854089171285,,Large,"[593.00032, 281.00016, 890.0, 452.00016000000005]","[588.8710400000001, 283.35852, 894.16768, 451.9314]"
00973.jpg,0,0,0.6869210156713831,,Large,"[440.0, 356.99976000000004, 664.0, 509.99976]","[444.8307199999999, 351.25452, 664.23552, 468.4482]"
00974.jpg,0,0,0.941952967557693,,Large,"[617.00032, 308.00016, 834.0, 411.99984]","[616.19456, 309.03444, 833.1135999999999, 407.74572]"
00975.jpg,0,0,0.9545836219339259,,Large,"[393.99936, 28.000080000000004, 764.9996799999999, 291.00024]","[394.64896000000005, 30.166200000000003, 752.66112, 291.70259999999996]"
00976.jpg,0,0,0.8965252483278259,,Large,"[368.99968, 115.0002, 661.9993599999999, 278.00028000000003]","[370.86784, 130.24224, 663.4592, 278.02512]"
00977.jpg,0,0,0.8880468189612942,,Large,"[452.00064000000003, 85.99968, 757.0003200000001, 270.0]","[482.9056, 85.56660000000001, 755.08736, 269.487]"
00978.jpg,0,0,0.9236709439298135,,Large,"[560.99968, 215.99963999999997, 780.0, 369.99971999999997]","[559.21344, 224.11872, 783.1968, 370.60272000000003]"
00979.jpg,0,0,0.9664114636826164,,Small,"[546.00064, 257.0004, 599.00032, 282.00024]","[544.3408000000001, 257.069448, 599.01664, 282.008952]"
00980.jpg,0,0,0.9552161996795097,,Large,"[404.00000000000006, 252.99972, 588.0, 334.9998]","[402.34688, 254.8746, 588.6291200000001, 334.14155999999997]"
00981.jpg,0,0,0.9700390563436366,,Large,"[419.00032, 204.99983999999998, 635.0003200000001, 299.00016]","[421.35360000000003, 205.04124000000002, 631.6051199999999, 298.71828]"
00982.jpg,0,0,0.8377988011405121,,Large,"[316.0, 265.99968, 508.00000000000006, 339.99984]","[344.08256, 264.63599999999997, 508.31808, 339.8832]"
00983.jpg,0,0,0.9174878008809678,,Small,"[541.00032, 278.00028, 593.00032, 313.00019999999995]","[538.75904, 277.421616, 593.93088, 312.61262400000004]"
00984.jpg,0,0,0.9667547436488494,,Large,"[352.99968, 93.99995999999999, 491.99999999999994, 194.00004]","[351.63455999999996, 93.86676, 491.35808, 192.19068]"
00985.jpg,0,0,0.9553321378895714,,Large,"[513.99936, 159.99984, 624.0, 245.00015999999997]","[513.1544959999999, 161.25876, 622.850624, 243.93275999999997]"
00986.jpg,0,0,0.9346882017548246,,Medium,"[722.0, 375.00012000000004, 769.00032, 419.00003999999996]","[721.61568, 375.001128, 767.736, 420.47503199999994]"
00987.jpg,0,0,0.9531627309143376,,Large,"[590.0, 276.00048, 771.99936, 362.00015999999994]","[586.1568000000001, 274.45356, 772.11776, 361.2474]"
00988.jpg,0,0,0.6635239250470265,,Large,"[753.00032, 296.00028, 938.0, 396.00036]","[675.7401600000001, 294.63228, 939.6479999999999, 390.3498]"
00989.jpg,0,0,0.9699439962503735,,Large,"[487.99936, 122.00004, 706.0, 224.00027999999998]","[487.07648000000006, 120.9132, 702.67072, 224.04888]"
00990.jpg,0,0,0.9529659422593594,,Large,"[526.0, 220.00032, 778.0, 324.0]","[525.46304, 220.48595999999998, 770.1529600000001, 325.05084]"
00991.jpg,0,0,0.9690277765017076,,Large,"[1.0003199999999879, 140.00003999999998, 360.00064000000003, 348.00012]","[0.0006399999999828765, 135.46944000000002, 362.04735999999997, 348.31152000000003]"
00992.jpg,0,0,0.8712058877752177,,Large,"[612.99968, 182.99988000000002, 742.9990399999999, 291.99996]","[622.0392320000001, 187.85268, 740.7127680000001, 292.14108]"
00993.jpg,0,0,0.9450552805000114,,Large,"[262.0, 491.00004000000007, 416.00064000000003, 577.9998]","[258.57088000000005, 488.5362, 415.66912, 577.6038]"
00994.jpg,0,0,0.9405385245891869,,Medium,"[444.99968, 460.00044, 515.00032, 493.0002]","[443.031104, 460.587456, 514.977216, 493.52486400000004]"
00995.jpg,0,0,0.9171152171450214,,Large,"[633.00032, 151.99992, 898.0, 340.99992]","[644.4223999999999, 158.81040000000002, 898.3078399999999, 341.91936]"
00996.jpg,0,0,0.9206652080552584,,Medium,"[545.99936, 307.00007999999997, 640.0, 338.99976]","[545.312064, 307.038636, 642.341056, 340.63304400000004]"
00997.jpg,0,0,0.9031946381464357,,Medium,"[562.99968, 286.99992, 674.0, 325.00007999999997]","[560.557888, 286.96676399999996, 670.597312, 326.931156]"
00998.jpg,0,0,0.8755414426338545,,Large,"[533.00032, 231.00011999999998, 794.9996800000001, 347.00004]","[535.16032, 229.90788, 768.3328, 348.05628]"
00999.jpg,0,0,0.9531949455022809,,Medium,"[581.00032, 261.0, 668.0006400000001, 290.00016]","[580.400384, 260.60742, 666.9596160000001, 290.47193999999996]"
01000.jpg,0,0,0.9678350866405281,,Large,"[508.0, 225.0, 719.00032, 308.00016]","[509.93216000000007, 224.52083999999996, 717.87712, 306.97452]"
01001.jpg,0,0,0.9160476745918547,,Medium,"[658.99968, 181.99980000000002, 731.99936, 216.99972]","[657.6859519999999, 181.11772799999997, 733.602368, 217.857312]"
01002.jpg,0,0,0.9465641182226622,,Large,"[565.0003200000001, 362.99987999999996, 710.0, 478.9998]","[561.0342400000001, 365.13000000000005, 709.68064, 478.10519999999997]"
01003.jpg,0,0,0.9608296729145314,,Large,"[562.99968, 289.00008, 750.99968, 390.00024]","[561.5808, 291.40812, 749.63072, 389.88324000000006]"
01004.jpg,0,0,0.910868673074161,,Small,"[604.0, 295.99992, 660.0, 325.00008]","[604.6139519999999, 295.97695200000004, 658.551488, 323.44624799999997]"
01005.jpg,0,0,0.9091736944414548,,Large,"[615.99936, 278.99964, 814.9996800000001, 425.99987999999996]","[610.3731200000001, 279.34992, 814.5382400000001, 435.53231999999997]"
01006.jpg,0,0,0.9168716840865411,,Small,"[597.99936, 336.99996, 640.99968, 365.00004]","[597.615808, 336.757212, 639.875392, 366.27382800000004]"
01007.jpg,0,0,0.9790401201719774,,Large,"[564.0, 217.00008000000003, 688.99968, 302.00039999999996]","[564.0158720000001, 216.93564, 687.422208, 301.35636]"
01008.jpg,0,0,0.9123325602049573,,Medium,"[522.0, 359.00028, 649.00032, 414.00036]","[521.0730880000001, 361.75687200000004, 647.9483520000001, 415.409688]"
01009.jpg,0,0,0.821780160724355,,Tiny,"[624.0, 424.00043999999997, 652.9996799999999, 439.00020000000006]","[622.0975360000001, 422.73251999999997, 651.9991040000001, 439.32204]"
01010.jpg,0,0,0.9142091663995283,,Small,"[485.99936, 231.99984, 528.99968, 254.99952]","[485.490368, 231.93770399999997, 527.831872, 256.158936]"
01011.jpg,0,0,0.8776833818158026,,Medium,"[655.99936, 199.00044, 726.99968, 250.00020000000004]","[653.095872, 199.578456, 725.6510079999999, 246.93962400000004]"
01012.jpg,0,0,0.7324795503803282,,Small,"[806.00064, 138.00024, 859.0003200000001, 165.00024]","[802.3570560000001, 136.64743199999998, 863.6653439999999, 168.513048]"
01013.jpg,0,0,0.9603052015034325,,Large,"[661.00032, 222.00011999999998, 972.00064, 322.0002]","[658.14272, 223.94268000000002, 974.8838400000001, 322.2954]"
01014.jpg,0,0,0.9906397020509732,,Large,"[403.00031999999993, 279.00036, 678.00064, 366.00012]","[402.91456000000005, 279.5796, 678.3270400000001, 366.10776]"
01015.jpg,0,0,0.9181803680635569,,Large,"[451.00032, 273.00024, 1011.00032, 460.00008]","[446.16128000000003, 278.0964, 1023.8649599999999, 465.19848]"
01016.jpg,0,0,0.8178441751869384,,Large,"[516.00064, 278.99964, 968.00064, 432.99971999999997]","[527.45024, 280.24271999999996, 903.6384, 434.74464]"
01017.jpg,0,0,0.958717130303143,,Large,"[203.00096000000002, 290.00016, 577.00032, 409.00032]","[204.55680000000004, 290.61504, 579.23072, 412.25759999999997]"
01018.jpg,0,0,0.9653039415615137,,Large,"[500.00064000000003, 325.00007999999997, 888.00064, 448.9999199999999]","[494.10687999999993, 322.72200000000004, 887.24864, 448.98408000000006]"
01019.jpg,0,0,0.7116198809984997,,Medium,"[541.0003200000001, 216.99972, 617.00032, 262.9998]","[538.96288, 217.50822000000002, 619.3936, 251.65962000000002]"
01020.jpg,0,0,0.9650522462643294,,Large,"[280.00000000000006, 338.00004, 558.0006400000001, 449.00028]","[277.61728, 337.63968, 553.71456, 449.94383999999997]"
01021.jpg,0,0,0.8775690290875384,,Medium,"[566.99968, 262.00008, 622.0, 295.99992]","[563.292864, 262.265616, 623.003456, 297.429264]"
01022.jpg,0,0,0.95497478174473,,Large,"[380.99968, 0.9997200000000006, 636.99968, 107.99964]","[376.66176, 7.19999999920784e-05, 636.64768, 110.030472]"
01023.jpg,0,0,0.9912839176511882,,Large,"[452.0, 178.99992000000003, 628.0, 334.00008]","[450.6176, 178.91243999999998, 627.99232, 334.05012]"
01024.jpg,0,0,0.8210175557637577,,Tiny,"[506.99968000000007, 452.99952, 531.99936, 465.99984000000006]","[505.17350400000004, 453.48947999999996, 530.277376, 465.74172000000004]"
01025.jpg,0,0,0.7499453439582298,,Tiny,"[550.99968, 500.9997599999999, 575.99936, 514.00008]","[549.466112, 498.967344, 575.090688, 513.326736]"
01026.jpg,0,0,0.9264839629317454,,Small,"[450.99968, 411.00012, 507.99936, 437.00004]","[449.963072, 410.12197199999997, 509.345728, 437.05882799999995]"
01027.jpg,0,0,0.9632168388092397,,Small,"[520.0, 432.0, 580.99968, 459.00000000000006]","[518.814784, 432.15966, 581.393856, 458.83169999999996]"
01028.jpg,0,0,0.9618647009435365,,Medium,"[634.0006400000001, 169.00019999999998, 756.0000000000001, 242.00028]","[632.311488, 168.836616, 756.2350720000001, 240.46034400000002]"
01029.jpg,0,0,0.9692778055837638,,Large,"[358.00000000000006, 68.00004, 502.99968, 165.99996000000002]","[356.47872, 68.13108000000001, 501.1776, 166.67676]"
01030.jpg,0,0,0.9324572357554265,,Large,"[554.99904, 309.00023999999996, 840.99968, 482.00039999999996]","[552.1126399999999, 310.64399999999995, 851.9551999999999, 479.58336]"
01031.jpg,0,0,0.7638434938809866,,Small,"[650.9996799999999, 318.99996, 707.99936, 344.99988]","[651.210304, 320.26845599999996, 700.761536, 343.113624]"
01032.jpg,0,0,0.6140229692508193,,Large,"[343.99935999999997, 200.00016000000002, 590.99968, 328.00032]","[328.17664, 198.99576, 588.5363199999999, 283.35528]"
01033.jpg,0,0,0.831644253198845,,Large,"[306.0, 210.99960000000002, 750.0, 358.99992]","[336.99968, 208.06272, 712.9049600000001, 359.21376000000004]"
01034.jpg,0,1,0.7777942728735435,,Large,"[507.99936, 272.00016, 698.99968, 348.99984]","[512.73408, 267.03504, 700.2911999999999, 363.40704]"
01035.jpg,0,0,0.9264190942286095,,Medium,"[510.00064000000003, 163.99980000000002, 667.0003200000001, 216.99972]","[508.62271999999996, 162.421236, 667.9558399999999, 218.79284400000003]"
01036.jpg,0,0,0.9681252498734635,,Medium,"[931.9999999999999, 392.00004, 1066.00064, 449.00028]","[933.0144, 393.025392, 1065.15776, 448.9843680000001]"
01037.jpg,0,0,0.9658045802485395,,Large,"[480.99968, 167.00003999999998, 637.99936, 246.99995999999996]","[479.7984, 167.10263999999998, 638.86272, 245.36088]"
01038.jpg,0,0,0.9497450925446204,,Medium,"[684.0, 141.00012, 820.0, 194.00004]","[683.73312, 141.907896, 820.47424, 192.506184]"
01039.jpg,0,0,0.9651548387953335,,Large,"[566.99968, 176.00004, 788.99904, 258.00012000000004]","[565.89888, 173.89079999999998, 789.8003199999999, 257.87304]"
01040.jpg,0,0,0.9095312249143536,,Large,"[864.0, 73.00008, 1131.00032, 178.99991999999997]","[862.23232, 73.94184000000001, 1112.40576, 178.24392]"
01041.jpg,0,0,0.9538941277402414,,Medium,"[648.9996799999999, 124.99991999999999, 765.99936, 174.9996]","[647.30304, 123.91300799999999, 765.7580800000001, 174.53131199999999]"
01042.jpg,0,0,0.9572305751484066,,Medium,"[637.0003199999999, 291.00024, 732.00064, 365.0004]","[635.890752, 290.04048, 733.281728, 364.54895999999997]"
01043.jpg,0,0,0.9503312717105525,,Large,"[712.9996800000001, 352.99980000000005, 844.0, 423.99972]","[708.61952, 353.33946000000003, 845.82528, 424.00566000000003]"
01044.jpg,0,0,0.9289783980320871,,Large,"[681.00032, 336.99996, 890.0, 441.99972]","[680.3424000000001, 335.58516, 878.9894400000001, 442.41804]"
01045.jpg,0,0,0.9208204702927265,,Large,"[638.0006400000001, 214.0002, 787.0003200000001, 314.00028000000003]","[630.15552, 214.38144, 788.4966400000001, 315.82511999999997]"
01046.jpg,0,0,0.8851542881677997,,Large,"[342.00064, 282.00024, 915.0003200000001, 541.00008]","[345.58784, 284.63939999999997, 868.67136, 546.9073199999999]"
01047.jpg,0,0,0.6584476565840475,,Small,"[468.0, 231.00011999999998, 500.0, 250.0002]","[464.56831999999997, 230.129928, 505.85856, 252.493272]"
01048.jpg,0,0,0.925628373008142,,Large,"[549.99936, 322.99992000000003, 725.99936, 417.00023999999996]","[546.99392, 322.19460000000004, 719.99616, 415.3518]"
01049.jpg,0,0,0.9712977108515706,,Large,"[577.0003199999999, 248.00004000000004, 866.0, 379.9998]","[579.5443200000001, 247.60512, 861.1008000000002, 380.016]"
01050.jpg,0,0,0.9587287621201062,,Large,"[727.99936, 254.00016000000002, 987.99936, 409.00032]","[730.0128000000001, 257.41548000000006, 986.34432, 408.14531999999997]"
01051.jpg,0,0,0.9515993583175245,,Large,"[878.0006400000001, 253.99980000000002, 1027.00032, 329.00004]","[876.8863999999999, 253.26108, 1029.30496, 327.69828000000007]"
01052.jpg,0,0,0.8481464524252023,,Large,"[248.00000000000006, 190.9998, 441.99936, 311.00004]","[247.33056, 189.75852, 444.54783999999995, 328.93524]"
01053.jpg,0,0,0.8855277381551716,,Medium,"[508.99968, 199.00008, 571.00032, 235.00008000000003]","[506.071552, 199.269036, 571.6526080000001, 237.16184399999997]"
01054.jpg,0,0,0.9271295485859912,,Small,"[501.00032000000004, 137.99988, 537.00032, 159.00011999999998]","[499.76236800000004, 137.63142000000002, 536.991552, 159.5241]"
01055.jpg,0,0,0.7203041103418091,,Small,"[456.00064000000003, 279.0, 502.0, 306.0]","[445.949696, 277.90063200000003, 506.09638399999994, 306.56800799999996]"
01056.jpg,1,0,0.9434184316871548,,Large,"[297.00032000000004, 269.99964, 475.00095999999996, 344.99988]","[295.15264, 270.486, 470.42816000000005, 346.19832]"
01056.jpg,0,1,0.9154192210598898,,Large,"[531.00032, 336.00023999999996, 739.00032, 433.00007999999997]","[530.65344, 340.09668, 733.5385600000001, 434.70972]"
01057.jpg,0,0,0.9531998843892573,,Large,"[636.0, 276.99984, 799.0003200000001, 371.99951999999996]","[633.4150400000001, 277.74108, 797.84256, 370.35251999999997]"
01058.jpg,0,0,0.9468938595603682,,Large,"[746.9996800000001, 219.00024000000002, 923.99936, 302.0004]","[746.37632, 220.23108, 920.752, 303.50555999999995]"
01059.jpg,0,0,0.9716257344159059,,Large,"[505.99999999999994, 336.99996, 721.00032, 450.99972]","[506.1536, 338.32259999999997, 719.152, 451.89612]"
01060.jpg,0,0,0.9617238909834841,,Large,"[514.00064, 240.99984, 735.0003200000001, 342.0]","[511.77728, 241.98731999999998, 732.0550400000001, 341.40852]"
01061.jpg,0,0,0.952017692718033,,Medium,"[570.0, 275.99976, 638.0, 320.99976]","[568.40032, 275.797728, 639.06208, 320.706432]"
01062.jpg,0,0,0.9050592353434965,,Large,"[523.99936, 108.99971999999998, 762.9996800000001, 197.99964]","[524.192, 112.81356000000001, 751.24352, 198.43812000000003]"
01063.jpg,0,0,0.8702323522811757,,Large,"[570.0000000000001, 174.00024, 809.0003200000001, 262.00008]","[570.6521600000001, 171.98316, 783.74656, 262.40724]"
01064.jpg,0,0,0.9262869182774071,,Large,"[860.0, 233.00028, 1021.99936, 293.00004]","[857.38496, 232.29151200000004, 1019.4457600000001, 295.07536799999997]"
01065.jpg,0,0,0.9576896781422896,,Large,"[501.9993599999999, 224.00028000000003, 768.99968, 349.0002]","[498.30656, 226.57283999999999, 768.96768, 350.1126]"
01066.jpg,0,0,0.8258073824241207,,Medium,"[749.00032, 290.00016, 857.0003200000001, 330.99984]","[733.407232, 290.852964, 856.7956479999999, 332.51151600000003]"
01067.jpg,0,0,0.9139720868378483,,Medium,"[731.00032, 117.0, 871.9999999999999, 166.00032000000002]","[730.7904000000001, 118.11088799999999, 865.95072, 167.124312]"
01068.jpg,0,0,0.770514103567105,,Medium,"[648.00064, 216.00036, 790.0, 276.00012]","[646.9324799999999, 220.926888, 793.5667199999999, 285.372792]"
01069.jpg,0,0,0.926213636920852,,Medium,"[473.00031999999993, 279.0, 568.00064, 317.00016]","[471.37926400000003, 278.268372, 568.587456, 318.363948]"
01070.jpg,0,0,0.919826635989684,,Medium,"[490.00064000000003, 270.0, 639.00032, 319.00032]","[491.64032, 268.836696, 637.3504, 321.00170399999996]"
01071.jpg,0,0,0.9338388612602498,,Large,"[328.00064, 195.99983999999998, 785.0003200000001, 333.0]","[351.60832, 194.57819999999998, 782.7302400000001, 332.94276]"
01072.jpg,0,0,0.7067650254361194,,Large,"[305.00032, 232.99991999999997, 730.0, 334.00008]","[305.71648, 195.57108, 728.84608, 338.02956]"
01073.jpg,0,0,0.862415644436565,,Large,"[498.99968, 471.00023999999996, 878.99968, 642.00024]","[537.44448, 471.11003999999997, 866.9228799999999, 641.19636]"
01074.jpg,0,0,0.9385188234988893,,Large,"[584.0, 203.99975999999995, 896.0, 295.99992]","[582.73344, 201.28356, 889.07456, 296.82540000000006]"
01075.jpg,0,0,0.9707551991299251,,Large,"[465.00032, 201.00024, 794.0, 311.00039999999996]","[463.6192, 201.28320000000002, 795.85984, 309.09743999999995]"
01076.jpg,0,0,0.6188993645100388,,Large,"[409.00032, 259.0002, 882.0, 433.00044]","[370.0896, 184.3578, 881.0975999999999, 425.38572]"
01077.jpg,0,0,0.7411808271071564,,Large,"[378.00064, 217.9998, 775.0003200000001, 362.99987999999996]","[346.03904, 219.25728, 717.9353600000001, 373.12847999999997]"
01078.jpg,0,0,0.9772873082243276,,Large,"[390.00064000000003, 237.99996, 848.0000000000001, 416.99988]","[392.43775999999997, 235.90764, 846.7968000000001, 416.38068000000004]"
01079.jpg,0,0,0.8311003534980732,,Large,"[573.9999999999999, 116.99999999999999, 978.0, 225.0]","[577.88736, 112.239, 1018.0089599999999, 220.59252]"
01080.jpg,0,0,0.7998872437393062,,Large,"[540.0, 313.99956, 864.9996799999999, 406.9998]","[490.42944000000006, 310.30595999999997, 879.5340799999999, 406.5246]"
01081.jpg,0,0,0.9628133488504732,,Large,"[588.99968, 242.00028, 921.99936, 340.0002]","[589.20512, 241.14852000000002, 923.3990399999999, 337.62492]"
01082.jpg,0,0,0.897057849133412,,Large,"[433.00095999999996, 284.0004, 771.00032, 417.00023999999996]","[442.88832, 286.65504, 789.07584, 415.94832]"
01083.jpg,1,0,0.9845548088915103,,Medium,"[619.00032, 292.00032, 734.00064, 368.99999999999994]","[619.460992, 291.70008, 734.425728, 368.69256]"
01083.jpg,0,1,0.9461189657113573,,Large,"[412.99968000000007, 356.99976, 596.99968, 478.00007999999997]","[415.26272, 361.30643999999995, 597.7344, 477.65772]"
01083.jpg,2,2,0.7831957079703714,,Medium,"[826.99968, 237.00024, 925.0003199999999, 329.0004]","[817.8507519999999, 248.64984, 924.0014080000001, 327.25224000000003]"
01084.jpg,2,0,0.9797974413039623,,Large,"[642.00064, 465.00012000000004, 786.00064, 590.00004]","[643.3536000000001, 465.2658, 785.66912, 589.1900400000001]"
01084.jpg,0,1,0.9661823103855486,,Medium,"[1050.9996800000001, 273.9996, 1150.9996800000001, 356.99976]","[1050.019904, 275.55156, 1151.551936, 356.94971999999996]"
01084.jpg,1,2,0.9545447916209001,,Medium,"[606.99968, 159.99984000000003, 702.0, 231.99984]","[604.658688, 159.30755999999997, 701.6145919999999, 232.62876]"
01085.jpg,2,0,0.9425200542292118,,Medium,"[823.99936, 313.99992, 950.9996799999999, 372.99959999999993]","[825.0490880000001, 315.619056, 948.8209919999999, 372.67790399999996]"
01085.jpg,1,2,0.941845110976191,,Medium,"[549.00032, 236.00016000000002, 660.0006400000001, 285.99983999999995]","[545.4463360000001, 236.55671999999998, 659.5763840000001, 285.30504]"
01085.jpg,0,1,0.9341177665731968,,Large,"[282.99968, 291.99996, 462.99968, 378.99972]","[276.80064, 291.1932, 465.328, 377.85672]"
01086.jpg,1,1,0.9566966935310789,,Large,"[306.0, 54.999719999999996, 617.00032, 134.99964]","[308.26624000000004, 52.61688, 616.544, 134.49096]"
01086.jpg,0,0,0.9562724874776951,,Large,"[536.99904, 251.99964, 1002.9996800000001, 461.99988]","[538.4403199999999, 258.30252, 999.87392, 462.933]"
01087.jpg,0,0,0.9286840130348235,,Large,"[312.0, 249.99984000000003, 721.9993599999999, 474.99984]","[327.82975999999996, 252.35928, 730.3513599999999, 474.06744]"
01088.jpg,1,1,0.9624051264012429,,Large,"[936.9996800000001, 1.000080000000001, 1173.99936, 86.0004]","[936.74496, 2.705831999999995, 1173.6857599999998, 87.344712]"
01088.jpg,0,0,0.9592609861216664,,Large,"[438.99968, 263.00016, 839.99936, 495.0]","[438.29632000000004, 267.55668000000003, 846.25024, 496.13868]"
01089.jpg,0,0,0.9472147477951048,,Large,"[488.0006399999999, 292.99967999999996, 841.00032, 429.99983999999995]","[492.21567999999996, 294.58151999999995, 847.8086400000001, 431.63352]"
01090.jpg,0,0,0.7983241513963956,,Large,"[578.0, 248.00004000000004, 922.9996799999999, 449.00028]","[615.26784, 265.90464, 917.96224, 448.79472000000004]"
01091.jpg,2,0,0.9223544509741879,,Large,"[296.0, 326.99952, 472.0, 465.99983999999995]","[301.84448, 329.69124000000005, 468.03455999999994, 465.46668000000005]"
01091.jpg,0,1,0.7230700687142969,,Medium,"[892.9996799999999, 264.9996, 992.0, 329.99976]","[868.868544, 259.149636, 992.353856, 328.65980399999995]"
01091.jpg,1,2,0.7018632961765701,,Medium,"[812.9996800000001, 225.0, 896.0, 308.00016]","[812.9642240000001, 224.78616, 879.246976, 298.16423999999995]"
01092.jpg,0,0,0.9585202264447725,,Large,"[472.00064, 312.0001199999999, 641.00032, 457.00019999999995]","[470.69568000000004, 309.66731999999996, 641.36832, 454.59684]"
01092.jpg,1,1,0.9027170826974807,,Medium,"[973.00032, 250.99956000000003, 1089.0003199999999, 316.9998]","[978.4755200000001, 249.82124399999998, 1086.72, 315.911556]"
01093.jpg,0,1,0.9172148537069693,,Medium,"[412.00064, 293.0004, 501.00032, 334.00008]","[409.755712, 293.144436, 502.244288, 332.152524]"
01093.jpg,1,0,0.8448041501399511,,Medium,"[686.00064, 297.0, 819.0003200000001, 351.0]","[690.5427199999999, 298.097748, 829.6851200000001, 353.13361199999997]"
01094.jpg,0,0,0.9565141816245281,,Large,"[417.99936, 64.9998, 977.99936, 362.99987999999996]","[426.01215999999994, 58.25411999999998, 976.8627200000001, 364.85244]"
01095.jpg,0,0,0.9728475751065508,,Large,"[529.00032, 131.0004, 1280.0006400000002, 559.00008]","[529.97888, 125.94131999999999, 1280.0, 565.3278]"
01096.jpg,0,0,0.9160343635354585,,Large,"[1.0003199999999879, 251.99999999999997, 845.0003200000001, 654.9998400000001]","[9.548800000000028, 270.18468, 872.86528, 654.87708]"
01097.jpg,0,1,0.770693240295984,,Large,"[188.99968, 331.99992, 996.99968, 613.0000799999999]","[171.0304, 349.37856, 1046.1984000000002, 580.7678400000001]"
01098.jpg,0,0,0.9454509550047379,,Large,"[632.0, 131.00004, 960.0, 226.9998]","[625.4751999999999, 128.99628, 964.4896, 226.76148]"
01099.jpg,0,0,0.9071771164690039,,Large,"[733.00096, 122.99976, 935.0003200000001, 219.99960000000002]","[729.2287999999999, 119.61504000000001, 937.10848, 223.51536]"
01100.jpg,0,0,0.9479578789349055,,Large,"[709.0003200000001, 106.0002, 1092.00064, 224.00027999999998]","[705.22688, 105.06563999999999, 1081.6992, 225.06731999999997]"
01101.jpg,0,0,0.972673314615879,,Large,"[354.99968, 236.00016000000002, 546.0, 368.99999999999994]","[354.7097600000001, 236.88683999999998, 549.65632, 368.90532]"
01102.jpg,0,0,0.9652725903409464,,Large,"[620.0, 127.99980000000001, 1088.99968, 470.99987999999996]","[618.4243200000001, 130.05108, 1079.04256, 472.599]"
01103.jpg,0,0,0.8901662689686535,,Large,"[923.99936, 353.00016, 1122.9996800000001, 465.99983999999995]","[921.70816, 354.45851999999996, 1108.8659200000002, 463.9453199999999]"
01104.jpg,0,0,0.94143625784286,,Large,"[217.00032, 291.99996, 384.00064, 387.99971999999997]","[219.46368, 291.97908, 377.57696000000004, 388.55483999999996]"
01105.jpg,0,0,0.9455264324202758,,Large,"[392.99968, 262.00044, 596.0, 412.00020000000006]","[388.67711999999995, 265.00824, 593.17504, 411.8364]"
01106.jpg,0,0,0.9210726781921923,,Large,"[481.00032, 140.00004, 810.0, 260.00028000000003]","[469.23648000000003, 138.39048, 813.09824, 263.04264]"
01107.jpg,0,0,0.8872766812423254,,Large,"[378.99968, 164.99988, 986.0, 460.99980000000005]","[383.26656, 171.0396, 1010.81216, 477.10296000000005]"
01108.jpg,0,0,0.9814826171769307,,Large,"[552.00064, 95.00004, 761.00032, 255.99996000000002]","[550.88384, 93.19896, 760.97792, 255.65543999999997]"
01109.jpg,0,0,0.8790802281950245,,Large,"[367.00031999999993, 230.99975999999998, 916.0, 462.99959999999993]","[380.88127999999995, 243.1854, 926.84096, 470.42819999999995]"
01110.jpg,0,0,0.9753675239297709,,Large,"[635.0003200000001, 248.99976, 771.00032, 320.99976]","[632.92352, 249.090948, 770.43008, 320.68393199999997]"
01111.jpg,0,0,0.8384073818836633,,Large,"[589.00032, 221.00004, 804.00064, 314.00028000000003]","[617.11808, 220.51008, 805.4764799999999, 311.71824000000004]"
01112.jpg,0,0,0.9762321019150677,,Large,"[450.99967999999996, 248.99976, 662.9996799999999, 370.00008]","[451.94687999999996, 249.93108, 664.33088, 370.68732]"
01113.jpg,0,0,0.9577179192692112,,Large,"[799.9993599999999, 272.00016, 982.9996800000001, 380.00016]","[802.18496, 273.65256, 982.6572800000001, 378.53495999999996]"
01114.jpg,0,0,0.6731444987081413,,Medium,"[452.99968, 369.00036, 532.99968, 431.00028000000003]","[439.28767999999997, 368.595216, 555.73056, 429.76526400000006]"
01116.jpg,0,0,0.7616884539355169,,Large,"[119.00031999999999, 133.0002, 343.00032, 269.00028]","[115.53024000000002, 108.3024, 330.32704, 263.556]"
01117.jpg,0,0,0.9434558208370986,,Large,"[669.99936, 183.9996, 828.0, 284.99976]","[665.53664, 184.2606, 826.34688, 286.78211999999996]"
01118.jpg,0,0,0.8612695173964542,,Medium,"[514.0, 302.00004, 599.99936, 345.99996000000004]","[516.462336, 301.28166000000004, 606.9399040000001, 347.25258]"
01119.jpg,0,0,0.9580392501786097,,Large,"[570.0000000000001, 136.00007999999997, 786.9996800000001, 277.99992]","[567.59616, 138.89916, 787.7036800000001, 276.83315999999996]"
01120.jpg,0,0,0.9451800139621296,,Large,"[385.00032, 240.00012, 616.00064, 416.99988]","[378.60352, 239.34816, 621.84704, 417.18816000000004]"
01121.jpg,0,0,0.8003042849293149,,Medium,"[425.99936, 305.00028000000003, 564.9996799999999, 369.00036]","[427.32928000000004, 306.072, 557.92768, 379.51343999999995]"
01122.jpg,0,0,0.9457452350789981,,Large,"[764.9996799999999, 149.00003999999998, 929.9993599999999, 242.00028]","[767.7254399999999, 152.02439999999999, 929.4240000000001, 242.23896]"
01123.jpg,0,0,0.958228691627581,,Large,"[381.00032, 336.9996, 940.0006400000001, 626.99976]","[374.61055999999996, 330.76223999999996, 941.3446399999999, 629.27424]"
01124.jpg,0,0,0.8620619505399499,,Large,"[334.99967999999996, 140.00003999999998, 1199.9993599999998, 444.99996]","[409.03296, 125.8668, 1211.5827199999999, 443.73527999999993]"
01125.jpg,0,0,0.9580924122814792,,Large,"[387.00032, 228.99996, 844.9996799999999, 410.00003999999996]","[390.09216000000004, 227.55348, 835.88416, 411.5142]"
01126.jpg,0,0,0.9466963916918708,,Large,"[198.0, 112.99968, 349.00032000000004, 186.99984]","[192.14783999999997, 112.32936, 348.0096, 186.90695999999997]"
01127.jpg,0,0,0.8967726894977496,,Large,"[434.99968, 24.999839999999992, 691.99936, 191.00016000000002]","[433.67744000000005, 33.25464, 678.81152, 191.06856]"
01128.jpg,0,0,0.9921841741663273,,Large,"[297.99935999999997, 67.00032, 572.99968, 206.99999999999997]","[297.0176, 67.01616, 572.9856, 206.42256]"
01129.jpg,0,0,0.8688933019795178,,Large,"[545.99936, 334.00008, 872.0, 568.0000799999999]","[535.4208, 318.45132, 862.2726399999999, 572.0792399999999]"
01130.jpg,0,0,0.8865634001941366,,Large,"[458.99968, 306.00035999999994, 658.0, 440.0002799999999]","[453.55711999999994, 303.40116, 672.4460799999999, 439.13051999999993]"
01131.jpg,0,0,0.9513908544877341,,Medium,"[559.00032, 298.00008, 644.0, 354.00024]","[556.97888, 297.674208, 643.00064, 354.501792]"
01132.jpg,0,0,0.9543176770057888,,Large,"[460.0, 172.9998, 840.9996799999999, 425.99987999999996]","[457.05791999999985, 172.6056, 833.95776, 421.23168]"
01133.jpg,0,0,0.8561107735297483,,Large,"[810.0, 411.00012, 945.0003200000001, 502.00020000000006]","[821.861952, 414.38699999999994, 943.831488, 500.61636]"
01134.jpg,0,0,0.8063103311868776,,Large,"[690.99968, 0.9997199999999906, 886.99968, 145.9998]","[691.88288, 26.268120000000003, 884.1324800000001, 146.66436000000002]"
01135.jpg,0,0,0.9610894223561174,,Large,"[460.9996799999999, 105.00012000000001, 833.99936, 457.00020000000006]","[452.80319999999995, 104.23836, 838.25344, 458.65907999999996]"
01136.jpg,0,0,0.9663736057382033,,Large,"[460.0, 124.99991999999999, 788.0, 419.99976]","[452.90432000000004, 125.44992000000002, 788.6931200000001, 417.2256]"
01137.jpg,0,0,0.9537146741224124,,Large,"[474.0, 336.9996, 937.0003199999999, 700.99992]","[467.61087999999995, 334.3554, 933.6691199999998, 708.18732]"
01138.jpg,0,0,0.9212777835294761,,Large,"[382.00064, 142.99956, 872.0, 478.9998]","[376.5785599999999, 162.92844, 870.4384, 476.67636]"
01139.jpg,0,0,0.9488305715454171,,Medium,"[716.0, 199.00008, 780.0, 248.99976000000004]","[716.3454079999999, 199.478016, 779.8005119999999, 247.32662399999998]"
01140.jpg,0,0,0.9190249860465561,,Small,"[667.99936, 144.0, 714.9996799999999, 175.00032]","[665.622208, 144.23673599999998, 715.175232, 174.22358400000002]"
01141.jpg,0,0,0.9741040126851889,,Small,"[216.00064, 112.99968, 262.0, 141.99983999999998]","[216.11136, 113.399496, 262.36287999999996, 142.063704]"
01142.jpg,0,0,0.9011135469783412,,Small,"[148.99968, 416.00016, 212.99968, 438.99984]","[149.983488, 415.49713199999997, 210.59763199999998, 438.336468]"
01143.jpg,0,0,0.9509422898672704,,Large,"[569.00032, 69.00012000000001, 1021.00032, 261.00036]","[577.16032, 69.74387999999999, 1013.8310399999999, 258.73452]"
01144.jpg,0,0,0.9185485961487926,,Medium,"[639.00032, 86.0004, 720.99968, 165.00024]","[637.083392, 86.97131999999999, 724.2938879999999, 164.03508]"
01145.jpg,0,0,0.9692582038520458,,Medium,"[617.00032, 60.00012, 702.9996800000001, 135.00036]","[616.2887680000001, 59.39748, 704.2590720000001, 135.04284]"
01146.jpg,0,0,0.7408618019091897,,Large,"[539.99936, 226.00007999999997, 766.0000000000001, 282.00023999999996]","[539.14624, 224.6004, 768.72704, 299.00951999999995]"
01147.jpg,0,0,0.7336681672087374,,Small,"[478.00064, 359.99964000000006, 563.00032, 378.99972]","[485.410112, 360.616356, 560.3294080000001, 382.499964]"
01148.jpg,0,0,0.842329797573226,,Large,"[538.99968, 118.00008000000001, 899.9993599999999, 221.00039999999998]","[532.7340800000001, 127.2636, 901.97184, 215.72424]"
01149.jpg,0,0,0.9457536147539352,,Large,"[591.99936, 276.00012, 750.99968, 421.0002]","[589.26336, 274.9014, 747.56096, 422.4186]"
01150.jpg,0,0,0.647530072784362,,Large,"[428.0006400000001, 433.00008, 832.00064, 577.00008]","[433.03743999999995, 449.58132, 885.7439999999999, 606.78252]"
01151.jpg,0,0,0.8347931785664214,,Small,"[736.0, 438.00012, 793.99936, 457.00019999999995]","[735.172864, 438.16572, 793.4287360000001, 454.3794]"
01152.jpg,0,0,0.8374684778376319,,Large,"[271.00032, 148.00032000000002, 532.0, 335.00016]","[282.55807999999996, 162.66384, 522.5311999999999, 337.39776]"
01153.jpg,0,0,0.8940115491049112,,Medium,"[957.99936, 244.9998, 1024.99968, 293.00004]","[959.099968, 245.928636, 1022.526912, 291.259044]"
01154.jpg,0,0,0.5811155583325089,,Large,"[336.00064, 34.99991999999999, 993.0003199999999, 174.00024]","[342.48383999999993, 24.06852, 1068.50368, 237.14748000000003]"
01155.jpg,0,0,0.6531779123920588,,Large,"[408.00000000000006, 37.9998, 572.99968, 95.00004]","[374.25663999999995, 25.608635999999997, 580.7334400000001, 94.663044]"
01156.jpg,0,0,0.8480249247199896,,Large,"[297.00032, 222.00012000000004, 506.0, 306.00036]","[295.89951999999994, 222.00947999999997, 485.07712, 311.17644]"
01157.jpg,0,0,0.8686663906729771,,Large,"[612.9996799999999, 379.9998, 899.00032, 524.9998800000001]","[625.27872, 377.06148, 880.2009599999999, 526.3066799999999]"
01158.jpg,0,0,0.9567778002450974,,Large,"[697.99936, 251.00028, 844.9996799999999, 331.0002]","[694.9132800000001, 250.61292000000003, 843.34464, 331.59636]"
01159.jpg,0,0,0.7706753385139005,,Large,"[393.00032, 303.99984, 717.0003199999999, 434.00015999999994]","[389.85535999999996, 310.55580000000003, 727.3568, 458.03124]"
01160.jpg,0,0,0.897539905297119,,Large,"[441.99936, 22.00032000000002, 884.9996799999999, 405.0]","[468.62976000000003, 32.637599999999985, 889.74208, 402.15888]"
01161.jpg,0,0,0.6807400429312309,,Large,"[464.99968, 67.00032, 784.9996799999999, 353.00016]","[398.34752000000003, 67.17959999999998, 766.31936, 396.32903999999996]"
01162.jpg,0,0,0.9034659936086114,,Large,"[524.0, 277.0002, 751.00032, 413.00028000000003]","[517.85664, 277.88472, 755.05984, 405.95688]"
01163.jpg,0,0,0.9490826095752932,,Medium,"[329.00032, 268.99992, 498.0, 320.99976]","[328.92416, 267.73596, 497.32096, 322.29108]"
01164.jpg,0,0,0.9361022725414803,,Medium,"[411.00032, 145.00008, 516.99968, 178.99992]","[409.78316800000005, 144.266544, 516.586112, 180.041616]"
01165.jpg,0,0,0.947551156680565,,Medium,"[674.9996799999999, 213.99983999999998, 760.9990400000002, 263.99952]","[673.7281280000001, 215.14546800000002, 761.528192, 263.48173199999997]"
01166.jpg,0,0,0.9290427364157741,,Large,"[69.99935999999998, 220.00032, 296.99968, 333.0]","[69.77663999999999, 223.70904000000002, 289.12256, 332.56728]"
01167.jpg,0,0,0.8821840998624195,,Small,"[464.99968, 428.99976, 504.99968, 455.99976000000004]","[463.575552, 430.0821, 503.495168, 456.35166]"
01168.jpg,0,0,0.9078224274826342,,Medium,"[312.00064000000003, 551.9998800000001, 414.0, 600.00012]","[313.1680640000001, 553.754484, 413.075776, 601.936236]"
01169.jpg,0,0,0.8453145386964294,,Medium,"[688.0, 386.00028, 743.9999999999999, 419.00003999999996]","[695.926336, 386.07228, 744.519104, 418.86611999999997]"
01170.jpg,0,0,0.8798691078310933,,Medium,"[310.99967999999996, 367.00019999999995, 425.00032, 431.00028]","[307.4416, 365.678496, 423.78912, 435.525984]"
01171.jpg,0,0,0.9163518623571686,,Medium,"[742.00064, 319.00032, 827.0003199999999, 368.99999999999994]","[739.712896, 316.644804, 826.395264, 368.595036]"
01172.jpg,0,0,0.9270981163382306,,Medium,"[786.0, 236.99952000000002, 881.00032, 285.99984]","[783.665472, 236.12752800000004, 880.0222079999999, 287.203032]"
01173.jpg,0,0,0.9099354214559073,,Large,"[932.0, 233.99964, 1172.0, 380.99987999999996]","[933.72352, 239.8914, 1161.66976, 381.30156000000005]"
01174.jpg,0,0,0.9578408411171054,,Large,"[780.0, 599.0004, 1004.0, 721.00008]","[778.2355200000001, 601.31376, 1005.8412799999999, 720.0]"
01175.jpg,0,0,0.8650541389439207,,Large,"[526.99968, 98.00028, 742.0, 203.00003999999998]","[546.3264000000001, 95.71715999999999, 743.07648, 206.11836000000002]"
01176.jpg,0,0,0.9400731724292779,,Medium,"[300.99968, 96.99983999999999, 396.99968, 153.0]","[301.860992, 95.93247600000001, 399.07724799999994, 153.733284]"
01177.jpg,0,0,0.8550786895495428,,Large,"[423.00032, 172.00008000000003, 663.00032, 282.00023999999996]","[444.71551999999997, 172.65887999999998, 653.5039999999999, 280.7784]"
01178.jpg,0,0,0.8630259642362672,,Large,"[448.99968, 200.99988, 695.0003200000001, 314.99964000000006]","[478.10048, 202.83587999999997, 695.18848, 315.57276]"
01179.jpg,0,0,0.9516376884773785,,Large,"[512.00064, 121.99967999999998, 734.0, 231.99984]","[512.25152, 122.11308000000001, 723.7753600000001, 232.02324]"
01180.jpg,0,0,0.8655153885753701,,Large,"[408.0, 229.00032000000002, 699.00032, 346.00032]","[407.82719999999995, 226.39031999999997, 666.89408, 345.15144]"
01182.jpg,0,0,0.7412027237391748,,Large,"[365.99968, 122.00004, 475.0, 178.0002]","[367.23072, 123.30738, 458.12736, 184.6359]"
01183.jpg,0,0,0.9195712826495008,,Large,"[1.0003200000000056, 63.99989999999999, 177.99999999999997, 211.99985999999998]","[0.7542399999999994, 58.07016, 184.10336, 213.44111999999998]"
01184.jpg,0,0,0.8835357299088269,,Large,"[273.99968, 37.9998, 363.0, 74.99987999999999]","[276.93792, 38.105838000000006, 364.66848, 72.502002]"
01185.jpg,0,0,0.8893477164017404,,Medium,"[265.00032, 105.99984000000002, 318.0, 132.99984]","[265.2552, 105.87853799999999, 316.10928, 131.13322200000002]"
01186.jpg,0,0,0.8075969164816406,,Large,"[786.0, 331.99992000000003, 921.00032, 408.00024]","[800.852928, 334.85508000000004, 918.921792, 411.67260000000005]"
01188.jpg,0,0,0.8407680606329375,,Large,"[474.99904000000004, 111.00024, 720.99968, 228.00024]","[486.77056, 111.34512000000001, 694.6335999999999, 227.76336]"
01189.jpg,0,0,0.9626513502645356,,Large,"[503.00031999999993, 38.000159999999994, 752.9996799999999, 168.00047999999998]","[510.38336000000004, 37.630800000000015, 752.89216, 167.36616]"
01190.jpg,0,0,0.9390160702085869,,Medium,"[239.00032, 65.00016, 333.00095999999996, 123.00048000000001]","[235.235008, 65.13368399999999, 332.14291199999997, 123.72231599999998]"
01191.jpg,0,0,0.9010862900911673,,Small,"[500.0, 170.00028, 551.00032, 205.0002]","[496.576384, 169.435116, 550.512256, 205.49480400000002]"
01192.jpg,0,0,0.6902243312795636,,Small,"[642.9990399999999, 225.0, 672.9996800000001, 247.00032000000002]","[637.253568, 225.782748, 677.974592, 247.853412]"
01193.jpg,0,0,0.9329159070904508,,Medium,"[576.99968, 233.99999999999997, 664.9996799999999, 274.00032]","[576.383808, 233.26070399999998, 662.471872, 274.656096]"
01194.jpg,0,0,0.9730303429055976,,Large,"[567.0003199999999, 475.0002, 722.00064, 548.00028]","[565.12448, 474.6618, 722.8806399999999, 547.6229999999999]"
01195.jpg,0,0,0.7257290280146709,,Large,"[548.0, 162.00000000000003, 668.0, 267.99984]","[560.529408, 170.03663999999998, 656.4997119999999, 270.44496]"
01196.jpg,0,0,0.8571134494826932,,Large,"[532.9996800000001, 308.00016000000005, 777.99936, 438.99984000000006]","[545.27104, 306.23724000000004, 761.93152, 441.94068000000004]"
01198.jpg,0,0,0.9452501063388793,,Medium,"[649.0009599999998, 478.9998, 755.0003200000001, 547.99956]","[646.4050560000001, 478.96768799999995, 757.5731840000001, 547.406712]"
01199.jpg,0,0,0.9773892735494158,,Large,"[571.00032, 145.9998, 715.0003200000001, 218.99988000000002]","[569.68384, 146.2662, 716.20672, 218.85876]"
01200.jpg,0,0,0.9493203712608869,,Small,"[893.00032, 72.00036, 945.0003199999999, 105.00012000000001]","[893.8137599999999, 72.07207199999999, 944.0768, 104.482008]"
01201.jpg,0,0,0.6980530921404833,,Medium,"[579.00096, 385.99992, 665.0003200000001, 444.9996]","[588.7088640000001, 391.95237599999996, 658.310656, 448.093224]"
01202.jpg,0,0,0.8646063412134166,,Medium,"[765.0003199999999, 408.00023999999996, 822.0, 448.99992000000003]","[762.3761279999999, 408.353004, 818.172992, 448.046676]"
01203.jpg,0,0,0.7659738909430034,,Medium,"[580.0, 323.00028, 632.9996800000001, 365.00004]","[577.016128, 320.721516, 640.023232, 363.03656399999994]"
01204.jpg,0,0,0.8374518007426882,,Medium,"[602.0, 344.99988, 657.0003199999999, 390.99996000000004]","[600.7683199999999, 344.263248, 662.20512, 393.43723199999994]"
01205.jpg,0,0,0.8963202366250649,,Medium,"[647.0003200000001, 257.0004, 698.0006400000001, 309.00024]","[647.5656960000001, 257.949612, 700.7351040000001, 307.487988]"
01207.jpg,0,0,0.9233574820375583,,Medium,"[880.99968, 249.00012, 956.0000000000001, 290.99987999999996]","[880.746368, 249.863148, 960.1880319999999, 290.887092]"
01208.jpg,0,0,0.9299458426880167,,Medium,"[728.99968, 199.00008, 829.9993599999999, 259.99992]","[727.084608, 200.110968, 831.1822719999999, 261.517032]"
01209.jpg,0,0,0.9282333617288122,,Medium,"[738.0, 163.00008, 836.0006399999999, 223.99991999999997]","[735.28288, 164.19121199999998, 837.7347199999999, 223.30558799999997]"
01210.jpg,0,0,0.8964892849087832,,Medium,"[680.0, 204.00047999999998, 779.0003200000001, 263.00016]","[688.4808320000001, 204.37974, 779.758528, 262.66553999999996]"
01211.jpg,0,0,0.9482173467447842,,Medium,"[843.00032, 154.9998, 939.00032, 221.00003999999996]","[840.9062399999999, 154.64854799999998, 940.3520000000001, 220.14457199999995]"
01212.jpg,0,0,0.8939100032657757,,Medium,"[720.99968, 96.99984, 816.99968, 159.99983999999998]","[713.7024000000001, 97.195608, 817.13408, 157.698792]"
01213.jpg,0,0,0.959434898933385,,Large,"[356.99968, 285.00012, 553.99936, 403.0002]","[352.73920000000004, 284.27688, 552.05952, 403.48872]"
01214.jpg,0,0,0.9431988502878494,,Large,"[313.99935999999997, 377.00028000000003, 473.99935999999997, 500.00004]","[309.46496, 378.77796000000006, 476.46528, 499.78476]"
01215.jpg,0,0,0.9182440052373143,,Large,"[575.99936, 202.00032, 793.9999999999999, 317.00016]","[583.49504, 203.11380000000003, 789.65056, 319.41900000000004]"
01216.jpg,0,0,0.8477757946284417,,Large,"[548.0, 168.99984, 759.00032, 294.99984]","[561.70368, 166.75632000000002, 744.98944, 293.87376]"
01217.jpg,0,0,0.9013322338919558,,Medium,"[786.0, 321.00012, 854.0, 360.00035999999994]","[784.5308799999999, 321.85404, 852.4406399999999, 361.52964]"
01218.jpg,0,0,0.9347537408732772,,Medium,"[638.99968, 55.00044, 738.99968, 115.00019999999999]","[641.206912, 55.982448, 738.5716480000001, 116.51371200000001]"
01220.jpg,0,0,0.7041313494296627,,Large,"[540.99968, 226.00044, 948.99968, 331.0002]","[544.1881599999999, 233.9712, 945.30688, 361.99872]"
01221.jpg,0,0,0.8889284962768382,,Large,"[518.0, 428.99976, 805.0003199999999, 500.99976000000004]","[515.34016, 430.29324, 801.424, 506.91348]"
01222.jpg,0,0,0.7623792724023342,,Large,"[308.99967999999996, 101.00016, 724.9996799999999, 305.99999999999994]","[217.53152, 102.76956000000001, 729.38688, 317.98404]"
01223.jpg,0,0,0.6684366606355227,,Large,"[400.99967999999996, 187.0002, 589.99936, 271.00043999999997]","[402.94144000000006, 185.81399999999996, 589.42976, 310.34952]"
01224.jpg,0,0,0.5722431322438539,,Large,"[181.99936000000002, 118.9998, 496.99968000000007, 221.00003999999996]","[182.81728, 118.74996, 492.66176, 295.29900000000004]"
01225.jpg,0,0,0.9005036516726332,,Medium,"[527.00032, 198.00036, 604.0, 224.00027999999998]","[526.598144, 197.25152400000002, 604.2792959999999, 225.870876]"
01227.jpg,0,0,0.9492963860330481,,Large,"[1154.99968, 500.00004, 1280.9990400000002, 593.0002800000001]","[1154.598848, 499.06476, 1279.7973120000001, 590.3009999999999]"
01227.jpg,1,1,0.9185145985168478,,Medium,"[625.00032, 0.9997200000000006, 762.0, 39.99996]","[625.29152, 0.0, 754.9964799999999, 39.754944]"
01228.jpg,1,0,0.9526899902845103,,Medium,"[644.9996799999999, 217.00008000000003, 764.9996799999999, 275.99976000000004]","[642.400768, 217.59703199999998, 763.9275520000001, 275.518008]"
01228.jpg,0,1,0.9394193583307061,,Medium,"[1176.99968, 623.00016, 1280.99968, 699.0004799999999]","[1176.313984, 622.61892, 1279.161216, 701.62236]"
01229.jpg,0,0,0.9660005473113753,,Large,"[552.9996800000001, 241.00020000000004, 728.99968, 325.00044]","[551.34784, 240.75072, 726.46848, 324.33840000000004]"
01230.jpg,0,0,0.938799223700529,,Medium,"[582.0, 173.99988000000002, 709.00032, 233.99964]","[583.7589760000001, 173.64117600000003, 705.7975039999999, 235.11290400000004]"
01231.jpg,0,0,0.9035198576759617,,Large,"[516.00064, 306.99972, 749.00032, 406.9998]","[515.9295999999999, 307.84716, 729.2390399999999, 407.43972]"
01232.jpg,1,0,0.9786699963386238,,Large,"[597.99936, 147.99996, 744.9996799999999, 221.00003999999996]","[598.48384, 148.69008, 744.8735999999999, 221.58144000000001]"
01232.jpg,0,1,0.9704517249743744,,Large,"[1057.0003199999999, 613.9997999999999, 1210.0, 691.99956]","[1056.7654400000001, 614.8872, 1210.5472, 693.06048]"
01233.jpg,1,0,0.9480079259642028,,Medium,"[502.99904000000004, 172.9998, 612.99968, 234.99971999999997]","[500.22265600000003, 172.80504, 613.513024, 236.30616]"
01233.jpg,0,1,0.9450963205010522,,Large,"[1057.0003199999999, 616.00032, 1210.0, 697.00032]","[1055.30432, 616.3729199999999, 1209.95776, 693.7578]"
01234.jpg,1,0,0.8976909360345511,,Large,"[1063.00032, 619.0002, 1215.0003199999999, 696.99996]","[1059.7811199999999, 619.23132, 1214.31808, 703.48788]"
01234.jpg,0,1,0.7718991538029145,,Small,"[215.00032000000002, 212.99976, 263.00032, 239.99975999999998]","[212.28364799999997, 211.472388, 263.937792, 243.97657200000003]"
01235.jpg,0,0,0.8984775983190144,,Small,"[541.00032, 196.99955999999997, 585.0003200000001, 226.9998]","[538.438592, 197.42461200000002, 583.627328, 226.835388]"
01236.jpg,1,1,0.9574865259877191,,Small,"[508.00000000000006, 178.0002, 552.99968, 210.99996000000002]","[507.07827199999997, 178.397712, 553.394048, 210.904848]"
01236.jpg,0,0,0.9562544224448976,,Medium,"[920.99968, 63.99972, 992.9996799999999, 125.99964]","[920.759616, 65.02571999999999, 991.557824, 125.72244]"
01237.jpg,0,0,0.9521598142098374,,Medium,"[726.0000000000001, 239.00039999999998, 806.99968, 298.00008]","[725.222976, 239.38131600000003, 806.0819839999999, 299.306844]"
01237.jpg,1,1,0.931135149593389,,Small,"[349.00032, 360.0, 404.00064, 389.00016000000005]","[347.78208, 359.137944, 403.06847999999997, 389.107656]"
01238.jpg,1,0,0.9393468372342442,,Medium,"[488.99967999999996, 335.00016, 592.99968, 409.00032]","[487.127872, 337.41291599999994, 592.416448, 408.52580399999994]"
01238.jpg,0,1,0.9270941691173675,,Medium,"[297.00095999999996, 143.99964, 347.00032, 182.99988000000002]","[295.556992, 144.835452, 347.47148799999997, 183.67750800000002]"
01239.jpg,0,0,0.9078236548979358,,Small,"[352.99967999999996, 168.99983999999998, 382.99967999999996, 195.99983999999998]","[352.077984, 169.041204, 382.62729600000006, 197.471916]"
01240.jpg,0,0,0.8762088304258956,,Large,"[318.00000000000006, 111.99996000000002, 421.00032, 200.99988]","[316.7304, 115.57151999999999, 413.83344000000005, 201.7008]"
01241.jpg,0,0,0.9174191442687942,,Large,"[356.00016000000005, 83.00016000000001, 477.99984, 164.00016]","[356.23632, 85.82435999999998, 473.61264, 163.06235999999998]"
01242.jpg,0,0,0.9394278072203093,,Medium,"[366.99935999999997, 370.00007999999997, 463.99967999999996, 428.0004]","[365.96976, 368.19723600000003, 466.09488, 428.010444]"
01243.jpg,0,0,0.706990601579222,,Large,"[528.99968, 204.99984000000003, 855.0003200000001, 290.00016]","[553.3414400000001, 214.84224, 838.68672, 299.19599999999997]"
01244.jpg,0,0,0.7998051042533751,,Medium,"[639.00032, 52.00020000000001, 720.99968, 93.99996000000002]","[632.884992, 50.01926400000001, 725.768448, 96.378336]"
01245.jpg,0,0,0.9545388770758563,,Medium,"[585.0003200000001, 281.99952, 650.0, 330.99984]","[583.6830719999999, 282.03526800000003, 648.526848, 330.858972]"
01246.jpg,0,0,0.8133720391398992,,Large,"[496.0, 232.00019999999998, 644.9996799999999, 298.00044]","[484.61248000000006, 235.348884, 653.91168, 300.192876]"
01247.jpg,0,0,0.760093908621883,,Large,"[839.99936, 188.99999999999997, 1035.99936, 276.99984]","[837.4028799999999, 208.677276, 1034.85824, 277.45520400000004]"
01248.jpg,0,0,0.5645659158795858,,Large,"[520.99968, 59.999759999999995, 880.99968, 190.00008]","[548.1932800000001, 82.78272, 817.10848, 205.87824000000003]"
01250.jpg,0,0,0.9741747989687817,,Large,"[471.99936, 45.0, 843.99936, 310.99968]","[473.33504000000005, 46.875239999999984, 841.7344, 313.52651999999995]"
01251.jpg,0,0,0.9668232322496483,,Large,"[582.99968, 462.99996, 902.0, 650.9998800000001]","[578.3270400000001, 460.73627999999997, 901.9903999999999, 649.63188]"
01252.jpg,0,0,0.9598792278120174,,Medium,"[698.99968, 138.99996000000002, 822.9996800000001, 194.00004]","[698.3941759999999, 137.574684, 822.719424, 194.47059599999997]"
01253.jpg,0,0,0.9237718439541536,,Medium,"[581.9993599999999, 257.00004, 712.9996799999999, 323.00028000000003]","[580.37312, 256.642416, 720.18624, 323.585424]"
01254.jpg,0,0,0.7931552312166267,,Tiny,"[642.9996799999999, 335.00016, 669.00032, 348.00048]","[641.230912, 334.554696, 668.677568, 349.73618400000004]"
01255.jpg,0,0,0.8711821964764609,,Small,"[732.9996800000001, 197.00028, 772.9996800000001, 225.00035999999997]","[732.6751360000001, 193.820976, 773.7696639999999, 225.10526399999998]"
01256.jpg,0,0,0.9163041394636794,,Medium,"[687.99936, 219.00023999999996, 761.9999999999999, 248.0004]","[686.068224, 217.429272, 761.9829759999999, 248.26672800000003]"
01257.jpg,0,0,0.9378654552795807,,Medium,"[707.0003200000001, 81.00000000000001, 798.0006400000001, 121.00032]","[705.550144, 80.047368, 798.892736, 121.627512]"
01258.jpg,0,0,0.8606199723544535,,Small,"[515.00032, 0.9997200000000006, 550.00064, 28.9998]","[512.789504, 2.481659999999999, 549.031936, 29.274948]"
01259.jpg,0,0,0.9377736375211975,,Medium,"[618.99904, 101.00016, 736.99968, 162.0]","[616.483072, 99.43038000000001, 735.9598080000001, 161.4357]"
01260.jpg,0,0,0.980389020600704,,Medium,"[969.00032, 56.99988, 1046.99968, 105.00012000000001]","[968.731904, 57.033648, 1045.875456, 104.94475200000001]"
01261.jpg,0,0,0.9055670599398327,,Small,"[629.99936, 406.00007999999997, 700.0, 428.99976]","[627.7222399999999, 404.746812, 699.4585599999999, 428.84038799999996]"
01262.jpg,0,0,0.9233076714222035,,Medium,"[632.9996800000001, 473.99976000000004, 740.0, 520.99992]","[636.93408, 474.01754399999993, 736.3216, 521.284536]"
01263.jpg,0,0,0.7062873797989103,,Small,"[657.0003200000001, 446.00003999999996, 738.0, 465.00012]","[657.5362559999999, 445.22488799999996, 733.2810240000001, 470.808072]"
01264.jpg,0,0,0.9557851262360854,,Large,"[530.99968, 198.99972, 778.0, 363.99996000000004]","[536.2144, 199.89072, 774.6617600000001, 364.78224]"
01265.jpg,0,0,0.8372995090470009,,Small,"[657.0003200000001, 331.99992, 704.00064, 358.99992]","[656.643328, 331.85224800000003, 697.635072, 358.467912]"
01266.jpg,0,0,0.9576676567900283,,Large,"[416.99968, 1.000080000000001, 616.99968, 131.99976]","[423.88671999999997, 0.8071199999999978, 617.3728, 132.6708]"
01267.jpg,0,0,0.9078845331287014,,Medium,"[390.0, 155.00016, 477.00031999999993, 191.00016000000002]","[388.74777600000004, 153.13410000000002, 476.49894399999994, 192.01518]"
01268.jpg,0,0,0.8671319079253965,,Large,"[282.99968, 273.99996, 934.9996799999999, 468.99971999999997]","[314.01728, 275.31252000000006, 902.86592, 476.45244]"
01269.jpg,0,0,0.9065989836829756,,Large,"[253.00032, 267.00012, 812.00064, 414.00036]","[256.6112, 278.61552, 807.7241600000001, 414.22896]"
01270.jpg,0,0,0.8283527658712755,,Large,"[217.00032, 343.00008, 674.0, 518.0004]","[241.39776, 346.4676, 643.0361600000001, 511.41096]"
01271.jpg,0,0,0.9202751535835523,,Medium,"[544.9996799999999, 358.00019999999995, 648.99968, 417.99996]","[546.884736, 358.322688, 644.685184, 419.044032]"
01272.jpg,0,0,0.8841888001607667,,Large,"[732.9996799999999, 223.99991999999997, 928.0, 304.99992000000003]","[729.8297600000001, 225.25344, 912.75072, 305.89775999999995]"
01273.jpg,0,0,0.7496426147355144,,Large,"[416.99968000000007, 155.00016000000002, 1008.99968, 272.00016]","[337.78943999999996, 157.482, 1102.84032, 269.80343999999997]"
01274.jpg,0,1,0.6462735777474735,,Large,"[297.00032, 95.99976000000002, 746.0, 471.9996]","[107.72672, 85.73831999999999, 765.43808, 482.91336]"
01276.jpg,0,0,0.680021793735527,,Large,"[612.0, 91.9998, 1196.0, 252.99972]","[644.8358400000001, 116.39520000000002, 1144.31488, 265.63824]"
01277.jpg,0,0,0.9007796561709159,,Medium,"[597.99936, 243.00000000000003, 701.99936, 297.0]","[598.151424, 242.485632, 693.0204160000001, 296.787168]"
01278.jpg,0,0,0.883286401164508,,Medium,"[623.00032, 375.0004799999999, 672.9996799999999, 416.00016]","[619.3734400000001, 374.571144, 673.86432, 414.785016]"
01279.jpg,0,0,0.9244420797046934,,Small,"[650.0, 385.00020000000006, 687.99936, 415.00044]","[648.931328, 384.628068, 688.8990719999999, 414.508572]"
01280.jpg,0,0,0.8570306848138377,,Small,"[677.99936, 400.99968, 708.0000000000001, 423.0]","[675.5788799999999, 400.03992, 708.8921600000001, 423.15767999999997]"
01281.jpg,0,0,0.8290439829023794,,Large,"[574.9996799999999, 269.00028000000003, 702.0, 360.00036000000006]","[580.4919679999999, 269.96508, 687.8344319999999, 359.22420000000005]"
01282.jpg,0,0,0.9146580805216176,,Medium,"[688.0000000000001, 329.00003999999996, 777.99936, 406.9998]","[685.4744959999999, 325.7352, 779.290944, 407.5430400000001]"
01283.jpg,0,0,0.9758928256655586,,Medium,"[616.99968, 354.00024, 712.9996799999999, 433.00008]","[617.356928, 354.44232, 712.7576320000001, 434.00232]"
01284.jpg,0,0,0.9277217142346662,,Medium,"[670.00064, 378.99972, 758.0006400000001, 451.9998]","[664.430912, 379.24307999999996, 758.419648, 452.44331999999997]"
01285.jpg,0,0,0.939353007714536,,Large,"[552.9996800000001, 431.00028, 746.99904, 529.0002000000001]","[556.9516800000001, 428.77584, 743.42336, 529.1467200000001]"
01286.jpg,0,0,0.9177907253363154,,Large,"[768.99968, 156.00024, 917.99936, 223.99991999999997]","[767.16992, 154.74286800000002, 924.3296, 224.986572]"
01287.jpg,0,0,0.9056123523391038,,Medium,"[726.99968, 207.00036, 806.0000000000001, 249.00011999999998]","[722.185408, 206.76708, 806.997312, 249.96636]"
01288.jpg,0,0,0.9033365327096505,,Large,"[648.99968, 221.0004, 808.99968, 307.00008]","[653.72864, 220.09464, 813.47392, 310.08456]"
01289.jpg,0,0,0.8475623403999342,,Large,"[396.99968, 341.99964, 568.0, 441.99972]","[387.81248, 341.35056000000003, 585.50976, 443.40336]"
01290.jpg,0,0,0.8978173144535904,,Large,"[657.0003200000001, 337.00032, 778.0, 413.99999999999994]","[653.44832, 333.84276, 781.70816, 414.75132]"
01291.jpg,0,0,0.9237309568909178,,Medium,"[849.9993599999999, 276.00012, 904.0, 313.0002]","[849.5444480000001, 275.048712, 902.491392, 313.705368]"
01292.jpg,0,0,0.8119291559021942,,Large,"[515.00032, 280.00044, 804.9996799999999, 430.0002]","[525.25184, 280.68264, 762.8736000000001, 430.84152]"
01293.jpg,0,0,0.6638435413519493,,Large,"[563.99936, 1.000080000000001, 1007.99936, 302.00039999999996]","[591.6883200000001, 36.041039999999995, 927.12896, 304.22231999999997]"
01295.jpg,0,0,0.9555248412479935,,Large,"[929.00032, 75.9996, 1069.0003199999999, 149.99975999999998]","[927.2991999999999, 75.00852, 1069.28832, 151.36812]"
01296.jpg,0,0,0.6857426516472,,Medium,"[967.0003200000001, 299.99988, 1039.0003199999999, 341.99964]","[954.027904, 296.995968, 1049.0005760000001, 343.428192]"
01297.jpg,0,0,0.9375779704304452,,Small,"[578.0, 393.00012000000004, 625.0003200000001, 414.00036]","[576.88672, 392.91732, 624.45216, 413.4610799999999]"
01298.jpg,0,0,0.89917472360858,,Large,"[270.99968, 333.99971999999997, 942.0, 550.9998]","[275.57952, 328.10148000000004, 904.09408, 554.7654]"
01299.jpg,0,0,0.9094972089914263,,Large,"[257.99935999999997, 203.00004000000004, 724.9996799999999, 393.00012]","[238.76864, 203.85179999999997, 748.6208, 393.56244]"
01300.jpg,0,0,0.7963061696375782,,Large,"[358.0006400000001, 241.99955999999997, 699.00032, 361.9998]","[377.98016000000007, 236.39544000000004, 723.65696, 369.4068]"
01301.jpg,0,0,0.9460123207174399,,Large,"[422.00064, 205.99992, 782.00064, 336.00023999999996]","[427.22303999999997, 204.45192, 789.9494400000001, 336.98807999999997]"
01302.jpg,0,0,0.9368439917680833,,Large,"[536.0, 173.99988000000002, 867.0003199999999, 316.9998]","[536.18112, 169.67376, 875.81504, 318.276]"
01303.jpg,0,0,0.9516422291380756,,Large,"[249.00096000000005, 186.00011999999998, 643.00032, 356.00003999999996]","[250.86399999999998, 180.66672, 644.73664, 354.3552]"
01304.jpg,0,0,0.8159150485032272,,Large,"[429.00032, 328.00032, 758.0, 458.99999999999994]","[417.06368, 344.28420000000006, 770.8096, 458.15724]"
01305.jpg,0,0,0.861503294558069,,Large,"[368.00064, 258.00012000000004, 806.0, 383.00004]","[362.11264, 251.80631999999997, 772.4051199999999, 381.59783999999996]"
01306.jpg,0,0,0.9399060956480771,,Large,"[163.00032, 187.0002, 798.00064, 397.00043999999997]","[150.09600000000006, 183.88332000000003, 803.34784, 401.06772]"
01307.jpg,0,0,0.9310185481457331,,Large,"[529.99936, 122.99976000000001, 657.99936, 232.99991999999997]","[526.8236800000001, 121.16592, 659.5827200000001, 230.9184]"
01308.jpg,0,0,0.9454501759534586,,Large,"[471.9993599999999, 337.00032000000004, 898.0, 542.0001599999999]","[477.60512000000006, 331.9092, 896.40064, 538.96536]"
01309.jpg,0,0,0.8458435708913393,,Large,"[351.99999999999994, 110.00016000000002, 1155.00032, 535.00032]","[385.2851199999999, 89.61876000000002, 1106.88768, 544.13532]"
01310.jpg,0,0,0.7679378911763676,,Large,"[166.0, 68.00003999999998, 1030.99968, 570.99996]","[272.01728, 63.47231999999997, 1008.6176, 630.7934399999999]"
01311.jpg,0,0,0.9303953534964061,,Large,"[306.00064, 217.00007999999994, 911.00032, 507.00023999999996]","[305.82527999999996, 212.64804, 923.95776, 517.7214]"
01312.jpg,0,0,0.9522869809144643,,Large,"[707.0009600000001, 1.000080000000001, 1281.00032, 336.00024]","[714.94848, 0.0, 1276.5728, 344.40335999999996]"
01313.jpg,0,0,0.752336706438828,,Large,"[742.00064, 119.99987999999999, 936.0, 253.99980000000002]","[739.50144, 119.25971999999997, 938.0255999999999, 293.3118]"
01316.jpg,0,0,0.9349849902035313,,Large,"[572.0, 242.99999999999997, 855.0003200000001, 395.99999999999994]","[573.7523199999999, 239.51664, 844.2931199999999, 395.89775999999995]"
01317.jpg,0,0,0.8686470429180556,,Medium,"[444.99967999999996, 84.99996, 505.99936, 128.99988000000002]","[442.32959999999997, 81.75214799999999, 507.37407999999994, 128.748492]"
01318.jpg,0,0,0.9394010331643323,,Large,"[481.99936, 237.00024, 796.99968, 370.00008]","[480.60672, 234.36720000000003, 806.79424, 371.09087999999997]"
01319.jpg,0,0,0.8816925053272148,,Large,"[520.00064, 288.99972, 745.0003200000001, 395.99964]","[535.7088, 286.97112, 746.4006400000001, 399.54455999999993]"
01320.jpg,0,0,0.8156887261972469,,Large,"[614.99904, 146.99988000000002, 860.99968, 255.99996000000002]","[639.39712, 147.55068, 841.8598400000001, 255.5802]"
01321.jpg,0,0,0.8406165353796029,,Large,"[612.99968, 154.00007999999997, 764.9996799999999, 214.99991999999997]","[608.66624, 154.54368000000002, 746.48256, 215.47872000000004]"
01322.jpg,0,0,0.9167472655742933,,Large,"[549.99936, 198.00000000000003, 680.99968, 276.99984]","[545.38496, 195.42060000000004, 683.5558400000001, 276.87492000000003]"
01323.jpg,0,0,0.86907589696347,,Large,"[444.00064, 173.00016, 656.00064, 263.00016]","[454.26624000000004, 172.00728, 641.8464, 263.84904]"
01324.jpg,0,0,0.9410506319194357,,Medium,"[696.99968, 94.00032, 824.9996800000001, 164.00016]","[696.5075200000001, 93.12011999999999, 825.7196799999999, 166.80708]"
01325.jpg,0,0,0.8923614266085663,,Medium,"[839.00032, 477.99971999999997, 909.0009600000001, 530.9996400000001]","[837.2536960000001, 481.050612, 910.463424, 531.653868]"
01326.jpg,0,0,0.8805362035625186,,Large,"[422.99968, 146.00016000000002, 729.00032, 301.00032]","[418.98368, 158.54652, 723.5750400000001, 299.1474]"
01328.jpg,0,0,0.874572100397391,,Small,"[637.9993599999999, 208.99979999999996, 680.9996799999999, 232.99956000000003]","[636.42624, 210.60054, 680.64768, 233.56601999999998]"
01329.jpg,0,0,0.9382429490648526,,Medium,"[533.00032, 336.99996, 628.00064, 378.99972]","[529.576128, 336.08016, 628.309312, 379.152]"
01330.jpg,0,0,0.9372911319571061,,Medium,"[544.99968, 275.00004, 624.99968, 314.00028]","[544.677184, 273.901788, 622.9208960000001, 314.303652]"
01331.jpg,0,0,0.9661140857089252,,Large,"[552.0, 279.0, 745.99936, 364.99968000000007]","[550.3584000000001, 277.92, 747.60512, 365.47056]"
01332.jpg,0,0,0.9693311635546675,,Large,"[460.99968, 292.99968, 640.0, 364.99968000000007]","[461.36192, 292.85568, 639.61728, 366.8328]"
01333.jpg,0,0,0.9632492495797267,,Large,"[597.00032, 385.99992, 865.0003200000001, 498.00024]","[595.6684799999999, 383.83164000000005, 866.4371199999999, 497.09988]"
01334.jpg,0,0,0.8258037041460359,,Large,"[326.99968, 102.00024, 790.0, 318.00024]","[382.53568, 103.27283999999999, 775.57504, 313.39691999999997]"
01335.jpg,0,0,0.8864194117932097,,Large,"[524.00064, 251.99999999999997, 784.00064, 472.00031999999993]","[523.55776, 261.72612, 772.1606400000001, 466.3666799999999]"
01336.jpg,0,0,0.9291356142213754,,Medium,"[601.99936, 310.00032, 652.9996800000001, 368.99999999999994]","[600.069568, 310.686516, 653.9873920000001, 369.402444]"
01337.jpg,0,0,0.9060539463107048,,Medium,"[604.0, 343.9998, 653.99936, 392.00004]","[601.9434239999999, 343.065528, 655.579776, 392.450472]"
01338.jpg,0,0,0.9030848468300058,,Medium,"[549.00032, 120.9996, 601.00032, 158.99976]","[545.222848, 120.354984, 600.259392, 158.964696]"
01339.jpg,0,0,0.6022483737728637,,Tiny,"[445.00032, 1.0000799999999996, 465.00032, 10.00008]","[440.96608, 7.199999999957241e-06, 466.14432, 11.870575200000001]"
01340.jpg,0,0,0.8952952255663418,,Medium,"[581.00032, 335.99987999999996, 678.0, 397.99980000000005]","[577.700544, 334.22248800000006, 674.0114560000001, 398.533032]"
01341.jpg,0,0,0.8979633463251256,,Medium,"[604.0, 308.99988, 743.00032, 372.99996]","[602.6380800000001, 306.50572800000003, 750.3884800000001, 373.557312]"
01342.jpg,0,0,0.9575730517302337,,Large,"[598.00064, 284.00003999999996, 768.0, 402.00012000000004]","[596.83392, 281.36735999999996, 769.8937599999999, 401.58720000000005]"
01343.jpg,0,0,0.9357543040283595,,Large,"[534.0, 242.99999999999997, 762.0, 391.99967999999996]","[541.70432, 246.68964, 763.06624, 391.6494]"
01344.jpg,0,0,0.9548884062584124,,Large,"[625.99936, 262.99980000000005, 884.9996800000001, 421.99956]","[626.0864000000001, 267.38784000000004, 887.3344, 423.45504]"
01345.jpg,0,0,0.9005515066985218,,Large,"[725.99936, 298.9998, 1003.9999999999999, 473.00004]","[720.0473599999999, 298.57464000000004, 982.752, 473.33880000000005]"
01346.jpg,0,0,0.8134384169360895,,Large,"[537.00032, 323.00028, 669.00032, 401.00003999999996]","[523.53664, 316.36008000000004, 671.9782399999999, 401.62824]"
01347.jpg,0,0,0.9285435759647999,,Large,"[581.0003200000001, 118.99980000000002, 729.0003200000001, 243.99972]","[575.1712, 115.03908000000001, 728.6035200000001, 244.22075999999998]"
01348.jpg,0,0,0.9174863563843588,,Large,"[504.99967999999996, 38.99952, 605.99936, 132.99984]","[500.68192, 37.0764, 605.7808, 135.12599999999998]"
01349.jpg,0,0,0.9091616336191345,,Medium,"[567.00032, 309.9996, 632.99968, 367.99992]","[565.8652159999999, 307.973088, 634.475264, 369.340992]"
01350.jpg,0,0,0.9325198049555476,,Medium,"[742.9996800000001, 46.9998, 828.9990399999999, 110.99987999999999]","[741.081344, 46.640124, 830.3055360000001, 112.790916]"
01351.jpg,0,0,0.8793326375062539,,Large,"[548.0, 225.00035999999997, 885.99936, 429.00012000000004]","[569.16288, 222.85116, 904.20416, 428.6538]"
01352.jpg,0,0,0.9420829628770705,,Medium,"[538.99968, 173.00016000000002, 616.99904, 222.99984000000003]","[537.70016, 171.571032, 617.20032, 222.371208]"
01353.jpg,0,0,0.9148877247488058,,Large,"[390.99968, 134.00028, 726.0, 432.00036000000006]","[407.75424, 143.44595999999999, 727.65696, 431.80956]"
01354.jpg,0,0,0.949152494596081,,Large,"[481.00032, 193.99967999999998, 632.00064, 351.0]","[477.85663999999997, 194.70708000000002, 634.9088, 352.34747999999996]"
01355.jpg,0,0,0.8126547478726711,,Small,"[657.0003199999999, 209.00016000000002, 690.0, 231.99984]","[653.500352, 208.624176, 688.029248, 231.25838400000004]"
01356.jpg,0,0,0.9281481432522557,,Large,"[576.0, 232.0002, 700.99968, 352.00044]","[571.48416, 231.0264, 702.55872, 349.632]"
01357.jpg,0,0,0.9257972448928722,,Small,"[748.0006400000001, 277.99992, 797.0003200000001, 307.00008]","[747.4481279999999, 278.99600399999997, 796.280512, 307.490076]"
01358.jpg,0,0,0.6740011163424099,,Large,"[498.99968, 216.0, 894.9996799999999, 499.99968000000007]","[557.92832, 250.54776000000004, 861.8656, 500.08248000000003]"
01359.jpg,0,0,0.8736587610054027,,Medium,"[597.00096, 56.99988, 647.0003199999999, 98.99964]","[592.768, 57.668687999999996, 646.16192, 99.95083199999999]"
01360.jpg,0,0,0.890802089249658,,Small,"[834.9996799999999, 206.99964, 878.99968, 236.99988000000002]","[833.1226880000002, 207.230544, 879.202432, 238.92033600000002]"
01361.jpg,0,0,0.9360650685085043,,Small,"[808.99968, 247.00032000000002, 840.9996799999999, 274.00032]","[808.8917120000001, 246.25663199999997, 840.2654080000001, 274.36960799999997]"
01362.jpg,0,0,0.8530415792625483,,Small,"[725.0003200000001, 162.0, 761.00032, 209.00016000000002]","[723.2590720000001, 163.317636, 759.3342080000001, 210.86060400000002]"
01364.jpg,0,0,0.8905389540514054,,Medium,"[364.0, 0.9997200000000006, 424.99968, 80.99964]","[360.319168, -7.19999999970744e-05, 427.41331199999996, 81.673128]"
01365.jpg,0,0,0.6834047625688187,,Medium,"[248.00064000000003, 260.00028000000003, 305.00032, 329.00003999999996]","[246.12288, 259.866936, 304.46399999999994, 308.80634399999997]"
01366.jpg,0,0,0.8584548565950231,,Medium,"[170.99968, 245.00016000000002, 256.99904, 317.00016]","[171.86912, 244.75564799999998, 257.54528, 307.99843200000004]"
01367.jpg,0,0,0.8065611065178504,,Medium,"[150.00063999999998, 148.99967999999998, 230.00063999999998, 233.99999999999997]","[149.997632, 149.745276, 229.765568, 218.50736399999997]"
01368.jpg,0,0,0.8790862606810149,,Medium,"[842.9996800000001, 356.00004000000007, 957.0003199999999, 422.00028000000003]","[841.2723199999999, 356.06944799999997, 959.2704000000001, 415.934712]"
01369.jpg,0,0,0.7578670157722391,,Medium,"[626.99968, 277.99992, 739.99936, 354.9996]","[622.510592, 293.89827599999995, 739.977728, 356.135004]"
01370.jpg,0,0,0.90642575605883,,Large,"[613.00032, 353.99988, 846.0000000000001, 476.99964]","[614.21568, 358.21404, 845.48352, 470.53908]"
01371.jpg,0,0,0.9043799121664219,,Large,"[571.99936, 320.99976, 823.99936, 460.00008]","[572.1024, 329.12855999999994, 816.2316799999999, 461.22695999999996]"
01372.jpg,0,0,0.8688154501967004,,Large,"[638.99968, 461.00015999999994, 892.9990399999999, 585.0]","[636.3142400000002, 460.071, 865.1385600000001, 586.02132]"
01373.jpg,0,0,0.8858492999641651,,Large,"[597.0003199999999, 233.99964, 846.0, 362.99987999999996]","[595.7088, 233.00964, 820.50112, 363.16332000000006]"
01374.jpg,0,0,0.8714187349555637,,Large,"[530.00064, 260.00028000000003, 783.00032, 385.0002]","[538.0857599999999, 259.25148, 762.92416, 387.03924]"
01375.jpg,0,0,0.9760805252700749,,Large,"[301.00032, 123.99983999999999, 532.00064, 254.99952]","[300.36352, 122.04072000000001, 531.76448, 255.7476]"
01376.jpg,0,0,0.9044782257253158,,Medium,"[634.00064, 311.00003999999996, 719.00032, 377.00028000000003]","[630.908288, 307.353348, 719.394432, 377.44873199999995]"
01377.jpg,0,0,0.9129286409284461,,Large,"[582.0, 108.00035999999999, 709.00032, 233.00028]","[579.50208, 104.64732, 709.7139200000001, 238.1922]"
01378.jpg,0,0,0.802087502668239,,Small,"[512.99968, 217.00008000000003, 575.00032, 244.00008]","[509.426432, 215.981208, 573.0106880000001, 246.906792]"
01379.jpg,0,0,0.9276607548000116,,Large,"[408.99968, 420.00048000000004, 628.0, 569.00016]","[405.48288, 414.8604, 629.43808, 571.92552]"
01380.jpg,0,0,0.9211881234008064,,Medium,"[517.0003199999999, 322.99992, 590.0, 358.99992000000003]","[514.470464, 322.30116, 590.7660159999999, 359.69292]"
01381.jpg,0,0,0.9441834099738535,,Large,"[532.99968, 174.00024000000002, 849.9993599999999, 302.0004]","[527.27488, 172.07964, 855.52192, 300.98771999999997]"
01382.jpg,0,0,0.9435317114053529,,Medium,"[491.99999999999994, 342.0, 632.99968, 384.99984]","[494.096, 341.37053999999995, 631.25184, 385.73873999999995]"
01383.jpg,0,0,0.9661442608055296,,Large,"[402.00064, 320.99976, 671.00032, 376.99992]","[403.58975999999996, 319.87501199999997, 668.9888000000001, 377.077788]"
01384.jpg,0,0,0.9698069284410702,,Medium,"[705.0003199999999, 376.99992, 824.00064, 444.00023999999996]","[705.0928, 375.407892, 823.3014400000001, 443.9564280000001]"
01385.jpg,0,0,0.976756445988652,,Large,"[608.99968, 204.00011999999998, 733.99936, 304.0002]","[607.3105280000001, 204.04404, 735.1893120000001, 303.9678]"
01386.jpg,0,0,0.9266969874691179,,Large,"[506.00064, 185.00039999999998, 647.0003199999999, 280.00008]","[507.95392, 184.78800000000004, 641.3862399999999, 281.91456]"
01387.jpg,0,0,0.9658240808428716,,Medium,"[608.99968, 330.00012, 717.99936, 398.99988]","[607.854848, 331.389072, 718.243072, 398.860848]"
01388.jpg,0,0,0.9655859366519134,,Large,"[549.00032, 167.00039999999998, 729.0003200000001, 244.00008]","[552.33344, 166.17708, 728.60096, 244.29059999999998]"
01390.jpg,0,0,0.9661327094951728,,Large,"[587.0003200000001, 289.00008, 774.00064, 415.00008]","[582.97664, 288.49068, 774.08704, 416.10276]"
01391.jpg,0,0,0.9772748534589699,,Large,"[713.9993600000001, 287.00028000000003, 832.0, 396.00036]","[712.291776, 287.45028, 832.3763839999999, 395.84412]"
01392.jpg,0,0,0.9652424561961989,,Large,"[440.99968, 161.00028, 776.99968, 491.00003999999996]","[431.92, 160.43436, 778.04352, 492.31764]"
01393.jpg,0,0,0.924782146241386,,Medium,"[668.0, 182.00016000000005, 767.0003200000001, 267.00048]","[664.984064, 179.03808, 767.5535360000001, 267.7536]"
01394.jpg,0,0,0.9134237536543993,,Large,"[236.0, 214.00020000000004, 455.00032, 415.00044]","[232.05184000000003, 223.1154, 449.73248, 414.46763999999996]"
01395.jpg,0,0,0.9560161853875815,,Large,"[612.9996799999999, 211.99968000000004, 745.99936, 337.99967999999996]","[611.8035199999999, 215.22492, 745.9923200000001, 339.30036]"
01396.jpg,0,0,0.972792862338191,,Medium,"[342.0, 197.00028, 414.99967999999996, 275.00004]","[341.473856, 196.29072, 415.364544, 275.50512]"
01397.jpg,0,0,0.901802498909307,,Medium,"[350.99968, 179.99964, 418.99968, 234.99972000000002]","[350.40031999999997, 178.91146799999999, 422.27936, 236.609172]"
01398.jpg,0,0,0.9452980128645411,,Medium,"[753.00032, 262.99980000000005, 818.0, 324.99971999999997]","[751.646976, 263.252268, 817.7149440000001, 326.720052]"
01399.jpg,0,0,0.9081472105828281,,Medium,"[609.00032, 326.99987999999996, 680.00064, 375.00012]","[607.272832, 326.507292, 682.5063680000001, 376.38838799999996]"
01400.jpg,0,0,0.9082677833264049,,Medium,"[772.9996800000001, 302.99976000000004, 857.99936, 356.99976]","[770.822912, 304.445736, 855.102208, 357.548184]"
01401.jpg,0,0,0.920603902385188,,Large,"[512.00064, 424.00008, 641.00032, 529.99992]","[509.23980800000004, 423.18252, 636.291072, 531.89316]"
01402.jpg,0,0,0.9607296293077128,,Large,"[266.0, 320.00004, 374.0, 422.00028000000003]","[264.577408, 320.46768000000003, 372.71923200000003, 423.09072]"
01403.jpg,0,0,0.853168928033319,,Medium,"[520.9990399999999, 256.99968, 618.99968, 315.0]","[516.227712, 253.053324, 618.092928, 317.334996]"
01404.jpg,0,0,0.9559899617395948,,Large,"[503.00032, 301.99968, 687.0003199999999, 402.99984000000006]","[504.76672, 300.57696, 688.30592, 404.50320000000005]"
01405.jpg,0,0,0.8915250905774154,,Large,"[789.00032, 258.99984, 985.0003199999999, 463.99967999999996]","[787.83872, 276.56352, 987.1731199999999, 462.14064]"
01406.jpg,0,0,0.6490614691926073,,Large,"[262.00064000000003, 147.99996, 918.00064, 443.99988]","[371.62432, 144.41291999999999, 805.1692800000001, 448.57620000000003]"
01407.jpg,0,0,0.9502661608966582,,Large,"[741.9999999999999, 86.00004, 867.99936, 179.00027999999998]","[739.11232, 87.03504000000001, 869.1513600000001, 179.80416]"
01408.jpg,0,0,0.885549406559711,,Large,"[672.0, 331.0002, 924.9996800000001, 507.99996]","[683.3280000000001, 321.71508, 921.70752, 505.57788000000005]"
01409.jpg,0,0,0.8716046463015173,,Large,"[491.00032, 135.99972000000002, 772.9996800000001, 345.99996000000004]","[495.57312, 145.56671999999998, 754.9049600000001, 347.60303999999996]"
01410.jpg,0,0,0.9581013670527376,,Large,"[535.0003199999999, 122.00040000000003, 799.00032, 327.00023999999996]","[537.47136, 125.721, 796.11968, 327.84012]"
01411.jpg,0,0,0.9434763504825169,,Large,"[347.99935999999997, 107.99964, 559.99936, 281.99987999999996]","[345.30304, 103.30056000000002, 561.3235199999999, 284.29272000000003]"
01412.jpg,0,0,0.900024568665766,,Medium,"[615.00032, 417.00023999999996, 720.9996799999999, 455.0004]","[611.373952, 414.855432, 720.7758080000001, 454.42504799999995]"
01413.jpg,0,0,0.9528190039830151,,Large,"[440.99967999999996, 236.00015999999997, 767.0003199999999, 357.99984]","[442.97024, 232.86347999999998, 768.3680000000002, 356.43636]"
01414.jpg,0,0,0.7973278124265564,,Small,"[710.99968, 132.99984, 762.9996799999999, 155.00016000000002]","[708.200192, 132.340212, 764.726528, 157.723308]"
01415.jpg,0,0,0.9073725632139978,,Medium,"[458.0006400000001, 188.00028, 580.0, 259.0002]","[456.97542400000003, 184.97232000000002, 581.191616, 261.82368]"
01416.jpg,0,0,0.9403878137376168,,Large,"[664.9996799999999, 178.99992, 813.99936, 277.99992]","[663.31776, 178.36524, 816.65408, 280.66356]"
01417.jpg,0,0,0.9578483704441444,,Large,"[584.0, 138.99996000000002, 747.0003199999999, 297.99971999999997]","[581.2812799999999, 136.88279999999997, 746.2579199999999, 299.42856]"
01418.jpg,0,0,0.9424112449377146,,Large,"[522.0, 190.00008, 695.99936, 311.00039999999996]","[518.07104, 187.69428, 696.16768, 313.13484]"
01419.jpg,0,0,0.8214612280344683,,Large,"[670.99968, 304.99992, 1028.9990400000002, 484.99992]","[671.3209599999999, 303.07104, 1043.11104, 459.65520000000004]"
01420.jpg,0,0,0.9652059474373859,,Large,"[799.0003200000001, 222.99984000000003, 996.0, 393.99984]","[796.59584, 222.1344, 999.29024, 393.67152]"
01421.jpg,0,0,0.9640952026943295,,Large,"[629.9999999999999, 376.99992000000003, 801.9999999999999, 475.99992]","[627.8976, 378.68724, 801.5347199999999, 476.46972000000005]"
01422.jpg,0,0,0.952603012652367,,Large,"[509.00032000000004, 347.0004, 646.0000000000001, 426.00024]","[513.56736, 346.7962800000001, 646.4608, 425.30580000000003]"
01423.jpg,0,0,0.8087847772698636,,Large,"[622.0, 273.9996, 810.0, 455.9997599999999]","[582.75136, 272.94912, 813.7926400000001, 455.92992000000004]"
01424.jpg,0,0,0.9568540837465733,,Large,"[453.00032, 315.00035999999994, 622.0, 474.00012000000004]","[449.52128000000005, 313.74036, 621.19872, 475.80012]"
01425.jpg,0,0,0.942678489574803,,Large,"[344.00064, 91.00008000000003, 849.00032, 460.00008]","[345.46943999999996, 87.03467999999998, 861.46816, 452.12292]"
01427.jpg,0,0,0.8440742301108941,,Large,"[418.0, 86.99975999999998, 906.99968, 379.00008]","[424.97279999999995, 83.12724000000001, 916.3136, 418.36716]"
01428.jpg,0,0,0.875793528048188,,Large,"[180.99968000000004, 294.00048000000004, 548.99968, 461.00016]","[179.67807999999997, 305.53236, 551.27104, 453.051]"
01429.jpg,0,0,0.9786306583902212,,Large,"[644.00064, 160.99992, 973.00032, 309.00023999999996]","[643.1571199999998, 159.8904, 972.2412800000001, 310.39344]"
01430.jpg,0,0,0.9473429237987098,,Medium,"[855.0, 619.00038, 983.99904, 679.9998599999999]","[855.0695999999999, 620.01369, 981.1108800000001, 679.15719]"
01431.jpg,0,0,0.9171063518594429,,Medium,"[1187.0006400000002, 302.99994000000004, 1325.00064, 372.00005999999996]","[1188.615168, 303.33463200000006, 1318.739712, 370.444968]"
01432.jpg,0,0,0.9066118799478239,,Medium,"[919.0003199999999, 651.99978, 1029.0009599999998, 699.0003]","[916.4410559999999, 652.781646, 1028.829984, 696.3802739999999]"
01433.jpg,0,0,0.9812491689551647,,Medium,"[173.99999999999997, 369.00036, 322.99967999999996, 454.00068]","[172.399488, 368.903268, 323.490432, 454.328892]"
01434.jpg,0,0,0.9638445574272364,,Medium,"[1105.0003199999999, 463.99986, 1246.0012800000002, 527.9995799999999]","[1104.073536, 463.62439800000004, 1243.4490240000002, 527.597442]"
01435.jpg,0,0,0.9284567004238217,,Medium,"[811.9996799999999, 354.99978000000004, 959.0006400000001, 424.99998]","[811.0159679999999, 357.58071, 956.186592, 424.26368999999994]"
01436.jpg,0,0,0.9314380011569501,,Medium,"[1319.00064, 314.00028, 1447.00128, 374.00076]","[1317.9723840000001, 313.93386, 1446.670176, 370.5183]"
01437.jpg,0,0,0.9641248940751302,,Medium,"[1090.0003199999999, 267.99984, 1218.99936, 328.00032000000004]","[1090.822944, 268.15887000000004, 1217.447136, 327.09177]"
01438.jpg,0,0,0.9565083302426985,,Medium,"[1407.99936, 275.99994, 1577.9999999999998, 343.99998]","[1407.369888, 275.587488, 1576.648032, 342.196272]"
01439.jpg,0,0,0.9095292728024984,,Medium,"[1106.0006400000002, 9.00018, 1250.00064, 70.99974]","[1107.7791359999999, 13.326119999999996, 1251.1482239999998, 71.16854400000001]"
01440.jpg,0,0,0.8407743827601494,,Medium,"[1208.00064, 101.99952, 1357.00032, 156.9996]","[1218.150432, 99.040104, 1352.161248, 155.902536]"
01441.jpg,0,0,0.9467140550225119,,Medium,"[1383.0, 319.99968, 1528.0003199999999, 369.99936]","[1384.407744, 318.409434, 1528.358976, 369.425286]"
01442.jpg,0,0,0.9459420182197433,,Medium,"[1560.0, 202.9995, 1725.00096, 270.99954]","[1558.308096, 201.37053600000002, 1723.528704, 270.116424]"
01443.jpg,0,0,0.8865920176984505,,Medium,"[926.9990399999999, 553.0005, 1060.99968, 620.00046]","[920.1721919999999, 555.1995959999999, 1059.378528, 618.209604]"
01444.jpg,0,0,0.9457710299871752,,Small,"[64.99968, 161.00046, 148.99968, 199.00026000000003]","[64.027584, 161.487378, 148.622784, 200.044782]"
01445.jpg,0,0,0.8383704581587111,,Small,"[773.99904, 240.00029999999998, 841.99968, 274.99986]","[772.077408, 238.3236, 843.836832, 277.884]"
01446.jpg,0,0,0.9461982296791944,,Medium,"[1111.00128, 144.00018, 1235.00064, 204.99966]","[1109.418336, 144.791982, 1236.9867840000002, 205.873218]"
01447.jpg,0,0,0.9661771828847864,,Medium,"[948.9993600000001, 85.99986000000001, 1125.0, 176.99957999999998]","[946.9271040000001, 86.186106, 1127.5176960000001, 177.608214]"
01448.jpg,0,0,0.9485877605870281,,Medium,"[947.99904, 146.99934, 1145.99904, 245.9997]","[945.0729600000001, 146.90818800000002, 1150.29216, 247.60285199999998]"
01449.jpg,0,0,0.9324133866663084,,Large,"[48.99936, 209.00052, 258.99936, 314.00028000000003]","[49.648895999999986, 210.240792, 248.161536, 314.205048]"
01450.jpg,0,0,0.975946215119075,,Large,"[597.0000000000001, 357.99947999999995, 847.99968, 469.9998]","[596.3481600000001, 358.69554, 846.90816, 468.75942]"
01451.jpg,0,0,0.9752184490304319,,Medium,"[1591.00032, 353.00016, 1773.0009599999998, 437.0004]","[1590.969024, 351.930258, 1772.0300160000002, 436.41574199999997]"
01452.jpg,0,0,0.9495133240298603,,Medium,"[1606.99872, 237.99960000000002, 1753.99968, 295.99992]","[1606.43952, 236.736216, 1752.5006399999997, 295.051464]"
01453.jpg,0,0,0.9134924891649451,,Medium,"[654.99936, 293.00022, 763.99968, 340.00073999999995]","[653.4911040000001, 293.596434, 762.731616, 342.56028599999996]"
01454.jpg,0,0,0.9624764261796291,,Medium,"[925.9987199999999, 573.00048, 1102.99968, 652.00032]","[926.7588480000001, 573.926688, 1102.404672, 653.508432]"
01455.jpg,0,0,0.9740171959839221,,Medium,"[336.99935999999997, 453.99960000000004, 508.00031999999993, 534.9996]","[337.512768, 455.465754, 508.32019199999996, 535.2614460000001]"
01456.jpg,0,0,0.9416486047436109,,Medium,"[784.9987199999999, 188.99946, 936.9993599999999, 261.9999]","[784.129056, 187.255422, 935.492064, 260.469378]"
01457.jpg,0,0,0.9294969684261285,,Large,"[699.99936, 85.00032000000002, 906.0000000000001, 225.00072000000003]","[709.72512, 86.31954000000002, 906.1392000000001, 227.16342]"
01458.jpg,0,0,0.9668665352831803,,Large,"[1024.00032, 46.99998, 1282.0003199999999, 198.00017999999997]","[1022.52576, 45.86975999999999, 1281.7008, 200.98152]"
01459.jpg,0,0,0.9678158477417032,,Medium,"[1167.00096, 528.99966, 1309.00032, 594.9995399999999]","[1168.239936, 529.600248, 1308.441024, 594.295272]"
01460.jpg,0,0,0.9624169201885163,,Medium,"[488.0006400000001, 217.99962, 673.00032, 319.00014]","[483.25392000000005, 217.28978999999998, 672.14448, 318.85893000000004]"
01461.jpg,0,0,0.8673946586819432,,Medium,"[1128.0, 212.99976, 1250.9990400000002, 270.0]","[1120.925472, 212.638446, 1249.817568, 274.22339400000004]"
01462.jpg,0,0,0.893324591647439,,Tiny,"[1121.00064, 328.00032000000004, 1161.0, 351.0]","[1120.6591680000001, 329.06277, 1160.408352, 350.08011]"
01463.jpg,0,0,0.8609989777627434,,Small,"[1578.0, 392.00004, 1633.0003199999999, 415.9998]","[1577.640768, 392.51546999999994, 1628.056512, 415.36125000000004]"
01464.jpg,0,0,0.9769194833703702,,Tiny,"[1209.99936, 540.0, 1257.9993599999998, 560.9995200000001]","[1209.7276800000002, 539.84799, 1258.12128, 561.16881]"
01465.jpg,0,0,0.9603170577441577,,Medium,"[495.99935999999997, 292.99968, 634.99968, 351.0]","[494.525952, 293.94052200000004, 634.645248, 351.655398]"
01466.jpg,0,0,0.9838210497961498,,Medium,"[985.0003200000001, 258.00012, 1122.0, 311.00003999999996]","[984.8254080000002, 258.390216, 1121.476032, 311.20394400000004]"
01467.jpg,0,0,0.9680066105353242,,Medium,"[1113.0, 385.99956, 1241.0006400000002, 439.99956000000003]","[1112.92896, 385.37856, 1240.26144, 439.20576]"
01468.jpg,0,0,0.9712827366671415,,Large,"[853.9996800000001, 321.99983999999995, 1135.9996800000001, 461.00016]","[853.0559999999999, 321.95016000000004, 1132.98816, 463.0824]"
01469.jpg,0,0,0.969626281520749,,Medium,"[531.0, 395.99982, 678.0009600000001, 459.99953999999997]","[530.7914880000001, 394.681194, 676.8001919999999, 459.935766]"
01470.jpg,0,0,0.9709161884171453,,Medium,"[1440.9993599999998, 770.9995799999999, 1631.9990400000002, 839.9997]","[1439.5967999999998, 771.701094, 1633.13664, 840.4300260000001]"
01471.jpg,0,0,0.9621181461897876,,Medium,"[482.00064, 560.0005199999999, 650.00064, 636.00012]","[480.18009600000005, 559.64763, 650.926464, 634.6401300000001]"
01472.jpg,0,0,0.9208516386469641,,Medium,"[1455.0, 870.99948, 1602.0009599999998, 924.9994800000001]","[1452.821568, 868.9165919999999, 1599.337152, 925.704288]"
01473.jpg,0,0,0.8435599726275094,,Medium,"[763.0003200000001, 557.00028, 856.0012800000001, 608.0000400000001]","[764.4767039999999, 557.521326, 852.0135359999999, 603.2281139999999]"
01474.jpg,0,0,0.8743843177650946,,Tiny,"[1018.99872, 747.9999, 1074.99936, 766.00026]","[1019.0754239999999, 747.467298, 1076.412576, 767.522142]"
01475.jpg,0,0,0.7536435482827601,,Small,"[1428.0009599999998, 559.9999799999999, 1523.00064, 598.99986]","[1428.70128, 557.710596, 1542.6216, 600.306444]"
01476.jpg,0,0,0.9209352183306011,,Small,"[1390.0003199999999, 644.0002199999999, 1461.0, 690.00066]","[1388.6340480000001, 641.991798, 1461.943872, 690.3674819999999]"
01477.jpg,0,0,0.9203058643898022,,Tiny,"[955.9987199999999, 271.00007999999997, 1000.99968, 292.99967999999996]","[953.53584, 270.686286, 1001.6808000000001, 292.967874]"
01478.jpg,0,0,0.7134032494469614,,Tiny,"[577.99968, 223.00001999999998, 622.00032, 242.00046]","[572.502144, 220.171446, 622.4712959999999, 243.623754]"
01479.jpg,0,0,0.845170054094803,,Medium,"[672.0, 57.00024, 758.99904, 104.99976000000001]","[658.578432, 57.66265800000001, 759.7831679999999, 105.240438]"
01480.jpg,0,0,0.9025759857097463,,Small,"[547.00032, 174.99942, 626.00064, 217.99962]","[544.061376, 176.506722, 624.404544, 218.490318]"
01481.jpg,0,0,0.9100755717507627,,Small,"[781.0003200000001, 213.00030000000004, 865.00032, 246.99978000000002]","[783.1933439999999, 214.40781, 863.5944959999999, 246.73490999999999]"
01482.jpg,0,0,0.9017302556331526,,Small,"[547.00032, 163.99962, 636.0, 200.99934]","[543.3696, 162.91103400000003, 635.9366400000001, 202.308246]"
01483.jpg,0,0,0.9572413148018352,,Small,"[558.00096, 396.00036, 634.00032, 426.00059999999996]","[556.83408, 396.703926, 634.2609600000001, 425.94719399999997]"
01484.jpg,0,0,0.8967895507469111,,Medium,"[1212.0, 113.0004, 1324.99968, 160.99991999999997]","[1205.981184, 111.76288199999999, 1325.961216, 162.17263799999998]"
01485.jpg,0,0,0.7272269066519487,,Tiny,"[1040.00064, 347.00022000000007, 1090.99968, 366.00066000000004]","[1037.9843520000002, 345.46159800000004, 1081.319328, 366.128802]"
01486.jpg,0,0,0.9037405331915306,,Small,"[1384.00032, 479.00052, 1443.0, 502.00019999999995]","[1383.206976, 477.93321, 1443.689664, 502.75863]"
01487.jpg,0,0,0.75374706238532,,Tiny,"[1154.00064, 569.9997, 1192.00128, 585.9999]","[1150.3163519999998, 570.730104, 1191.442368, 588.2913359999999]"
01488.jpg,0,0,0.9391043934446849,,Tiny,"[616.9996799999999, 462.99978000000004, 662.99904, 480.00006]","[618.458496, 463.38312600000006, 662.780544, 480.050874]"
01489.jpg,0,0,0.8497870419054203,,Tiny,"[1036.00032, 363.99942000000004, 1075.00128, 381.99978]","[1033.582752, 362.307222, 1075.460448, 381.966138]"
01490.jpg,0,0,0.8699960490038662,,Tiny,"[921.0, 525.00042, 960.99936, 540.00054]","[920.183712, 524.3493960000001, 959.200608, 539.513244]"
01491.jpg,0,0,0.9224918267201702,,Small,"[901.99968, 568.00008, 958.00032, 591.99984]","[899.685216, 567.7995239999999, 957.311904, 591.515676]"
01492.jpg,0,0,0.9635960364622462,,Tiny,"[1455.0, 550.00026, 1506.99936, 569.0006999999999]","[1454.510112, 549.70191, 1506.479328, 569.04417]"
01493.jpg,0,0,0.9074504790272044,,Small,"[1502.00064, 572.0004, 1560.0, 600.0004799999999]","[1500.938304, 572.7353400000001, 1558.9964159999997, 601.02594]"
01494.jpg,0,0,0.8539373377926448,,Small,"[1226.9990400000002, 511.99992, 1288.99968, 538.99992]","[1229.31456, 512.644464, 1288.4352, 536.823936]"
01495.jpg,0,0,0.9008364362370759,,Small,"[1446.0, 425.99952, 1508.00064, 455.99976]","[1444.239456, 427.24670399999997, 1507.8258239999998, 456.986016]"
01496.jpg,0,0,0.9216233264079777,,Small,"[679.99968, 180.9999, 741.0, 214.99937999999997]","[676.723584, 181.441836, 740.301696, 214.810164]"
01497.jpg,0,0,0.8803378306853603,,Small,"[907.9996799999999, 533.00052, 954.99936, 556.0002000000001]","[908.1366720000001, 533.694474, 959.2860479999999, 556.211286]"
01498.jpg,0,0,0.8887375992782279,,Medium,"[762.9993599999999, 759.9997799999999, 857.99904, 807.0003]","[762.014688, 763.9050600000002, 857.029152, 806.5035]"
01499.jpg,0,0,0.9316507803050948,,Small,"[543.99936, 835.0003800000001, 625.00032, 873.00018]","[547.0133759999999, 835.121394, 622.827264, 872.946126]"
01500.jpg,0,0,0.8857694783984832,,Small,"[852.0000000000001, 723.00006, 936.0, 759.99978]","[850.82976, 722.7809819999999, 944.5084800000001, 759.739338]"
01501.jpg,0,0,0.8766631679919922,,Small,"[1090.99968, 656.99964, 1145.9999999999998, 683.9996399999999]","[1088.368128, 658.440198, 1145.475072, 683.395002]"
01502.jpg,0,0,0.9595754161869441,,Small,"[876.00096, 780.0003, 945.0, 815.99994]","[875.604096, 780.4644840000001, 945.992064, 816.311196]"
01503.jpg,0,0,0.9370874336718941,,Small,"[992.9990399999999, 473.00004, 1059.99936, 505.00044]","[992.073024, 472.439196, 1061.758656, 504.72536399999996]"
01504.jpg,0,0,0.9493977135468258,,Small,"[948.9993600000001, 618.0002999999999, 1031.9990400000002, 653.99994]","[948.8355839999999, 617.495292, 1033.5912959999998, 654.628068]"
01505.jpg,0,0,0.951968282882798,,Medium,"[848.99904, 569.9996999999998, 1004.99904, 637.99974]","[848.3333759999999, 570.7675800000001, 1002.3968639999999, 639.1737]"
01506.jpg,0,0,0.9091804906139943,,Large,"[1055.00064, 558.9999, 1299.0000000000002, 658.0002599999999]","[1065.00864, 559.17729, 1292.1753600000002, 660.35871]"
01507.jpg,0,0,0.8950712203748905,,Small,"[922.00032, 710.9996400000001, 980.9999999999999, 738.9997199999999]","[919.373664, 709.7572080000001, 980.5930559999999, 738.501192]"
01508.jpg,0,0,0.8949274376359332,,Small,"[587.9999999999999, 523.00026, 686.00064, 564.0003]","[581.821824, 524.1963599999999, 685.316736, 564.6229199999999]"
01509.jpg,0,0,0.9312191096640334,,Medium,"[877.00128, 849.99996, 994.00032, 897.99948]","[874.334016, 851.895414, 993.5495040000001, 897.7434660000001]"
01510.jpg,0,0,0.9189067045342851,,Medium,"[1029.99936, 598.99986, 1137.9993599999998, 640.9999799999999]","[1022.712576, 598.777056, 1137.575424, 640.5510240000001]"
01511.jpg,0,0,0.8890079578067681,,Small,"[575.9990399999999, 668.00052, 643.99968, 692.00028]","[575.17488, 666.648468, 645.68784, 692.682732]"
01512.jpg,0,0,0.9388004797883814,,Tiny,"[978.9993599999999, 659.0003399999999, 1020.99936, 675.00054]","[978.9389759999998, 659.05083, 1019.9269439999999, 675.54621]"
01513.jpg,0,0,0.8481775911074584,,Small,"[853.99968, 625.00032, 905.9990399999999, 656.0006400000001]","[852.433248, 627.0148439999999, 906.5133119999999, 654.232356]"
01514.jpg,0,0,0.8934692394205502,,Small,"[945.0000000000001, 575.9996399999999, 1015.9996800000001, 609.0001199999999]","[942.1769280000001, 575.0541000000001, 1014.0035520000001, 608.4012600000001]"
01515.jpg,0,0,0.8792866335686484,,Small,"[907.0003200000001, 654.9994800000001, 962.00064, 682.99956]","[905.323392, 655.0329599999999, 959.211648, 681.72192]"
01516.jpg,0,0,0.7149927529110733,,Small,"[1006.00032, 721.00044, 1062.0009599999998, 744.0001199999999]","[1002.2383680000002, 722.652354, 1062.422112, 748.897326]"
01517.jpg,0,0,0.8106483201157474,,Medium,"[91.00128000000001, 682.99956, 208.00032, 734.9994]","[89.895168, 680.60628, 224.32780799999998, 736.43364]"
01518.jpg,0,0,0.9259403917462616,,Small,"[60.00096, 457.00038, 155.00064, 500.00058]","[56.86060799999999, 457.62289200000004, 153.643968, 500.699988]"
01519.jpg,0,0,0.8616741302402451,,Small,"[259.99872, 505.99998, 340.99968, 543.99978]","[256.88976, 506.44305, 336.22512, 542.50479]"
01520.jpg,0,0,0.9008167422989065,,Medium,"[365.99904, 471.99996, 486.9993599999999, 529.0002]","[364.612992, 476.33038200000004, 487.25260799999995, 528.311538]"
01521.jpg,0,0,0.9008814612137461,,Tiny,"[794.99904, 656.0001, 837.99936, 675.00054]","[792.357312, 655.68204, 837.204288, 674.80452]"
01522.jpg,0,0,0.8292621814449624,,Tiny,"[952.00032, 521.0001000000001, 991.99968, 541.00062]","[949.120032, 522.43299, 993.5974080000001, 541.28061]"
01523.jpg,0,0,0.8720708232550639,,Small,"[1290.0009599999998, 409.00032000000004, 1347.0, 439.00056]","[1286.2953599999998, 409.15103400000004, 1351.0204800000001, 439.16088599999995]"
01524.jpg,0,0,0.9344087340887636,,Small,"[1204.00032, 554.00004, 1270.00032, 582.0001199999999]","[1202.978112, 554.751018, 1270.838208, 582.3831419999999]"
01525.jpg,0,0,0.9158804886947881,,Small,"[1610.00064, 504.99935999999997, 1689.0009599999998, 536.99976]","[1609.42896, 505.93815, 1686.46608, 537.6161699999999]"
01526.jpg,0,0,0.9002172501556369,,Small,"[1561.00128, 706.00032, 1625.00064, 735.00048]","[1557.074976, 705.507462, 1626.407904, 734.7438179999999]"
01527.jpg,0,0,0.8314107794732907,,Tiny,"[1067.00064, 785.9997, 1109.0006400000002, 805.0001399999999]","[1063.4046720000001, 785.190348, 1107.5047679999998, 804.476772]"
01528.jpg,0,0,0.94380842439381,,Small,"[1167.0, 665.00028, 1233.0, 698.00076]","[1165.6796160000001, 664.436574, 1232.930304, 698.681106]"
01529.jpg,0,0,0.810858916198305,,Small,"[1393.99968, 874.9998, 1450.99872, 902.99988]","[1397.628576, 873.931194, 1456.9352640000002, 902.709846]"
01530.jpg,0,0,0.9361668222983308,,Small,"[1054.00128, 752.00022, 1153.00032, 793.0002599999999]","[1052.2278720000002, 752.9742720000002, 1153.210848, 792.091008]"
01531.jpg,0,0,0.9703405707734191,,Small,"[1384.0003199999999, 768.00042, 1455.0, 802.99998]","[1384.5078720000001, 767.7092519999999, 1454.7190079999998, 802.625868]"
01532.jpg,0,0,0.9778456041143582,,Medium,"[1217.99904, 756.9995400000001, 1321.9996800000001, 800.99982]","[1217.760192, 756.5010120000001, 1322.395968, 800.7769079999999]"
01533.jpg,0,0,0.8603363761348889,,Medium,"[722.0006400000001, 855.9999, 835.00032, 901.0002599999999]","[722.477952, 854.84943, 827.7262079999999, 898.5564899999999]"
01534.jpg,0,0,0.8015912654736284,,Tiny,"[744.0, 649.9996199999999, 765.9993599999999, 661.9995000000001]","[743.218848, 650.9630880000001, 767.1990720000001, 662.710032]"
01535.jpg,0,0,0.9104651215538352,,Tiny,"[731.9990399999999, 457.00038, 768.99936, 473.00058]","[732.436512, 456.72508799999997, 768.815328, 474.02539199999995]"
01536.jpg,0,0,0.9828505016464939,,Small,"[1394.99904, 399.99960000000004, 1476.0, 429.99984]","[1395.0689280000001, 399.633318, 1475.818752, 430.063722]"
01537.jpg,0,0,0.9264237293177591,,Small,"[1119.00096, 497.99988, 1177.00032, 519.99948]","[1119.25056, 497.38784400000003, 1178.31744, 520.512156]"
01538.jpg,0,0,0.9751448620106457,,Small,"[1129.00128, 474.99966, 1217.00064, 513.99954]","[1129.6814399999998, 475.021692, 1216.9464, 514.642788]"
01539.jpg,0,0,0.9141185291769466,,Small,"[1179.99936, 265.00014, 1268.99904, 298.99962]","[1183.903296, 263.701926, 1268.712384, 299.21567400000004]"
01540.jpg,0,0,0.9308751107030537,,Small,"[1305.0009599999998, 749.00052, 1377.00096, 776.0005199999999]","[1304.841504, 750.22929, 1375.662816, 775.89279]"
01541.jpg,0,0,0.875636388855998,,Tiny,"[1013.0006400000001, 673.00038, 1050.00096, 689.00058]","[1010.70624, 672.773796, 1049.39232, 689.7110040000001]"
01542.jpg,0,0,0.8888735939999285,,Small,"[1561.00032, 594.99954, 1614.0, 615.0000600000001]","[1560.889344, 594.1842479999999, 1613.2584960000002, 613.791432]"
01543.jpg,0,0,0.9006996826446737,,Small,"[178.00032, 554.0000399999999, 229.99967999999998, 574.99956]","[175.645152, 553.1775660000001, 229.72060800000003, 575.368434]"
01544.jpg,0,0,0.9685612956911803,,Small,"[1430.00064, 571.0003200000001, 1497.00096, 599.0003999999999]","[1429.063296, 571.032828, 1498.118784, 598.983012]"
01545.jpg,0,0,0.923389456266104,,Small,"[2.0006400000000024, 651.99978, 100.99968, 685.99926]","[4.503551999999999, 653.032908, 100.74355200000001, 686.726532]"
01546.jpg,0,0,0.9116197094121936,,Small,"[1257.0, 666.0003600000001, 1330.00032, 694.0004399999999]","[1258.942656, 666.8515080000001, 1328.495424, 694.393452]"
01547.jpg,0,0,0.9493044550398276,,Medium,"[678.99936, 901.0002599999999, 871.9996799999999, 972.00054]","[678.15552, 901.27485, 870.6470400000001, 969.43635]"
01548.jpg,0,0,0.918577604941915,,Large,"[174.0, 282.99942, 423.00095999999996, 381.99977999999993]","[167.74656, 282.501756, 415.81823999999995, 384.694164]"
01549.jpg,0,0,0.943429947923856,,Small,"[489.0009600000001, 584.00028, 530.00064, 610.0002]","[488.528256, 584.280702, 530.730624, 610.4930579999999]"
01550.jpg,0,0,0.9333071955741116,,Small,"[906.9993599999999, 521.99964, 953.99904, 548.99964]","[905.983872, 522.025722, 956.124288, 549.092358]"
01551.jpg,0,0,0.6782295120858806,,Tiny,"[1193.99904, 680.9999399999999, 1230.99936, 697.00014]","[1189.077888, 678.425922, 1229.903232, 695.5176779999999]"
01552.jpg,0,0,0.9196134525407048,,Small,"[391.99968, 673.99992, 445.99968, 698.9997599999999]","[391.00656000000004, 673.465266, 445.86767999999995, 697.953294]"
01553.jpg,0,0,0.8721151663554793,,Small,"[1385.00064, 572.9999399999999, 1437.0, 607.9995]","[1386.0631680000001, 574.699806, 1435.157952, 609.1119540000001]"
01554.jpg,0,0,0.9119568515484243,,Small,"[517.9996799999999, 578.0003399999999, 583.99968, 617.00022]","[518.474016, 578.19096, 579.412704, 617.3172]"
01555.jpg,0,0,0.8241564006030833,,Tiny,"[725.0006399999999, 636.00012, 762.00096, 656.99964]","[723.069696, 634.603248, 764.027904, 657.621072]"
01556.jpg,0,0,0.6423240905010018,,Small,"[944.0006400000001, 603.99972, 987.0009600000001, 628.99956]","[943.641984, 611.4807719999999, 991.0920959999999, 629.417628]"
01557.jpg,0,0,0.95571191146757,,Small,"[822.00096, 815.0003999999999, 891.0, 844.0005600000001]","[821.453376, 814.4468459999999, 889.992384, 844.122114]"
01558.jpg,0,0,0.9469093994900823,,Small,"[717.0, 760.00032, 792.99936, 792.00072]","[716.9613119999999, 759.024756, 792.5350080000001, 791.4275640000001]"
01559.jpg,0,0,0.9016971343127735,,Small,"[1387.00032, 556.0002000000001, 1440.0, 583.0002]","[1383.8536319999998, 556.25049, 1440.884928, 582.3891899999999]"
01560.jpg,0,0,0.8386157446739678,,Small,"[1057.00032, 551.0003399999999, 1107.0009599999998, 586.99998]","[1055.882304, 554.258592, 1105.0277760000001, 587.783088]"
01561.jpg,0,0,0.8403889348429209,,Small,"[1854.0, 447.00066000000004, 1921.00032, 482.00021999999996]","[1851.6802559999999, 449.079768, 1919.003904, 480.33367200000004]"
01562.jpg,0,0,0.964150346225225,,Medium,"[603.00096, 306.00072, 690.0, 354.00024]","[601.928736, 305.449056, 688.937184, 354.03350399999994]"
01563.jpg,0,0,0.9382168016362159,,Large,"[914.00064, 395.99982, 1204.99968, 545.99994]","[914.01792, 401.30154, 1198.88064, 545.06574]"
01564.jpg,0,0,0.9690158241602492,,Medium,"[611.9990399999999, 498.99942000000004, 708.99936, 545.99994]","[612.23472, 499.77972, 708.27984, 545.7769199999999]"
01565.jpg,0,0,0.9293637628643573,,Small,"[598.99968, 442.00026, 673.00032, 482.00021999999996]","[598.520256, 443.335626, 674.424384, 482.59373400000004]"
01566.jpg,0,0,0.820506049316769,,Tiny,"[962.00064, 672.0002999999999, 993.00096, 683.0001]","[961.0789439999999, 671.8309559999999, 991.710816, 684.370404]"
01567.jpg,0,0,0.8505375765751039,,Tiny,"[1098.9993599999998, 785.9997, 1128.9993599999998, 797.99958]","[1098.006048, 786.2569560000001, 1127.135712, 798.5760839999999]"
01568.jpg,0,0,0.8187180417741158,,Tiny,"[1147.0003199999999, 699.0002999999999, 1183.0003199999999, 713.0003399999999]","[1146.067104, 698.12793, 1181.821536, 711.8660699999999]"
01569.jpg,0,0,0.8148198723272744,,Tiny,"[961.9996799999999, 726.0002999999999, 1003.99968, 742.0005]","[961.0490880000001, 726.17742, 1000.288512, 740.7736199999999]"
01570.jpg,0,0,0.8977214358567954,,Tiny,"[948.0009600000001, 718.99974, 988.0003200000001, 736.00002]","[945.4636800000001, 719.4020399999999, 987.8956800000001, 735.6301199999999]"
01571.jpg,0,0,0.8625482125603215,,Tiny,"[897.0, 667.9999799999999, 924.99936, 683.0001]","[896.1162239999999, 668.2405499999999, 923.717376, 682.19793]"
01572.jpg,0,0,0.7727257609504383,,Tiny,"[805.00032, 732.9997799999999, 836.00064, 743.99958]","[804.461088, 731.778192, 833.7059519999999, 743.2901280000001]"
01573.jpg,0,0,0.8124298769030311,,Tiny,"[752.00064, 725.00022, 788.0006400000001, 739.00026]","[751.510944, 724.5962460000001, 783.928416, 738.324234]"
01574.jpg,0,0,0.7117135800038092,,Tiny,"[728.99904, 580.9995, 752.9990399999999, 594.99954]","[724.3098239999999, 580.7781540000001, 752.577216, 596.976966]"
01575.jpg,0,0,0.6734186881494025,,Tiny,"[1130.00064, 699.0003, 1144.99968, 706.99986]","[1127.405808, 697.8773538, 1145.966352, 707.4769661999999]"
01576.jpg,0,0,0.8821717992976479,,Tiny,"[657.0000000000001, 604.00026, 689.0006400000001, 622.00062]","[655.270848, 603.779076, 687.5963519999999, 621.6969240000001]"
01577.jpg,0,0,0.9326915607282238,,Small,"[656.00064, 413.99964000000006, 709.0003199999999, 443.99988]","[655.03584, 414.197334, 707.22336, 444.34434600000003]"
01578.jpg,0,0,0.9418044287311221,,Small,"[1073.00064, 541.0000800000001, 1132.00032, 568.00008]","[1072.4676479999998, 540.257958, 1133.116992, 567.854442]"
01579.jpg,0,0,0.757566090672543,,Tiny,"[834.0, 728.99946, 865.00032, 742.9995]","[834.336288, 727.437726, 860.708832, 742.649634]"
01580.jpg,0,0,0.849725481618658,,Tiny,"[646.00032, 644.00022, 676.00032, 661.0005]","[643.314048, 643.560174, 676.6014720000001, 660.386466]"
01581.jpg,0,0,0.8223298631421654,,Tiny,"[1258.99968, 484.00038, 1277.9999999999998, 496.00025999999997]","[1258.381152, 484.209738, 1279.255968, 497.0696219999999]"
01582.jpg,0,0,0.8702332349988223,,Tiny,"[1405.99968, 594.9995399999999, 1430.9999999999998, 610.99974]","[1404.84816, 595.527012, 1430.6040000000003, 610.275708]"
01583.jpg,0,0,0.6136261919641081,,Tiny,"[1090.99968, 591.9998400000001, 1105.00032, 598.00032]","[1089.2575008, 590.2661916, 1104.7687392, 598.8570084]"
01584.jpg,0,0,0.8505244055668519,,Tiny,"[1135.9996800000001, 553.0004999999999, 1156.00032, 564.0003]","[1133.984928, 553.2481979999999, 1156.3945919999999, 564.309882]"
01585.jpg,0,0,0.8020866898286055,,Tiny,"[1198.00032, 526.0005, 1216.00032, 537.0003]","[1195.147392, 526.5370602, 1215.957888, 537.3082998]"
01586.jpg,0,0,0.6822895255722083,,Tiny,"[1033.0003199999999, 594.9995399999999, 1054.99968, 608.99958]","[1028.051712, 593.8169939999999, 1055.908608, 607.920606]"
01587.jpg,0,0,0.8369067935183072,,Small,"[1706.99904, 240.0003, 1749.99936, 273.99978000000004]","[1707.568512, 241.72992, 1752.233088, 276.28344]"
01588.jpg,0,0,0.7432088443435326,,Tiny,"[1172.00064, 547.00002, 1196.00064, 561.00006]","[1170.859488, 546.0775920000001, 1199.864352, 560.293848]"
01589.jpg,0,0,0.9042494265164013,,Tiny,"[1264.9996800000001, 579.99942, 1291.00032, 595.99962]","[1264.218816, 579.7403280000001, 1291.961664, 595.666872]"
01590.jpg,0,0,0.6400522265545555,,Tiny,"[1385.00064, 571.99986, 1410.0009599999998, 585.9999]","[1383.528192, 570.5539020000001, 1412.583168, 589.374738]"
01591.jpg,0,0,0.65831520863696,,Tiny,"[501.0, 336.00041999999996, 521.00064, 345.00006]","[497.63145599999996, 336.15750599999996, 521.462304, 347.298894]"
01592.jpg,0,0,0.7769385135956919,,Tiny,"[402.0, 239.00022, 421.00032000000004, 253.00026]","[399.26870399999996, 238.243572, 422.360736, 252.92098800000002]"
01593.jpg,0,0,0.5326671134912372,,Tiny,"[768.0, 95.99958000000001, 796.99968, 113.99994]","[759.56736, 91.32777, 799.49184, 115.87368599999999]"
01594.jpg,0,0,0.8042162258771589,,Tiny,"[1287.0000000000002, 361.00025999999997, 1333.99968, 379.00061999999997]","[1283.5248960000001, 359.49987000000004, 1333.2354240000002, 380.04093]"
01595.jpg,0,0,0.8089969736864748,,Tiny,"[1243.0003199999999, 469.99926000000005, 1284.0000000000002, 488.9997]","[1242.424608, 471.581622, 1282.805472, 490.68325799999997]"
01596.jpg,0,0,0.7052623649278482,,Tiny,"[440.99904, 264.00006, 464.99904000000004, 282.00042]","[437.6712, 263.054682, 465.63888, 284.95675800000004]"
01597.jpg,0,0,0.6038276087258344,,Tiny,"[360.0, 269.99946, 391.00032, 287.99981999999994]","[351.988512, 266.085702, 392.345568, 288.984618]"
01598.jpg,0,0,0.8563037881427717,,Small,"[673.99968, 503.99982000000006, 730.99872, 523.00026]","[673.535232, 502.849782, 730.483968, 524.685978]"
01599.jpg,0,0,0.8299776022772388,,Tiny,"[1348.99968, 360.99971999999997, 1394.99904, 381.99924]","[1348.157856, 363.369456, 1393.713504, 381.58430400000003]"
01600.jpg,0,0,0.7543772587188271,,Tiny,"[1027.00032, 504.99989999999997, 1072.99968, 521.0001]","[1025.7273599999999, 503.16265799999996, 1073.43552, 523.6127819999999]"
01601.jpg,0,0,0.8678801910005396,,Tiny,"[458.00064000000003, 383.99994000000004, 504.0, 404.00046]","[456.74255999999997, 383.592078, 507.33167999999995, 403.429842]"
01602.jpg,0,0,0.7623256300008849,,Tiny,"[1562.0006400000002, 286.99974000000003, 1610.00064, 307.00026]","[1560.2962559999999, 286.617258, 1611.989184, 310.97914199999997]"
01603.jpg,0,0,0.8082721933467231,,Tiny,"[1309.9996800000001, 709.0000200000001, 1335.0, 718.99974]","[1308.7166399999999, 708.0645186, 1333.42608, 718.8595614]"
01604.jpg,0,0,0.5667741136541999,,Tiny,"[795.0, 620.0004600000001, 808.00032, 626.99994]","[791.8383936, 618.5815667999999, 808.2780864, 628.3475532]"
01605.jpg,0,0,0.838822366072923,,Tiny,"[888.99936, 742.0005000000001, 906.99936, 752.00022]","[888.1311168, 742.7904282000001, 906.1357631999999, 751.9922118]"
01606.jpg,0,0,0.8158865558711137,,Tiny,"[843.99936, 571.99986, 855.9993599999999, 578.99934]","[844.3522367999999, 570.9512718, 855.9191232, 579.2681682000001]"
01607.jpg,0,0,0.7027135894367939,,Tiny,"[1302.0, 676.9996199999999, 1328.0006399999997, 687.99942]","[1302.740544, 676.1258675999999, 1327.916736, 685.5964524]"
01608.jpg,0,0,0.784606675454422,,Tiny,"[1347.00096, 617.00022, 1369.00032, 625.9998599999999]","[1346.3324159999997, 617.1990318, 1368.175104, 627.5398482]"
01609.jpg,0,0,0.7880313485845312,,Tiny,"[1194.00096, 582.9996600000001, 1217.00064, 591.9993000000001]","[1194.6679584, 582.8027867999999, 1213.3422816, 591.8894531999999]"
01610.jpg,0,0,0.8182346856292859,,Tiny,"[833.9999999999999, 498.00042, 860.00064, 513.00054]","[834.5285759999999, 498.034602, 859.349184, 515.5777979999999]"
01611.jpg,0,0,0.6284718684288111,,Tiny,"[823.9996799999999, 529.99974, 851.00064, 545.9999399999999]","[816.8110079999999, 530.523756, 847.813632, 544.594644]"
01612.jpg,0,0,0.8243352406101311,,Tiny,"[928.9987199999999, 531.9999, 955.9996800000001, 547.0000200000001]","[925.7227200000001, 532.180206, 955.1016, 547.534674]"
01614.jpg,0,0,0.790453110340977,,Tiny,"[1115.00064, 488.9997, 1150.00032, 502.9997399999999]","[1115.946432, 488.119068, 1146.8426880000002, 503.971092]"
01616.jpg,0,0,0.8458659956759186,,Tiny,"[1041.0, 475.99974, 1071.0, 490.99986]","[1040.678112, 477.292122, 1071.460128, 491.826438]"
01617.jpg,0,0,0.7167651862851345,,Tiny,"[1347.00096, 409.99986, 1369.00032, 423.99989999999997]","[1345.2095040000002, 408.05888400000003, 1370.6612160000002, 423.119916]"
01618.jpg,0,0,0.7322312065339167,,Tiny,"[1240.99968, 490.99985999999996, 1276.9996800000001, 507.00005999999996]","[1241.970048, 492.539292, 1271.559552, 506.79334800000004]"
01619.jpg,0,0,0.966284969685764,,Small,"[840.00096, 582.00012, 904.00032, 609.0001199999999]","[839.45616, 581.7927060000001, 903.49296, 609.283134]"
01620.jpg,0,0,0.8395473041335632,,Tiny,"[923.0006400000001, 566.99946, 967.00128, 582.99966]","[921.732768, 566.043012, 965.569632, 584.027388]"
01621.jpg,0,0,0.9581481962835965,,Medium,"[1226.00064, 171.99972000000002, 1320.0, 219.99924]","[1225.338432, 172.308006, 1318.3044479999999, 220.54631400000002]"
01622.jpg,0,0,0.9280989497684662,,Small,"[1338.0, 444.99996, 1402.9996800000001, 474.00012]","[1336.319424, 444.848544, 1403.6434560000002, 472.98945599999996]"
01623.jpg,0,0,0.9486801136841718,,Small,"[1576.00032, 232.99974, 1666.00032, 273.99978]","[1575.260928, 233.184096, 1664.777472, 272.929824]"
01624.jpg,0,0,0.9083098396876595,,Small,"[566.99904, 451.00044, 628.99968, 476.00028]","[564.064512, 451.33011, 627.287808, 476.23868999999996]"
01625.jpg,0,0,0.9286448386143785,,Small,"[1005.0, 514.00008, 1059.0, 535.99968]","[1004.1229440000002, 514.160136, 1058.567616, 535.0728240000001]"
01626.jpg,0,0,0.6759292277711672,,Tiny,"[1190.00064, 256.0005, 1212.0, 268.00038]","[1187.5207679999999, 254.86687799999999, 1214.8293119999998, 269.168562]"
01627.jpg,0,0,0.8562159706459949,,Tiny,"[558.99936, 299.99969999999996, 588.99936, 314.99982]","[557.248032, 298.903122, 588.5234879999999, 315.21295799999996]"
01628.jpg,0,0,0.8146598412141234,,Tiny,"[818.00064, 403.00038000000006, 847.00032, 417.00042]","[816.772992, 401.747472, 847.5214080000001, 417.955248]"
01629.jpg,0,0,0.8518335328492347,,Tiny,"[1030.99968, 511.99938, 1059.99936, 528.99966]","[1029.72864, 511.259904, 1061.3472, 529.564176]"
01630.jpg,0,0,0.8556163506905825,,Tiny,"[799.99968, 396.9999, 827.99904, 410.99994]","[797.7930240000001, 396.75981600000006, 828.1896959999999, 411.831864]"
01631.jpg,0,0,0.8852419115952909,,Small,"[1085.9990400000002, 435.00024, 1134.99936, 457.99992000000003]","[1085.26368, 434.471472, 1135.58496, 459.770688]"
01632.jpg,0,0,0.8576691604756925,,Small,"[1285.00128, 571.00032, 1337.00064, 592.99992]","[1283.7144959999998, 568.891296, 1335.945024, 592.581744]"
01633.jpg,0,0,0.9279719677577292,,Small,"[660.0, 842.9994, 720.0, 873.99972]","[660.5566079999999, 842.055264, 719.5893120000001, 873.114336]"
01634.jpg,0,0,0.5746881212089441,,Tiny,"[1033.00032, 686.00034, 1047.99936, 693.9999]","[1029.280032, 683.7489666, 1049.1929280000002, 694.2338334000001]"
01635.jpg,0,0,0.8467080671316545,,Tiny,"[598.9987199999999, 455.00021999999996, 625.9996800000001, 470.00034]","[596.846496, 455.208768, 627.264864, 470.530512]"
01636.jpg,0,0,0.9203740479865284,,Tiny,"[337.00032000000004, 632.99934, 366.00000000000006, 651.99978]","[336.92649600000004, 634.015296, 366.377184, 652.256064]"
01637.jpg,0,0,0.859689689744791,,Tiny,"[1088.99904, 669.0006000000001, 1126.9996800000001, 693.00036]","[1090.116192, 670.350276, 1127.7449279999998, 691.9833239999999]"
01638.jpg,0,0,0.9587286548547072,,Small,"[1531.9996800000001, 972.0, 1588.99872, 996.99984]","[1532.49504, 972.0792720000001, 1589.0985600000001, 996.298488]"
01639.jpg,0,0,0.7947631951463673,,Small,"[1354.00032, 881.0002800000001, 1405.99968, 902.9998800000001]","[1351.836096, 879.1681679999999, 1401.463104, 902.455992]"
01640.jpg,0,0,0.7919313105396185,,Tiny,"[870.0009600000001, 833.00022, 922.00032, 852.00066]","[867.899232, 831.0296519999999, 920.684448, 853.5932280000001]"
01641.jpg,0,0,0.9446417109997729,,Tiny,"[1201.00032, 549.00018, 1249.0003199999999, 569.0006999999999]","[1201.970496, 548.5104, 1249.040064, 569.25288]"
01642.jpg,0,0,0.914160391685694,,Small,"[193.00032, 426.00059999999996, 243.99936, 448.0002]","[191.70748799999998, 426.284532, 241.81315199999997, 447.817788]"
01643.jpg,0,0,0.8191879411105598,,Tiny,"[861.99936, 488.9997, 904.99968, 507.00005999999996]","[859.4295360000001, 488.17960199999993, 906.325344, 508.327758]"
01644.jpg,0,0,0.8679458123799779,,Small,"[681.0, 536.00076, 732.9993599999999, 557.00028]","[681.500736, 536.7982860000001, 730.044864, 557.7817140000001]"
01645.jpg,0,0,0.8188012728017223,,Small,"[755.00064, 677.0001599999999, 816.00096, 706.0003200000001]","[751.1064960000001, 674.4220379999999, 814.0928640000001, 705.2887619999999]"
01646.jpg,0,0,0.8242499636805632,,Tiny,"[1012.9996799999999, 703.99962, 1041.99936, 718.9997400000001]","[1010.091456, 703.704456, 1040.4877439999998, 718.5842640000001]"
01647.jpg,0,0,0.8383446296096886,,Tiny,"[835.99968, 473.99958000000004, 865.99968, 489.99978000000004]","[834.0456, 474.54249599999997, 864.2903999999999, 490.37702400000006]"
01648.jpg,0,0,0.5462310529636105,,Tiny,"[674.0006400000001, 262.00043999999997, 705.0009600000001, 286.00019999999995]","[665.23776, 260.770644, 713.4412799999999, 289.027116]"
01649.jpg,0,0,0.8607131135668218,,Tiny,"[1062.99936, 544.00032, 1097.9990400000002, 565.9999200000001]","[1059.889056, 544.547502, 1097.319264, 565.491618]"
01650.jpg,0,0,0.8469304759364966,,Tiny,"[1599.0000000000002, 611.99982, 1624.00032, 624.99978]","[1596.8468160000002, 611.8983539999999, 1622.758944, 624.649806]"
01651.jpg,0,0,0.8583565564218055,,Tiny,"[1515.00096, 909.0003600000001, 1561.00032, 930.9999600000001]","[1514.811264, 910.264014, 1558.409856, 930.349746]"
01652.jpg,0,0,0.8767840197495054,,Small,"[1102.0003199999999, 705.99978, 1175.00064, 741.9994200000001]","[1098.3853440000003, 707.02362, 1175.720256, 743.7123]"
01653.jpg,0,0,0.9434504578344663,,Medium,"[1144.00032, 784.00062, 1265.00064, 847.00026]","[1142.4621120000002, 785.3583420000001, 1262.407008, 847.154538]"
01654.jpg,0,0,0.8903355090118464,,Small,"[1577.00064, 642.0000600000001, 1650.00096, 679.9998600000001]","[1575.4942079999998, 642.1881419999999, 1654.1531519999999, 678.528738]"
01655.jpg,0,0,0.8698904179975383,,Tiny,"[1331.0006400000002, 819.00018, 1361.0006400000002, 835.0003800000001]","[1328.742432, 818.7078240000001, 1361.488608, 834.424416]"
01656.jpg,0,0,0.8602189948152007,,Tiny,"[730.00032, 697.0001400000001, 769.99968, 716.00058]","[726.641376, 695.950326, 769.476384, 716.074074]"
01657.jpg,0,0,0.7430637947517063,,Tiny,"[539.9990399999999, 644.99976, 576.99936, 666.99936]","[533.5181759999999, 642.211254, 576.940704, 666.627786]"
01658.jpg,0,0,0.9080243316858884,,Tiny,"[561.00096, 674.00046, 590.00064, 689.00058]","[559.8291839999999, 674.192322, 590.112576, 688.383198]"
01659.jpg,0,0,0.8530364112208717,,Tiny,"[669.99936, 633.99996, 712.9996799999999, 655.9995600000001]","[666.720384, 632.239506, 713.279616, 656.057934]"
01660.jpg,0,0,0.8896589052857523,,Small,"[746.9990399999999, 582.0006599999999, 813.99936, 617.00022]","[743.80992, 582.452802, 811.1136, 617.5135980000001]"
01661.jpg,0,0,0.9089414519516993,,Small,"[1480.00032, 513.00054, 1536.00096, 548.0001]","[1478.817888, 514.515618, 1534.453152, 547.891182]"
01662.jpg,0,0,0.8753290399775947,,Small,"[1332.0, 600.99948, 1377.00096, 628.9995599999999]","[1330.1042879999998, 602.329176, 1379.2614720000001, 629.004744]"
01663.jpg,0,0,0.8713648188736018,,Tiny,"[1089.9993600000003, 640.99998, 1140.0, 661.0005]","[1088.484288, 639.696312, 1138.838592, 660.541608]"
01664.jpg,0,0,0.9049597312922419,,Tiny,"[972.0, 620.99946, 1017.0009600000001, 640.9999799999999]","[973.3320960000001, 620.1622980000001, 1016.294784, 641.3144219999999]"
01665.jpg,0,0,0.659556678352738,,Small,"[976.00032, 698.9997599999999, 1025.0006399999997, 732.00024]","[969.4158719999999, 698.3680680000001, 1025.744448, 723.678732]"
01666.jpg,0,0,0.8029522362349876,,Tiny,"[1168.9987199999998, 14.00004, 1207.99968, 39.99996]","[1167.138528, 13.397129999999999, 1202.648352, 40.163094]"
01667.jpg,0,0,0.7136188992326121,,Small,"[1144.00032, 491.00039999999996, 1183.0012800000002, 518.0004]","[1137.229344, 489.495582, 1186.984416, 519.153138]"
01668.jpg,0,0,0.9122747402741903,,Medium,"[1483.99968, 513.9995399999999, 1600.99872, 580.9994999999999]","[1483.5687360000002, 516.722922, 1597.608864, 582.209478]"
01669.jpg,0,0,0.9256478572631635,,Medium,"[1122.99936, 627.9994800000001, 1255.9996800000001, 682.9995600000001]","[1120.4048639999999, 628.80489, 1253.690496, 681.5850300000001]"
01670.jpg,0,0,0.8762887593833767,,Medium,"[397.00032, 696.9996, 536.00064, 752.99976]","[400.470144, 694.837332, 530.6722560000001, 751.282668]"
01671.jpg,0,0,0.9333679275319141,,Tiny,"[979.9987199999999, 280.9998, 1024.9996800000001, 301.99932]","[980.365728, 281.138418, 1026.391392, 302.51086200000003]"
01672.jpg,0,0,0.8102190310676227,,Tiny,"[1208.0006399999997, 353.9997, 1249.00032, 368.99982000000006]","[1205.4067200000002, 352.766934, 1249.10976, 370.135386]"
01673.jpg,0,0,0.9444873576923545,,Small,"[1548.0, 274.00032000000004, 1605.99936, 305.00064]","[1548.95424, 274.28679, 1604.60736, 304.80057000000005]"
01674.jpg,0,0,0.93716253687853,,Tiny,"[1250.9999999999998, 216.0, 1293.0, 238.99967999999998]","[1250.92416, 216.07371, 1292.5152, 237.91725000000002]"
01675.jpg,0,0,0.8676271637449534,,Small,"[1363.0003199999999, 185.99975999999998, 1408.0012800000002, 209.99952000000002]","[1362.393312, 188.27667, 1408.3010880000002, 209.47005000000001]"
01676.jpg,0,0,0.8230706052924335,,Tiny,"[1171.00032, 537.9998400000001, 1216.99968, 558.99936]","[1171.51584, 537.4031940000001, 1218.39264, 556.451046]"
01677.jpg,0,0,0.8179454663751534,,Small,"[1255.0003199999999, 577.00026, 1312.99968, 597.00078]","[1258.430688, 575.999856, 1311.408672, 598.5563040000001]"
01678.jpg,0,0,0.7570474109215692,,Tiny,"[1449.0, 607.9995, 1505.99904, 625.99986]","[1445.69856, 606.3227999999999, 1504.2355200000002, 628.2165600000001]"
01679.jpg,0,0,0.8004110508367811,,Tiny,"[1326.00096, 563.00022, 1378.0003199999999, 581.00058]","[1324.708992, 563.9254559999999, 1374.331008, 582.470784]"
01681.jpg,0,0,0.871082215528515,,Medium,"[321.0, 455.99976, 449.00064000000003, 513.0]","[318.81081600000005, 455.86908, 443.509824, 508.81499999999994]"
01682.jpg,0,0,0.7923887451597773,,Medium,"[359.00064, 355.99986, 478.00032, 424.99998]","[354.477504, 360.168552, 482.18553599999996, 418.20904800000005]"
01684.jpg,0,0,0.7343086266311457,,Small,"[747.99936, 500.00004, 798.0, 524.99988]","[742.734336, 497.614428, 803.610624, 525.577572]"
01685.jpg,0,0,0.7391809563897569,,Small,"[1245.99936, 547.99956, 1324.99968, 577.9998]","[1243.990848, 546.8536799999999, 1329.769152, 584.23248]"
01686.jpg,0,0,0.711259464591321,,Small,"[1543.99968, 537.9998400000001, 1590.9993599999998, 562.99968]","[1545.7296, 539.8543080000001, 1588.2940800000001, 559.4884920000001]"
01687.jpg,0,0,0.8920374879530963,,Tiny,"[1595.99904, 478.00044, 1627.99968, 498.99996000000004]","[1595.1964799999998, 478.710108, 1629.3091200000001, 498.61429200000003]"
01688.jpg,0,0,0.6663357206470185,,Tiny,"[1494.00096, 428.00022, 1529.0006400000002, 446.00057999999996]","[1488.632544, 427.76937000000004, 1535.286816, 448.03503]"
01689.jpg,0,0,0.5141748951685418,,Tiny,"[1024.9996800000001, 538.0003800000001, 1072.99968, 549.00018]","[1024.9478399999998, 536.467266, 1069.0464000000002, 556.849134]"
01690.jpg,0,0,0.6618743847809758,,Tiny,"[1258.99872, 432.99954, 1290.99936, 453.00006]","[1252.0898880000002, 431.78999400000004, 1296.690912, 452.41248600000006]"
01691.jpg,0,0,0.6388184811558134,,Tiny,"[1007.00064, 704.9997, 1032.0009599999998, 717.9996600000001]","[999.9516480000001, 703.528038, 1029.845472, 717.8513220000001]"
01692.jpg,0,0,0.851297554085548,,Tiny,"[660.00096, 653.99994, 695.00064, 669.0000600000001]","[660.227808, 653.114286, 692.550432, 668.5810740000001]"
01693.jpg,0,0,0.8855521109582005,,Tiny,"[609.0, 482.00076, 648.99936, 503.00028000000003]","[608.3539200000001, 480.567924, 648.44736, 503.61015599999996]"
01694.jpg,0,0,0.8418659845490977,,Tiny,"[649.00032, 577.00026, 682.9996799999999, 593.00046]","[648.786432, 577.88046, 682.034688, 594.3860999999999]"
01695.jpg,0,0,0.8867104426508826,,Tiny,"[368.00064000000003, 687.99942, 402.0, 702.99954]","[367.270272, 688.5655019999999, 400.315008, 702.846018]"
01696.jpg,0,0,0.8184347563235781,,Tiny,"[666.0, 645.0003, 699.00096, 660.0004200000001]","[665.589792, 645.19119, 699.1001279999999, 662.8227300000001]"
01697.jpg,0,0,0.9092162209296092,,Medium,"[596.00064, 589.00014, 709.0003199999999, 650.9997]","[596.068704, 588.5435160000001, 708.632736, 646.0044839999999]"
01698.jpg,0,0,0.797324823424135,,Tiny,"[972.0009599999998, 642.0000600000001, 1007.00064, 660.0004200000001]","[970.295808, 640.795644, 1009.7886719999999, 660.8030759999999]"
01699.jpg,0,0,0.7275005664188232,,Tiny,"[1468.00032, 703.99962, 1495.00128, 718.9997400000001]","[1467.38016, 705.648834, 1490.78688, 718.8409260000001]"
01700.jpg,0,0,0.7810796131811557,,Tiny,"[1810.99968, 606.00042, 1832.99904, 618.0003]","[1810.298592, 607.410954, 1831.599648, 618.369606]"
01701.jpg,0,0,0.8813974371988842,,Small,"[976.00032, 255.00042000000002, 1018.0003200000001, 288.9999]","[976.9799999999999, 256.363866, 1016.0184, 289.448694]"
01702.jpg,0,0,0.7217498024022037,,Small,"[1317.00096, 800.00028, 1368.0, 821.99988]","[1315.533504, 803.190006, 1364.7634560000001, 823.933674]"
01703.jpg,0,0,0.8720805596600943,,Tiny,"[1123.0003199999999, 545.0004, 1166.0006400000002, 567.0]","[1122.0535679999998, 544.2751260000001, 1165.515072, 565.448634]"
01704.jpg,0,0,0.855969009612065,,Tiny,"[1104.99936, 562.00068, 1137.0, 583.0002000000001]","[1104.618048, 562.76721, 1140.4149120000002, 582.77367]"
01705.jpg,0,0,0.8576401770156724,,Small,"[94.99967999999998, 372.99959999999993, 150.0, 405.0]","[92.815776, 374.901426, 150.21014399999999, 406.70969399999996]"
01706.jpg,0,0,0.8556855265165852,,Tiny,"[805.00032, 369.00036, 841.0003200000001, 389.99988]","[805.364352, 370.603836, 841.922688, 389.167524]"
01707.jpg,0,0,0.917674687454765,,Small,"[691.99968, 265.00014000000004, 736.00032, 307.00026]","[692.4321600000001, 265.311018, 738.4824, 307.60306199999997]"
01708.jpg,0,0,0.8437489879980961,,Tiny,"[905.9990399999999, 302.99994000000004, 945.0, 321.0003]","[901.670784, 301.96719, 945.1388159999999, 321.10857000000004]"
01709.jpg,0,0,0.9263080179558648,,Small,"[967.9996799999999, 444.99996, 1012.0003200000001, 473.00004]","[966.882816, 443.69807399999996, 1011.8039040000001, 472.94976599999995]"
01710.jpg,0,0,0.905032261334508,,Small,"[851.00064, 599.0003999999999, 902.9999999999999, 619.99992]","[852.315168, 599.12838, 905.5101119999999, 619.54146]"
01711.jpg,0,0,0.8896257180021004,,Tiny,"[719.9990399999999, 354.00023999999996, 751.9996799999999, 380.00016]","[718.344768, 354.896424, 751.9912320000001, 380.868696]"
01712.jpg,0,0,0.7624261039034058,,Tiny,"[640.00032, 484.99992000000003, 677.0006400000001, 507.9996]","[637.168416, 487.38915, 675.646944, 509.40980999999994]"
01713.jpg,0,0,0.8616069410453441,,Tiny,"[73.00032, 415.9998, 109.00032, 440.99963999999994]","[71.78880000000001, 416.762712, 106.3296, 441.23680800000005]"
01714.jpg,0,0,0.8534111520895563,,Tiny,"[1191.0, 307.99980000000005, 1218.0009599999998, 329.99940000000004]","[1187.796288, 307.462554, 1217.679552, 330.24072600000005]"
01715.jpg,0,0,0.7492294850884438,,Tiny,"[1267.00128, 443.00034, 1288.0003199999999, 461.00069999999994]","[1263.3053760000003, 442.662354, 1289.3922240000002, 462.00180599999993]"
01716.jpg,0,0,0.8468713815627212,,Tiny,"[1273.99968, 448.00020000000006, 1313.99904, 471.99996]","[1272.872928, 447.58278, 1316.2240319999999, 470.28978]"
01717.jpg,0,0,0.9314254887108846,,Small,"[775.00032, 292.00014, 849.9993600000001, 337.00050000000005]","[773.077056, 292.473288, 848.1517439999999, 336.52519199999995]"
01718.jpg,0,0,0.8719285144492855,,Medium,"[1045.00032, 204.00065999999998, 1155.0009599999998, 267.00030000000004]","[1040.101824, 208.20493800000003, 1154.0856959999999, 268.208982]"
01719.jpg,0,0,0.9187544800728711,,Medium,"[1336.00032, 277.00002, 1438.00032, 324.00054]","[1331.77776, 276.360066, 1437.05808, 325.044414]"
01720.jpg,0,0,0.6040103161231974,,Small,"[690.0, 422.99982000000006, 773.9999999999999, 457.99938]","[691.049856, 421.022016, 748.335744, 455.19278399999996]"
01721.jpg,0,0,0.7995948734999893,,Small,"[983.0006399999999, 534.9996, 1047.0, 564.9998400000001]","[980.2724159999999, 533.564982, 1049.271264, 561.904938]"
01722.jpg,0,0,0.7779431641394069,,Tiny,"[1216.9987199999998, 353.00016000000005, 1255.99968, 376.99992]","[1218.263136, 350.544726, 1257.288864, 374.852394]"
01723.jpg,0,0,0.8655160034150395,,Tiny,"[1389.00096, 189.99954, 1423.00032, 206.99982]","[1390.4919360000001, 190.582794, 1422.7573439999999, 208.053846]"
01724.jpg,0,0,0.7368780191658347,,Small,"[1219.00032, 348.0003, 1276.9996800000001, 386.0001]","[1217.51904, 347.64498000000003, 1292.38176, 387.59742]"
01725.jpg,0,0,0.691531391570872,,Small,"[1180.00032, 461.00070000000005, 1243.0012800000002, 495.00018]","[1174.219584, 460.85544000000004, 1248.520896, 502.54344000000003]"
01726.jpg,0,0,0.9035679650283328,,Small,"[740.9990399999999, 356.00039999999996, 790.99968, 376.99992]","[740.3144639999999, 355.238784, 791.023776, 378.154656]"
01727.jpg,0,0,0.8727262675911237,,Small,"[1231.9996800000001, 340.00019999999995, 1288.0003199999999, 366.00012]","[1228.3349759999999, 339.09057, 1286.4541439999998, 365.69151000000005]"
01728.jpg,0,0,0.8908859924689523,,Small,"[230.99903999999998, 55.00062, 273.99936, 91.00026]","[229.144416, 53.94249, 273.365664, 92.140686]"
01729.jpg,0,0,0.9355653729929048,,Small,"[1455.0, 401.00021999999996, 1554.9993600000003, 439.00002]","[1454.704704, 401.329458, 1553.6165760000001, 440.614782]"
01730.jpg,0,0,0.9648060408077819,,Small,"[957.0000000000001, 391.0005, 1037.00064, 426.00005999999996]","[957.109056, 390.53502, 1036.177344, 426.39858]"
01731.jpg,0,0,0.9011457379115003,,Small,"[1056.00096, 571.99986, 1110.0009599999998, 606.9994200000001]","[1055.594976, 571.38318, 1106.390304, 607.42386]"
01732.jpg,0,0,0.8827097279895223,,Tiny,"[1071.0, 583.99974, 1101.0, 597.99978]","[1068.712032, 583.8212159999999, 1100.845728, 598.485024]"
01733.jpg,0,0,0.8109170845036343,,Tiny,"[971.0006399999999, 567.9995399999999, 1008.00096, 583.99974]","[968.840928, 567.7578359999999, 1007.0041919999999, 585.954324]"
01734.jpg,0,0,0.7905687848517251,,Tiny,"[637.99968, 388.00026, 677.99904, 405.00054]","[636.6052800000001, 386.538912, 678.46032, 403.206768]"
01735.jpg,0,0,0.7486719887340739,,Tiny,"[319.00032000000004, 431.99946, 352.00128, 450.99989999999997]","[315.30710400000004, 433.340442, 350.810016, 452.63539799999995]"
01736.jpg,0,0,0.9024153805782552,,Tiny,"[619.0003199999999, 671.00076, 657.00096, 692.00028]","[619.6776000000001, 671.67603, 656.4158399999999, 691.2774900000001]"
01737.jpg,0,0,0.8909067652567723,,Tiny,"[581.99904, 444.99996, 611.99904, 465.99948]","[580.700928, 444.645018, 610.9317120000001, 466.462422]"
01738.jpg,0,0,0.8708656385035601,,Tiny,"[190.00032000000002, 407.99969999999996, 225.0, 423.9999]","[187.7376, 408.767364, 224.46336, 423.77655599999997]"
01739.jpg,0,0,0.8350843961423876,,Tiny,"[436.00032, 430.00038, 471.0, 444.00041999999996]","[434.370528, 430.41996000000006, 470.928672, 445.52916]"
01740.jpg,0,0,0.7850095013502764,,Tiny,"[857.00064, 491.99994, 892.0003200000001, 507.00006]","[850.503456, 491.60925, 890.652384, 506.86587]"
01741.jpg,0,0,0.8632386222894384,,Tiny,"[1041.00096, 279.00072, 1082.0006400000002, 301.00032]","[1039.375872, 278.33106599999996, 1085.084928, 300.79733400000003]"
01742.jpg,0,0,0.8773753334096965,,Tiny,"[826.9987199999999, 340.99974, 853.99968, 355.99986]","[827.425824, 339.656814, 854.2906559999999, 356.329746]"
01743.jpg,0,0,0.6655350616550106,,Tiny,"[296.99904, 306.00017999999994, 315.99936, 321.0003]","[292.37884800000006, 305.449866, 317.33251199999995, 322.611174]"
01744.jpg,0,0,0.7371362110888768,,Tiny,"[678.99936, 392.99958, 696.99936, 407.9997000000001]","[675.830784, 392.98932, 698.416896, 409.20660000000004]"
01745.jpg,0,0,0.6656244330361052,,Tiny,"[346.99968, 299.9997, 368.99904000000004, 316.99998]","[341.36361600000004, 299.237058, 372.603744, 317.222622]"
01746.jpg,0,0,0.9005073188509737,,Small,"[739.99968, 544.0003199999999, 791.9990399999999, 574.0005600000001]","[739.2668160000001, 545.571018, 792.520704, 574.8641819999999]"
01747.jpg,0,0,0.8927318355894719,,Tiny,"[67.99968000000001, 344.00052, 112.00031999999999, 365.00004]","[66.306912, 344.22715800000003, 110.037408, 364.581162]"
01748.jpg,0,0,0.8780137820031144,,Tiny,"[547.99968, 470.99988, 589.99968, 494.99964]","[546.9906239999999, 470.989782, 589.177056, 497.202138]"
01749.jpg,0,0,0.8756807106186035,,Small,"[883.99968, 611.99982, 961.99968, 650.9997]","[885.82944, 613.181502, 959.52864, 652.9111379999999]"
01750.jpg,0,0,0.5192829424963329,,Tiny,"[880.99968, 543.9997800000001, 926.99904, 553.9995]","[882.577056, 543.8547359999999, 925.0415039999999, 562.279104]"
01751.jpg,0,0,0.7396774897706615,,Tiny,"[436.99968, 305.00064, 468.0, 328.00032]","[432.73804800000005, 304.705422, 473.889792, 327.833298]"
01752.jpg,0,0,0.561492540748308,,Tiny,"[820.99968, 417.99942, 854.00064, 432.99954]","[825.8507519999999, 413.75464200000005, 854.007168, 430.258878]"
01754.jpg,0,0,0.5135188135620127,,Small,"[901.00032, 517.00032, 951.9993599999999, 541.00008]","[899.0148479999999, 524.389194, 948.209472, 546.491286]"
01755.jpg,0,0,0.9348366974743545,,Tiny,"[952.0003200000001, 585.9998999999999, 977.00064, 599.9999399999999]","[951.484032, 586.183932, 976.3265279999998, 599.9066280000001]"
01756.jpg,0,0,0.9428697977604695,,Tiny,"[208.99967999999998, 658.00026, 232.99968, 677.0007]","[209.04576, 658.610352, 232.6848, 676.798848]"
01757.jpg,0,0,0.7777978175606675,,Tiny,"[1144.9996800000001, 388.00026, 1168.99968, 406.00061999999997]","[1141.1286719999998, 388.64431800000006, 1170.324768, 406.458162]"
01758.jpg,0,0,0.8719195333561541,,Tiny,"[1125.99936, 660.99942, 1147.99872, 678.99978]","[1124.6715840000002, 661.3057620000001, 1148.823456, 678.464478]"
01759.jpg,0,0,0.8725471458317275,,Tiny,"[181.00032000000002, 603.0001799999999, 212.00064, 617.00022]","[179.285952, 603.007686, 210.60844799999998, 617.537034]"
01760.jpg,0,0,0.8017745267293744,,Tiny,"[1129.00128, 686.0003399999999, 1157.00064, 701.00046]","[1125.1552319999998, 685.7304479999999, 1155.489888, 701.320032]"
01761.jpg,0,0,0.9112703236004476,,Tiny,"[1560.99936, 606.99996, 1600.00032, 632.99988]","[1559.2776000000001, 606.578706, 1598.89584, 632.855214]"
01762.jpg,0,0,0.8132506514904182,,Tiny,"[1077.9993599999998, 943.00038, 1118.99904, 960.00066]","[1077.150048, 944.140536, 1118.665632, 961.990344]"
01763.jpg,0,0,0.8084470932420239,,Tiny,"[823.9987199999999, 707.9999399999999, 856.9996799999999, 721.99998]","[822.75888, 706.140288, 856.1121599999999, 721.617552]"
01764.jpg,0,0,0.6967727240716363,,Tiny,"[916.00128, 838.00008, 950.00064, 858.9996]","[917.403072, 840.2610060000001, 947.777088, 856.639314]"
01765.jpg,0,0,0.8775570438245766,,Tiny,"[768.00096, 875.00034, 803.0006400000001, 892.00062]","[766.999872, 874.374048, 802.650048, 893.0351519999999]"
01766.jpg,0,0,0.8287157504429312,,Tiny,"[1087.00128, 719.9998199999999, 1108.0003199999999, 734.9999399999999]","[1083.679776, 719.7270120000001, 1108.4149439999999, 735.093468]"
01767.jpg,0,0,0.7165588153303365,,Tiny,"[1057.99968, 776.9995200000001, 1092.99936, 802.99944]","[1058.966976, 779.11335, 1099.397184, 804.7714500000001]"
01768.jpg,0,0,0.8192716885333192,,Tiny,"[1359.0, 873.00018, 1398.0009599999998, 889.0003800000001]","[1357.8911999999998, 871.83243, 1395.4464, 889.6972499999999]"
01769.jpg,0,0,0.7598611640968549,,Tiny,"[916.99968, 703.99962, 950.00064, 720.9999]","[910.9039680000001, 703.0320479999999, 950.105952, 721.8659520000001]"
01770.jpg,0,0,0.8224947670386952,,Tiny,"[271.00032, 297.99953999999997, 295.00032, 315.99989999999997]","[267.237024, 298.29573000000005, 295.668576, 316.21563000000003]"
01771.jpg,0,0,0.8467635397239343,,Tiny,"[369.0, 480.0006, 403.99968, 504.00036]","[367.811328, 480.752118, 403.345152, 502.08676199999996]"
01772.jpg,0,0,0.5834424989484903,,Small,"[325.00032, 408.00024, 370.00128000000007, 434.00016000000005]","[329.136768, 414.835992, 366.041472, 433.333368]"
01773.jpg,0,0,0.7066836070310374,,Tiny,"[484.00032000000004, 402.00030000000004, 504.99935999999997, 415.00025999999997]","[480.63743999999997, 400.700736, 503.6659199999999, 414.38174399999997]"
01775.jpg,0,0,0.8779246098946376,,Tiny,"[132.00096, 613.9999799999999, 153.0, 629.0001]","[130.515456, 613.9384200000001, 152.47641600000003, 629.51094]"
01776.jpg,0,0,0.856442894187332,,Tiny,"[523.00032, 594.00054, 540.0, 607.0005000000001]","[522.2693856, 593.615952, 539.5213343999999, 607.791168]"
01777.jpg,0,0,0.7997982909202882,,Tiny,"[457.99968, 610.99974, 485.00064000000003, 624.99978]","[456.72873599999997, 612.115326, 486.567264, 625.6834739999999]"
01778.jpg,0,0,0.8566215046150348,,Tiny,"[387.00096, 753.9993000000001, 433.00032, 772.99974]","[385.653312, 754.933824, 432.293568, 774.2187360000001]"
01779.jpg,0,0,0.8565209520693711,,Tiny,"[414.99936, 721.99998, 456.99935999999997, 742.0005]","[411.905856, 722.467026, 456.153024, 741.1532940000001]"
01780.jpg,0,0,0.790381039711015,,Tiny,"[1147.00032, 240.9993, 1171.00032, 259.99974000000003]","[1144.9298880000001, 239.66420399999998, 1170.382752, 261.287316]"
01781.jpg,0,0,0.7174133724599338,,Tiny,"[920.99904, 370.99998, 934.99968, 383.99994]","[917.2660896, 370.847214, 934.6353504, 384.800706]"
01782.jpg,0,0,0.7660612695223128,,Tiny,"[612.0, 401.00022, 631.00032, 415.00025999999997]","[608.704224, 401.26994999999994, 633.002016, 414.90765]"
01783.jpg,0,0,0.8915778048812988,,Tiny,"[993.00096, 385.00002, 1022.00064, 396.99989999999997]","[993.423648, 385.478676, 1021.028832, 397.31612399999995]"
01784.jpg,0,0,0.8691980447101635,,Tiny,"[952.99968, 484.00038, 979.00032, 500.00058]","[951.992256, 484.54308, 979.1245439999999, 501.06492]"
01785.jpg,0,0,0.6637238909059981,,Tiny,"[896.00064, 534.00006, 917.9999999999999, 548.0001]","[894.6826560000001, 531.745128, 921.940704, 548.768952]"
01786.jpg,0,0,0.7564031961926888,,Tiny,"[1101.0, 531.9999, 1121.9990400000002, 544.9998600000001]","[1097.6530559999999, 530.73252, 1122.9037439999997, 545.02524]"
01787.jpg,0,0,0.9087956556221405,,Tiny,"[1193.00064, 470.00034, 1223.00064, 487.00062]","[1192.75872, 469.792008, 1222.4592, 486.044712]"
01788.jpg,0,0,0.89647201307262,,Tiny,"[1366.00128, 504.9999, 1400.00064, 525.00042]","[1364.6645760000001, 504.058788, 1399.1485440000001, 524.991132]"
01789.jpg,0,0,0.8707202339385408,,Tiny,"[1008.9993599999999, 435.00023999999996, 1045.99968, 461.00016]","[1012.197792, 435.38930999999997, 1045.519968, 460.52684999999997]"
01790.jpg,0,0,0.8787061272631611,,Tiny,"[650.99904, 861.9993000000001, 696.0, 880.99974]","[650.6744640000001, 861.847074, 694.4660160000001, 879.534126]"
01791.jpg,0,0,0.9139275711434881,,Tiny,"[710.99904, 683.0001, 753.99936, 701.00046]","[709.282368, 682.561944, 752.935872, 700.956936]"
01792.jpg,0,0,0.9239996922296145,,Small,"[1456.9996800000001, 621.0, 1502.99904, 652.00032]","[1456.5603839999999, 620.4428280000001, 1501.030656, 651.728052]"
01793.jpg,0,0,0.8823313127867317,,Small,"[814.0012800000001, 778.99968, 865.00032, 806.9997599999999]","[814.886016, 778.505526, 864.1232640000001, 805.025034]"
01794.jpg,0,0,0.932684945982021,,Tiny,"[1279.0003199999999, 737.99964, 1320.0, 760.9993199999999]","[1278.07968, 738.3941100000001, 1319.8224, 760.40181]"
01795.jpg,0,0,0.860168050755909,,Tiny,"[666.0, 787.00032, 709.0003199999999, 807.9998400000001]","[662.861376, 786.5168040000001, 708.894144, 806.8007160000001]"
01796.jpg,0,0,0.9569840486576888,,Medium,"[1187.00064, 793.9992599999999, 1282.00032, 839.9997]","[1185.756576, 792.9942659999999, 1282.5647040000001, 840.1644540000001]"
01797.jpg,0,0,0.9014659805507457,,Small,"[924.0, 385.99956000000003, 1003.00032, 437.9994]","[922.793856, 384.129108, 1003.7571839999999, 440.414172]"
01798.jpg,0,0,0.7876427356980219,,Small,"[1216.00032, 259.99974, 1265.0006399999997, 295.99938]","[1207.0598400000001, 258.413004, 1266.4531200000001, 295.860276]"
01799.jpg,0,0,0.7546063997125461,,Tiny,"[630.00096, 522.99972, 665.00064, 547.9995600000001]","[628.6780799999999, 522.531864, 661.06656, 545.339736]"
01800.jpg,0,0,0.7468413348418517,,Tiny,"[762.0, 718.0002000000001, 790.99968, 740.9998800000001]","[757.235232, 717.3473399999999, 794.001888, 741.63762]"
01801.jpg,0,0,0.6397414262696902,,Small,"[402.99936, 684.99972, 444.99935999999997, 712.9997999999999]","[402.916992, 686.311596, 437.735808, 708.0029639999999]"
01802.jpg,0,0,0.9125165753349732,,Tiny,"[1462.9996800000001, 752.99976, 1508.99904, 774.99936]","[1463.1862079999999, 753.6689279999999, 1507.099872, 775.330272]"
01803.jpg,0,0,0.5253355463614207,,Small,"[649.00032, 535.99968, 697.0003200000001, 557.99928]","[642.59136, 527.9377499999999, 694.33152, 563.49297]"
01804.jpg,0,0,0.9143498126984443,,Small,"[361.00032000000004, 640.00044, 406.99968, 667.0004399999999]","[358.576512, 639.049824, 407.100288, 666.957456]"
01805.jpg,0,0,0.7024706076315969,,Tiny,"[943.99968, 840.0002400000001, 973.99968, 866.00016]","[938.260704, 839.00448, 978.724896, 866.4451200000001]"
01806.jpg,0,0,0.8690768090192587,,Tiny,"[1232.9999999999998, 590.99976, 1277.00064, 612.99936]","[1232.601216, 590.0948279999999, 1280.1373440000002, 612.467892]"
01807.jpg,0,0,0.9333675505008971,,Tiny,"[1161.99936, 649.9996199999999, 1195.0003199999999, 670.0001399999999]","[1161.259584, 649.291194, 1195.371456, 670.021686]"
01808.jpg,0,0,0.7021311103956783,,Tiny,"[1059.0000000000002, 673.00038, 1079.9990400000002, 689.00058]","[1054.267872, 672.207768, 1081.643808, 688.201272]"
01809.jpg,0,0,0.8911848736517329,,Tiny,"[937.00032, 578.9993400000001, 975.00096, 597.99978]","[935.491584, 578.193228, 974.002176, 597.8209320000001]"
01810.jpg,0,0,0.8817016309112897,,Tiny,"[1016.99904, 644.00022, 1047.99936, 659.00034]","[1016.537472, 643.209822, 1047.109248, 658.5206579999999]"
01811.jpg,0,0,0.8655239137107527,,Tiny,"[1161.0, 525.99942, 1188.0009599999998, 543.99978]","[1160.05488, 524.555352, 1188.6119999999999, 544.219128]"
01812.jpg,0,0,0.8720543420053825,,Tiny,"[811.99872, 563.00076, 856.9996799999999, 584.00028]","[809.7858239999999, 561.752442, 856.697376, 584.561718]"
01813.jpg,0,0,0.8732407806742457,,Tiny,"[870.9993599999999, 616.00068, 910.9987199999999, 637.0002]","[870.137472, 615.375738, 910.950528, 638.890902]"
01814.jpg,0,0,0.7923373879852921,,Tiny,"[1862.9990400000002, 534.0000600000001, 1896.0, 554.00058]","[1857.3672, 533.3767379999999, 1895.3496, 553.425102]"
01815.jpg,0,0,0.913920830523147,,Tiny,"[1017.0, 449.00028, 1044.99936, 469.9998]","[1017.6892799999999, 449.062542, 1046.53344, 469.803618]"
01816.jpg,0,0,0.8841703347169848,,Small,"[883.0003200000001, 476.99928, 928.00128, 509.99976000000004]","[886.9568640000001, 476.49821399999996, 927.961536, 509.464026]"
01817.jpg,0,0,0.6775457870043867,,Tiny,"[1372.9996800000001, 433.99962000000005, 1396.9996800000001, 445.9995]","[1370.562432, 431.85074399999996, 1396.0961280000001, 447.446376]"
01818.jpg,0,0,0.9149346743449749,,Small,"[1735.99968, 616.99968, 1799.00064, 644.9997599999999]","[1736.5971840000002, 616.016988, 1796.5752960000002, 645.209172]"
01819.jpg,0,0,0.8913529530603992,,Tiny,"[573.99936, 609.0001199999999, 616.9996799999999, 632.99988]","[569.5848000000001, 608.716674, 617.0596800000001, 633.1040459999999]"
01820.jpg,0,0,0.8733942014410625,,Tiny,"[855.99936, 595.00008, 896.99904, 616.99968]","[854.681664, 595.42236, 896.3698559999999, 618.60564]"
01821.jpg,0,0,0.8462905918105917,,Tiny,"[1431.00096, 447.99965999999995, 1465.00032, 464.99994]","[1430.156352, 448.56790200000006, 1464.2321279999999, 466.565778]"
01822.jpg,0,0,0.9164356017383118,,Tiny,"[1024.99968, 552.99996, 1060.99968, 574.99956]","[1023.821088, 553.048452, 1061.268192, 576.028908]"
01824.jpg,0,0,0.8960882395549917,,Tiny,"[725.9990399999999, 834.0003, 762.99936, 849.0004200000001]","[724.537632, 834.543486, 763.0322880000001, 848.489634]"
01825.jpg,0,0,0.7442738223962779,,Tiny,"[436.00032000000004, 784.9996199999999, 473.00064000000003, 802.9999799999999]","[427.78463999999997, 783.8716679999999, 474.5232, 803.017692]"
01826.jpg,0,0,0.7261187878669659,,Tiny,"[1186.9996800000001, 734.9999399999999, 1237.0003199999999, 754.00038]","[1190.514528, 736.688682, 1235.562912, 756.752598]"
01827.jpg,0,0,0.760537360310692,,Tiny,"[1066.00032, 756.99954, 1110.00096, 772.99974]","[1067.886528, 754.1550900000001, 1108.395072, 773.81379]"
01828.jpg,0,0,0.8435618355753922,,Tiny,"[329.00064, 601.00002, 361.00127999999995, 619.00038]","[327.493056, 600.0968160000001, 359.989824, 618.1842240000001]"
01829.jpg,0,0,0.7197013495242197,,Tiny,"[217.99968, 667.9999799999999, 240.99936000000002, 686.0003399999999]","[218.19216, 670.260312, 240.34607999999997, 683.7097679999999]"
01830.jpg,0,0,0.8715385611979503,,Tiny,"[384.0, 758.00016, 417.00095999999996, 779.99976]","[383.254368, 758.576988, 414.45955200000003, 779.803092]"
01831.jpg,0,0,0.8285203132913554,,Tiny,"[599.0006400000001, 768.99942, 627.0000000000001, 787.9998599999999]","[595.615392, 768.5431199999999, 628.219488, 787.73472]"
01832.jpg,0,0,0.81621563804059,,Small,"[572.9999999999999, 649.00008, 612.00096, 677.0001599999999]","[573.09264, 648.486432, 608.79024, 674.388288]"
01834.jpg,0,0,0.8559423588296277,,Small,"[1071.9993600000003, 596.0001599999999, 1126.9996800000001, 625.00032]","[1069.4484479999999, 596.5151579999999, 1124.289792, 623.761722]"
01835.jpg,0,0,0.9324997582999447,,Tiny,"[1286.00064, 598.00032, 1315.0003199999999, 619.99992]","[1285.038048, 597.7314, 1314.438432, 620.1306]"
01836.jpg,0,0,0.8889539214302301,,Small,"[485.00064000000003, 598.00032, 546.00096, 652.00032]","[483.47865599999994, 599.44806, 549.803904, 651.4900200000001]"
01837.jpg,0,0,0.703415914616733,,Medium,"[877.99968, 367.99974, 1037.9990400000002, 456.9993]","[913.5079679999999, 371.396826, 1033.928832, 454.576374]"
01838.jpg,0,0,0.932570263703967,,Small,"[982.9996799999999, 334.00026, 1078.99968, 367.99974]","[982.9317120000001, 335.02204800000004, 1078.599168, 366.88291200000003]"
01839.jpg,0,0,0.8116109503779971,,Small,"[87.99936, 251.99964, 140.99904, 301.99932]","[88.676256, 260.012646, 141.767136, 302.462154]"
01840.jpg,0,0,0.7752745339520432,,Small,"[200.99903999999998, 309.99996, 250.99967999999996, 343.00044]","[202.4256, 314.971686, 249.99935999999997, 344.469834]"
01841.jpg,0,0,0.8743391686958406,,Tiny,"[1456.9996800000001, 503.99982000000006, 1495.00032, 524.0003399999999]","[1456.370112, 504.92651400000005, 1496.3902079999998, 523.265886]"
01842.jpg,0,0,0.9632553639147521,,Small,"[788.0006400000001, 226.00026, 843.00096, 273.00078]","[787.435776, 225.996804, 841.726464, 273.179196]"
01843.jpg,0,0,0.9449280994199906,,Small,"[491.00064, 75.00006, 545.0006399999999, 109.99962]","[489.326208, 74.614824, 544.190592, 109.992168]"
01844.jpg,0,0,0.9354394305466102,,Small,"[1423.0003199999999, 123.99966000000002, 1485.0009599999998, 170.0001]","[1420.197312, 124.04307599999999, 1486.1182079999999, 170.209404]"
01845.jpg,0,0,0.882334093766592,,Small,"[98.00064, 98.99982000000001, 163.00032, 142.00002]","[93.774336, 97.04539799999999, 162.40704000000002, 141.593562]"
01846.jpg,0,0,0.9283373658394486,,Small,"[401.00064, 273.99978000000004, 438.00095999999996, 307.99926]","[400.186752, 274.611546, 438.722688, 308.55605399999996]"
01847.jpg,0,0,0.9256906233492884,,Small,"[1413.0009599999998, 396.00036, 1483.00032, 453.0006]","[1414.059264, 396.84810600000003, 1480.467456, 452.46605400000004]"
01848.jpg,0,0,0.9811306354069339,,Small,"[1162.99968, 693.0003600000001, 1203.99936, 721.00044]","[1162.8416640000003, 693.169164, 1204.118976, 721.177236]"
01849.jpg,0,0,0.9199194180151229,,Small,"[792.99936, 611.00028, 839.99904, 644.00076]","[790.236864, 610.491006, 839.5743359999999, 644.0715540000001]"
01850.jpg,0,0,0.980470497634686,,Small,"[1089.00096, 623.0001599999999, 1137.0009599999998, 653.0004]","[1088.617632, 622.82277, 1137.050208, 652.85379]"
01851.jpg,0,0,0.9130132762045925,,Small,"[840.9993599999999, 576.9997199999999, 880.00032, 609.0001199999999]","[839.301888, 576.573498, 878.9982719999999, 609.3161820000001]"
01852.jpg,0,0,0.952415365579322,,Small,"[695.00064, 732.00024, 737.00064, 759.0002399999998]","[693.832416, 731.966004, 737.135904, 758.533356]"
01853.jpg,0,0,0.9174716266059745,,Tiny,"[657.0, 690.00012, 694.00032, 714.99996]","[657.833952, 689.468274, 694.7561280000001, 715.594446]"
01854.jpg,0,0,0.9375951704931655,,Small,"[1320.99936, 321.9993, 1377.0, 368.99982]","[1319.8221119999998, 321.9211619999999, 1375.2742080000003, 368.488278]"
01855.jpg,0,0,0.9749513600390246,,Small,"[503.00064, 609.0001199999999, 559.99968, 664.0002]","[502.79855999999995, 609.4623600000001, 560.3361600000001, 663.58332]"
01856.jpg,0,0,0.9289363792347254,,Small,"[1318.0003199999999, 666.9993599999999, 1377.0, 697.99968]","[1318.833024, 666.73611, 1374.654336, 698.34285]"
01857.jpg,0,0,0.9083974253976382,,Small,"[1379.00064, 431.00046, 1435.99968, 464.99994]","[1374.529152, 430.72651799999994, 1435.3793280000002, 464.939082]"
01858.jpg,0,0,0.8821115960662668,,Small,"[1457.00064, 697.00014, 1497.0000000000002, 730.99962]","[1458.5345280000001, 698.264658, 1495.7771520000001, 730.4759819999999]"
01859.jpg,0,0,0.8210071435536951,,Small,"[769.0003199999999, 470.99987999999996, 814.99968, 498.99996]","[771.035712, 472.75860600000004, 812.104128, 498.50699399999996]"
01860.jpg,0,0,0.9198857124669241,,Small,"[1639.00032, 546.9994800000001, 1687.0003199999999, 573.99948]","[1637.281056, 546.3469980000001, 1687.7058240000001, 573.708042]"
01861.jpg,0,0,0.8468367539019866,,Small,"[1455.0009599999998, 642.9996000000001, 1496.0006400000002, 670.99968]","[1453.699392, 641.680866, 1493.861568, 672.182334]"
01862.jpg,0,0,0.8774969732310525,,Tiny,"[1028.00064, 408.99978000000004, 1057.00032, 427.00014]","[1026.78336, 408.197502, 1057.2307199999998, 427.73545800000005]"
01863.jpg,0,0,0.9148853151641338,,Tiny,"[910.00032, 579.99942, 932.9999999999999, 597.99978]","[908.2762560000001, 579.938886, 933.214944, 597.9091139999999]"
01864.jpg,0,0,0.9386469874324949,,Tiny,"[705.0, 329.0004, 739.9996800000001, 354.00023999999996]","[704.501664, 328.217508, 740.5671359999999, 353.93641199999996]"
01865.jpg,0,0,0.9461650770939872,,Small,"[1115.99904, 167.9994, 1159.9996800000001, 200.99988000000002]","[1115.279616, 167.63122800000002, 1158.7722239999998, 200.998692]"
01866.jpg,0,0,0.8456054972378461,,Small,"[472.99968, 58.000319999999995, 544.99968, 112.00031999999999]","[471.159168, 64.48275, 544.2981120000001, 112.424922]"
01867.jpg,0,0,0.7170319376086409,,Tiny,"[1715.00064, 693.9999, 1743.0, 711.00018]","[1713.3891840000001, 692.101368, 1746.6581760000001, 709.961112]"
01868.jpg,0,0,0.864111333221967,,Tiny,"[1710.0, 629.0006400000001, 1734.0, 650.00016]","[1708.38528, 628.475652, 1733.0688, 650.395548]"
01869.jpg,0,0,0.5673429951692378,,Tiny,"[1497.0000000000002, 657.00018, 1517.00064, 671.00022]","[1492.6550399999999, 654.7898520000001, 1518.86112, 673.623108]"
01870.jpg,0,0,0.8938359738082176,,Tiny,"[1457.00064, 523.9998, 1487.00064, 548.99964]","[1453.913664, 523.943154, 1487.265216, 549.101646]"
01872.jpg,0,0,0.7204381770398316,,Tiny,"[1087.0003199999999, 705.00024, 1120.99968, 725.99976]","[1076.7881280000001, 705.350376, 1119.745632, 725.6107440000001]"
01873.jpg,0,0,0.7965969688838527,,Tiny,"[413.00064000000003, 467.00064000000003, 443.00064000000003, 491.00039999999996]","[410.214048, 467.261514, 446.251872, 491.851926]"
01874.jpg,0,0,0.8553546380009949,,Tiny,"[1144.9996800000001, 625.99986, 1168.99968, 640.99998]","[1145.469216, 624.880224, 1167.558624, 641.119536]"
01875.jpg,0,0,0.942706842763533,,Tiny,"[1491.0, 466.00055999999995, 1521.0, 492.00048000000004]","[1491.237024, 466.15138199999996, 1522.237536, 491.864778]"
01876.jpg,0,0,0.8663943249417356,,Tiny,"[938.00064, 661.9995, 969.0009600000001, 679.9998599999999]","[937.211424, 661.086684, 967.486176, 679.6166760000001]"
01877.jpg,0,0,0.8784096931931753,,Small,"[225.0, 481.00014, 281.00064, 515.9997]","[220.94783999999999, 480.63439800000003, 283.88928, 515.9053620000001]"
01878.jpg,0,0,0.9629829051303076,,Small,"[636.9993599999999, 716.00004, 693.0, 768.99996]","[637.197696, 716.4364140000001, 691.8493440000001, 768.734226]"
01879.jpg,0,0,0.9250227266061153,,Small,"[744.99936, 379.00062, 784.00032, 415.00025999999997]","[743.473152, 378.74093400000004, 782.9268480000001, 415.173546]"
01880.jpg,0,0,0.9063406969842013,,Small,"[921.0000000000001, 513.00054, 965.00064, 550.00026]","[920.6904, 514.1751479999999, 963.2903999999999, 549.298692]"
01881.jpg,0,0,0.854875111826177,,Small,"[1589.99904, 615.9996000000001, 1633.99968, 643.9996799999999]","[1588.1937599999999, 616.6816200000001, 1633.0670400000001, 642.04542]"
01882.jpg,0,0,0.8514502124791358,,Tiny,"[576.99936, 631.00026, 609.0, 651.00078]","[575.188992, 630.8549459999999, 609.1937280000001, 652.9604939999999]"
01883.jpg,0,0,0.898726709837411,,Tiny,"[1230.99936, 192.00024, 1260.99936, 219.00024000000002]","[1228.660032, 191.709018, 1260.785088, 218.600262]"
01884.jpg,0,0,0.9239050365656911,,Tiny,"[1485.0, 435.00024, 1519.9996800000001, 464.0004]","[1484.645088, 435.360258, 1519.098912, 463.12846199999996]"
01885.jpg,0,0,0.6953883797200976,,Small,"[757.00032, 518.0004, 793.0003200000001, 547.00056]","[749.9290560000001, 518.978286, 791.435424, 543.5732340000001]"
01886.jpg,0,0,0.8385594615720556,,Tiny,"[779.9990399999999, 241.99937999999997, 807.0000000000001, 260.99982]","[776.4831360000001, 242.421012, 807.927744, 261.08362800000003]"
01887.jpg,0,0,0.587247401908583,,Small,"[568.99968, 363.00042, 612.0, 397.99998]","[555.3182400000001, 361.038492, 621.96432, 395.993988]"
01888.jpg,0,0,0.8408408096731183,,Small,"[426.0, 368.99982, 471.00096, 406.99962]","[422.76950400000004, 366.46673400000003, 472.046496, 407.737746]"
01889.jpg,0,0,0.6815532542246844,,Tiny,"[1230.0009599999998, 460.00007999999997, 1265.00064, 488.00016]","[1222.7538240000001, 461.870154, 1270.619616, 488.536326]"
01890.jpg,0,0,0.87067831610101,,Tiny,"[856.9987199999999, 477.00036, 883.99968, 504.00036]","[854.887296, 477.893412, 884.909184, 503.938908]"
01891.jpg,0,0,0.6828861816643144,,Tiny,"[1529.00064, 703.99962, 1549.99968, 718.9997400000001]","[1526.9608320000002, 702.1530899999999, 1551.7054079999998, 717.35571]"
01892.jpg,0,0,0.6938841150900465,,Tiny,"[856.9996799999999, 463.99986, 876.0, 480.00006]","[853.0216320000001, 461.66619599999996, 876.733248, 480.143484]"
01893.jpg,0,0,0.8213241936247561,,Small,"[733.99968, 294.99984, 773.99904, 327.0002400000001]","[731.866848, 293.261256, 777.564192, 327.365064]"
01894.jpg,0,0,0.8311879953646955,,Tiny,"[1444.00032, 640.00044, 1471.9996800000001, 662.00004]","[1443.5639039999999, 642.1644360000001, 1470.208896, 662.030604]"
01895.jpg,0,0,0.8531874929629721,,Tiny,"[1486.00032, 852.99966, 1513.00128, 873.0001799999999]","[1485.250368, 852.9519240000001, 1511.170752, 871.8253559999999]"
01896.jpg,0,0,0.6970401698490533,,Tiny,"[921.9993599999999, 725.00076, 948.0, 746.0002800000001]","[918.138816, 723.380004, 950.985024, 747.227916]"
01897.jpg,0,0,0.7899352663760226,,Tiny,"[823.99968, 703.00008, 848.9999999999999, 723.9996]","[820.29696, 701.234928, 849.3696, 724.095072]"
01898.jpg,0,0,0.724329890325041,,Tiny,"[1162.00032, 545.99994, 1187.00064, 563.00022]","[1159.2039359999999, 545.1290819999999, 1190.300064, 563.998518]"
01899.jpg,0,0,0.823432755880516,,Tiny,"[916.9987199999999, 596.9997000000001, 943.99968, 615.0000600000001]","[915.772992, 595.705212, 946.024128, 615.216708]"
01901.jpg,0,0,0.5634604961137134,,Tiny,"[1068.0, 927.00018, 1089.99936, 944.00046]","[1064.201472, 925.780482, 1097.042688, 945.991278]"
01902.jpg,0,0,0.5276870077025138,,Tiny,"[441.00000000000006, 775.99998, 468.00096, 784.9996199999999]","[438.47856, 774.530208, 467.00496000000004, 789.763392]"
01903.jpg,0,0,0.7863751778096155,,Tiny,"[456.99935999999997, 865.99962, 484.99871999999993, 883.99998]","[453.362784, 865.533654, 484.000416, 885.1204260000001]"
01904.jpg,0,0,0.9503580667888413,,Tiny,"[396.00000000000006, 822.99942, 429.00096, 840.99978]","[395.729376, 823.044348, 428.204064, 841.2939719999999]"
01905.jpg,0,0,0.8179271713165035,,Tiny,"[900.0, 522.00018, 921.9993599999999, 539.00046]","[897.545088, 521.908218, 923.478912, 539.539542]"
01906.jpg,0,0,0.8355134025304313,,Small,"[796.9996799999999, 758.00016, 844.99968, 791.0006400000001]","[790.534368, 757.6844219999999, 847.0797120000001, 791.212698]"
01907.jpg,0,0,0.6160775924650256,,Small,"[861.0, 312.99965999999995, 910.00032, 350.99946]","[872.285184, 312.770538, 916.5557759999999, 355.63066200000003]"
01909.jpg,0,0,0.844648190259648,,Tiny,"[312.99935999999997, 397.00044, 361.99968, 417.99996000000004]","[310.281792, 396.51390000000004, 357.77836799999994, 418.0869]"
01910.jpg,0,0,0.6944303795480746,,Small,"[562.00032, 327.99977999999993, 630.9993599999999, 372.00005999999996]","[568.679808, 326.18591999999995, 631.5736320000001, 363.32712]"
01912.jpg,0,0,0.8838338991382434,,Tiny,"[963.9993599999999, 421.99974, 1006.99968, 441.00017999999994]","[963.7900800000001, 422.279028, 1003.9257600000001, 441.61729199999996]"
01913.jpg,0,0,0.8632388797692789,,Small,"[473.99999999999994, 601.00002, 541.00032, 636.9996600000001]","[473.726688, 599.8873500000001, 535.8169920000001, 635.77953]"
01914.jpg,0,0,0.8965073571238267,,Small,"[963.0, 578.0003399999999, 1045.99968, 619.00038]","[965.2138560000001, 578.07081, 1041.4933440000002, 618.06591]"
01915.jpg,0,0,0.7589127754385383,,Tiny,"[707.99904, 199.9998, 732.9993599999999, 221.99939999999998]","[705.5116799999998, 197.629902, 734.49216, 222.636978]"
01916.jpg,0,0,0.8098255220380108,,Tiny,"[387.00095999999996, 307.00026, 409.00032000000004, 324.00054]","[386.577984, 308.55459599999995, 408.78585599999997, 322.679484]"
01917.jpg,0,0,0.8141931329044548,,Tiny,"[1087.00128, 424.00043999999997, 1115.00064, 451.00043999999997]","[1082.58528, 423.902376, 1114.31712, 451.867464]"
01918.jpg,0,0,0.9528792800753296,,Small,"[1445.9999999999998, 192.99978, 1489.00032, 231.99965999999998]","[1446.41664, 193.09147199999998, 1488.16512, 231.367968]"
01919.jpg,0,0,0.8775484379001247,,Tiny,"[1371.99936, 405.0, 1400.99904, 427.99967999999996]","[1371.685248, 406.1232, 1399.715712, 427.45320000000004]"
01920.jpg,0,0,0.8826595387117849,,Small,"[1706.9990400000002, 346.99968, 1744.9996800000001, 376.99992]","[1704.6456, 345.497724, 1745.5444800000002, 376.920756]"
01921.jpg,0,0,0.8615711549119066,,Tiny,"[1414.00128, 386.99964, 1448.00064, 414.99972]","[1413.460896, 388.459854, 1446.052704, 414.42726600000003]"
01922.jpg,0,0,0.8007843335085821,,Small,"[1839.99936, 456.99984, 1880.9990400000002, 486.0]","[1838.005824, 453.773772, 1880.070336, 484.571268]"
01923.jpg,0,0,0.9201011984477705,,Small,"[1035.99936, 511.00038, 1074.0000000000002, 544.9998600000001]","[1034.1845759999999, 511.467264, 1073.771904, 544.394736]"
01924.jpg,0,0,0.9523044429350318,,Small,"[1824.0000000000002, 389.00034, 1874.00064, 428.00022]","[1823.5703039999999, 388.12030200000004, 1874.6223360000001, 427.772178]"
01925.jpg,0,0,0.9430556128392544,,Small,"[1579.00032, 260.99982, 1636.9996800000001, 304.00002]","[1577.825184, 261.194598, 1636.646496, 302.79436200000004]"
01926.jpg,0,0,0.8393162436287602,,Small,"[586.99872, 653.9993999999999, 625.9996800000001, 685.9998]","[585.016608, 652.297104, 623.584992, 685.5723360000001]"
01927.jpg,0,0,0.7904830812998433,,Small,"[273.0, 630.9997200000001, 317.00064000000003, 656.99964]","[269.330016, 628.99011, 320.290464, 657.3892500000001]"
01928.jpg,0,0,0.7593604174653087,,Small,"[495.99935999999997, 777.00006, 560.99904, 810.99954]","[504.673536, 776.4075720000001, 564.762624, 813.4690679999999]"
01929.jpg,0,0,0.5092495154364519,,Small,"[561.00096, 457.99992000000003, 609.0009600000001, 489.00023999999996]","[544.195968, 451.231182, 616.747392, 486.392418]"
01930.jpg,0,0,0.8240382574841788,,Small,"[273.0, 513.00054, 322.00032000000004, 549.00018]","[272.80992000000003, 510.743394, 324.42912, 546.081966]"
01931.jpg,0,0,0.5993511767023264,,Tiny,"[407.00064000000003, 547.00056, 449.00064, 571.00032]","[404.642496, 537.55758, 449.734464, 568.40562]"
01932.jpg,0,0,0.8484357130749732,,Tiny,"[1406.9990400000002, 357.00048000000004, 1440.0, 380.00016]","[1405.786656, 356.08901399999996, 1441.108704, 378.63282599999997]"
01933.jpg,0,0,0.935500001520105,,Small,"[1084.99968, 241.00038, 1125.99936, 278.00010000000003]","[1083.8255040000001, 240.685722, 1125.046176, 278.254278]"
01934.jpg,0,0,0.8838399857666798,,Small,"[759.99936, 190.00008, 824.99904, 215.99999999999997]","[760.6872960000001, 189.130788, 822.644544, 217.27105200000003]"
01935.jpg,0,0,0.9402825263649378,,Tiny,"[982.99872, 300.00023999999996, 1021.99968, 326.00016]","[982.3924799999999, 300.227634, 1021.14672, 326.412126]"
01937.jpg,0,0,0.7748812330597599,,Small,"[729.99936, 504.99989999999997, 792.0, 542.9997]","[728.46624, 506.79135, 787.52736, 539.19513]"
01938.jpg,0,0,0.8823007269137205,,Tiny,"[1237.0003199999999, 240.99983999999998, 1273.0003199999999, 264.9996]","[1236.248064, 239.199858, 1272.312576, 265.376142]"
01939.jpg,0,0,0.8806648798744342,,Tiny,"[1160.99904, 238.00068000000002, 1194.0, 260.00028000000003]","[1161.1233599999998, 237.83079600000002, 1191.2376, 259.381764]"
01940.jpg,0,0,0.7889652747519355,,Tiny,"[782.9999999999999, 494.00010000000003, 810.9993599999999, 511.00038]","[779.7638400000001, 494.062578, 810.44544, 509.14942199999996]"
01941.jpg,0,0,0.8141947552347545,,Small,"[598.0003200000001, 449.00028, 652.00032, 482.00076]","[597.0769919999999, 453.605994, 650.688768, 481.54224600000003]"
01942.jpg,0,0,0.8369994607298953,,Tiny,"[408.00000000000006, 320.99976, 446.00064, 347.99976000000004]","[407.231232, 322.18262999999996, 444.507648, 346.12784999999997]"
01943.jpg,0,0,0.809807401643177,,Tiny,"[714.99936, 170.00064, 749.99904, 194.0004]","[713.761632, 167.018112, 749.097888, 195.00436800000003]"
01944.jpg,0,0,0.9359879518074753,,Tiny,"[1089.00096, 244.00008, 1118.00064, 264.9996]","[1089.7007999999998, 243.625428, 1118.50656, 264.847212]"
01945.jpg,0,0,0.8424031735957416,,Tiny,"[1315.99968, 189.0, 1343.99904, 212.99976]","[1315.3007039999998, 190.806678, 1342.693536, 212.49124199999997]"
01946.jpg,0,0,0.8635956990661822,,Tiny,"[1210.99968, 123.99965999999999, 1249.00032, 142.00002]","[1210.8877439999999, 122.456664, 1247.180736, 142.333416]"
01947.jpg,0,0,0.8311594841076455,,Tiny,"[570.0, 227.99988, 598.99968, 252.99972]","[568.4451839999999, 228.91669199999998, 596.749056, 253.445868]"
01948.jpg,0,0,0.9108092554854682,,Tiny,"[869.0006400000001, 127.00044000000001, 897.0000000000001, 147.99996000000002]","[869.093376, 126.31156200000001, 895.889664, 147.61315800000003]"
01949.jpg,0,0,0.9090682648824459,,Tiny,"[653.99904, 286.99974, 681.0000000000001, 304.00002]","[652.3545599999999, 286.88385600000004, 680.37888, 303.88694399999997]"
01950.jpg,0,0,0.8933324679228541,,Tiny,"[905.0006399999999, 200.99988, 940.00032, 227.99988000000002]","[904.825728, 201.878622, 938.7582720000001, 227.00233800000004]"
01951.jpg,0,0,0.9050406282408051,,Small,"[2.0006400000000024, 216.0, 74.00064, 249.00047999999998]","[0.14995199999999542, 214.45495200000002, 74.677056, 249.68152800000001]"
01953.jpg,0,0,0.9148393014326498,,Small,"[915.0, 172.99980000000002, 968.9999999999999, 195.99948]","[913.564512, 172.59782399999997, 968.277408, 196.775136]"
01954.jpg,0,0,0.9289706109489855,,Medium,"[1640.9999999999998, 298.99962000000005, 1743.0, 339.99966]","[1639.010784, 299.51413199999996, 1742.2973760000002, 341.472348]"
01955.jpg,0,0,0.818142737827994,,Medium,"[1511.00064, 624.00024, 1644.00096, 677.00016]","[1510.477824, 622.2037680000001, 1660.5442560000001, 679.6174319999999]"
01956.jpg,0,0,0.9465938493992107,,Medium,"[414.99935999999997, 396.00035999999994, 509.99904, 444.99996]","[412.41571200000004, 396.93866399999996, 510.21724800000004, 444.65349599999996]"
01957.jpg,0,0,0.7148249251213135,,Medium,"[1314.0009599999998, 236.99952, 1445.00064, 295.99992]","[1338.1073279999998, 234.337104, 1444.406592, 290.877696]"
01958.jpg,0,0,0.8707355185365512,,Small,"[740.00064, 319.00068, 790.99968, 341.00028]","[738.711648, 317.405142, 791.102112, 341.999658]"
01959.jpg,0,0,0.870840220991816,,Tiny,"[820.00032, 497.99933999999996, 862.00032, 515.9997]","[817.842816, 498.57849, 859.983744, 516.14847]"
01960.jpg,0,0,0.5072206285733282,,Tiny,"[1278.99936, 291.00006, 1296.99936, 304.00002]","[1275.347232, 288.826776, 1300.966368, 306.83426399999996]"
01961.jpg,0,0,0.9052729226527034,,Tiny,"[690.0, 421.99974, 716.0006400000001, 436.99986]","[688.196448, 421.991262, 716.0185919999999, 436.50721799999997]"
01962.jpg,0,0,0.7884423145929647,,Tiny,"[557.9999999999999, 401.00022, 577.00032, 413.00010000000003]","[555.891936, 400.683186, 577.0117439999999, 414.375534]"
01963.jpg,0,0,0.6953768986629362,,Tiny,"[1283.00064, 227.00034, 1303.99968, 240.0003]","[1281.3973440000002, 225.208026, 1305.1767360000001, 241.717014]"
01964.jpg,0,0,0.8228347368257687,,Tiny,"[1475.00064, 184.00014000000002, 1500.0009599999998, 204.00066]","[1472.74368, 182.48284800000002, 1500.39552, 203.543712]"
01965.jpg,0,0,0.8166774692306352,,Small,"[1599.00096, 471.00042, 1657.00032, 513.00054]","[1598.424864, 473.785686, 1652.6343359999998, 511.206714]"
01966.jpg,0,0,0.9378497995911268,,Small,"[1118.00064, 663.00012, 1164.0, 691.0002]","[1116.971424, 662.937534, 1162.778976, 691.375986]"
01967.jpg,0,0,0.9610535973471084,,Small,"[384.99935999999997, 576.99972, 433.99968, 600.99948]","[385.64688, 576.93546, 433.11407999999994, 600.8715]"
01968.jpg,0,0,0.9529031368308492,,Small,"[664.99968, 515.9997, 736.9996799999999, 551.9993400000001]","[664.504608, 516.372624, 735.6592320000001, 552.451536]"
01969.jpg,0,0,0.8825206296852828,,Small,"[1556.9990400000002, 368.00028000000003, 1592.9990400000002, 397.00044]","[1556.791584, 367.33149, 1594.577376, 398.63906999999995]"
01970.jpg,0,0,0.897572192264452,,Tiny,"[941.00064, 474.00012, 976.00032, 495.99971999999997]","[939.349728, 473.785848, 974.5561920000001, 496.244232]"
01971.jpg,0,0,0.8770243621157817,,Tiny,"[1265.00064, 419.00004, 1302.00096, 440.99964]","[1264.1314559999998, 418.32072, 1302.520704, 439.59024]"
01972.jpg,0,0,0.9236684158349847,,Tiny,"[1447.00032, 320.99976, 1485.00096, 347.99976000000004]","[1445.71344, 320.689584, 1484.20272, 347.62089599999996]"
01973.jpg,0,0,0.8411948515657317,,Tiny,"[1240.99968, 330.00048, 1274.00064, 357.00048000000004]","[1238.9071680000002, 331.46442, 1273.485792, 355.85838]"
01974.jpg,0,0,0.8315232079772917,,Tiny,"[1176.99936, 293.00022, 1209.0, 311.00057999999996]","[1174.545216, 292.194594, 1207.406784, 310.66140600000006]"
01975.jpg,0,0,0.9191282707876854,,Tiny,"[1001.99904, 524.99988, 1031.9990400000002, 547.9995600000001]","[1001.7041280000001, 525.26286, 1030.293312, 548.11242]"
01976.jpg,0,0,0.892272924344134,,Tiny,"[1098.0, 347.00021999999996, 1136.0006400000002, 364.0005]","[1096.967424, 346.132116, 1136.165376, 364.602924]"
01977.jpg,0,0,0.8905646355113976,,Tiny,"[194.00064, 639.9998999999999, 225.00096, 655.0000200000001]","[193.032864, 640.025388, 225.788256, 654.0932520000001]"
01978.jpg,0,0,0.905389991556499,,Tiny,"[744.99936, 703.99962, 777.0, 719.99982]","[744.1734720000001, 704.093688, 775.5410880000001, 719.6530319999999]"
01979.jpg,0,0,0.9030073181730333,,Small,"[427.99968, 627.00048, 469.99968, 654.0004799999999]","[426.874272, 626.5395900000001, 468.552288, 654.69465]"
01980.jpg,0,0,0.9378215603125367,,Tiny,"[726.9993599999999, 712.00026, 766.00032, 730.00062]","[726.542208, 711.763146, 764.9752319999999, 730.2485340000001]"
01981.jpg,0,0,0.9232798845758181,,Tiny,"[1077.0009599999998, 685.9998, 1111.00032, 707.9994]","[1075.584288, 685.6648919999999, 1110.827232, 707.571828]"
01982.jpg,0,0,0.7598707327986485,,Tiny,"[544.9987199999999, 934.99974, 576.9993599999999, 954.00018]","[535.821888, 935.0304120000001, 577.4670719999999, 954.189828]"
01983.jpg,0,0,0.7843849681843862,,Tiny,"[592.9996799999999, 872.0001000000001, 631.00032, 891.00054]","[589.9705919999999, 873.040248, 629.828448, 892.677672]"
01984.jpg,0,0,0.8818129228123206,,Tiny,"[803.99904, 760.00032, 843.0, 780.9998400000001]","[803.419488, 759.496608, 841.889952, 782.345952]"
01985.jpg,0,0,0.8777393265405473,,Small,"[805.00032, 733.0003200000001, 853.0003200000001, 760.00032]","[804.8617919999999, 733.021218, 851.3762879999999, 762.7031820000001]"
01986.jpg,0,0,0.8224702431561385,,Tiny,"[707.0006400000001, 968.00022, 732.00096, 979.00002]","[705.78, 967.1452380000001, 730.9022400000001, 979.3884419999999]"
01987.jpg,0,0,0.9047303695320719,,Tiny,"[1070.00064, 595.99962, 1104.0000000000002, 615.0000600000001]","[1069.0116480000002, 596.232252, 1102.658112, 615.383028]"
01988.jpg,0,0,0.6474614613376056,,Tiny,"[1185.0009599999998, 685.99926, 1221.00096, 704.9997]","[1183.4256, 687.4283700000001, 1218.0412800000001, 701.2593899999999]"
01989.jpg,0,0,0.7940936445718417,,Tiny,"[668.0006400000001, 572.9999399999999, 692.00064, 591.0002999999999]","[666.629664, 573.9981839999999, 691.578336, 589.252536]"
01990.jpg,0,0,0.6799335873245946,,Tiny,"[1487.00064, 729.0, 1524.00096, 751.99968]","[1487.950272, 731.8105380000001, 1519.921728, 755.075142]"
01991.jpg,0,0,0.8912202648167438,,Tiny,"[1000.0003199999999, 714.99942, 1035.0, 731.9997000000001]","[998.4048960000001, 714.2877540000001, 1035.934944, 731.920806]"
01992.jpg,0,0,0.9244051319063635,,Tiny,"[913.00032, 429.00030000000004, 946.99968, 448.00074]","[912.115584, 428.816214, 946.8629760000001, 448.772346]"
01993.jpg,0,0,0.9047036630670806,,Tiny,"[1059.99936, 618.0002999999999, 1100.9990400000002, 637.00074]","[1058.978112, 617.4708840000001, 1100.173248, 637.571196]"
01994.jpg,0,0,0.8800137872375373,,Tiny,"[1382.00064, 550.00026, 1420.00128, 569.0006999999999]","[1379.69184, 549.811206, 1419.3878399999999, 569.852874]"
01995.jpg,0,0,0.7834338647677904,,Tiny,"[1369.99968, 783.0, 1409.00064, 804.9996]","[1365.240576, 782.003754, 1407.853824, 806.356566]"
01996.jpg,0,0,0.8449472926457989,,Tiny,"[680.9990399999999, 672.0003, 718.99968, 688.0005]","[679.563456, 670.943466, 718.507584, 688.979574]"
01997.jpg,0,0,0.8232323230455009,,Tiny,"[1090.00032, 627.0004799999999, 1122.00096, 649.0000799999999]","[1088.735808, 627.706908, 1120.6273919999999, 647.295732]"
01998.jpg,0,0,0.8942376502012761,,Tiny,"[1343.99904, 638.99982, 1383.0, 659.0003399999999]","[1342.927584, 640.02663, 1383.698976, 659.3408099999999]"
01999.jpg,0,0,0.8438573219479532,,Tiny,"[841.00032, 535.00068, 874.00128, 558.00036]","[839.1713279999999, 535.428576, 872.804352, 559.499184]"
02000.jpg,0,0,0.8283895021826155,,Small,"[922.99968, 723.9996, 973.99872, 754.9999200000001]","[919.422528, 723.4686180000001, 977.644992, 753.662502]"
02001.jpg,0,0,0.8687518870992963,,Tiny,"[1005.0, 447.99966, 1044.00096, 467.0001]","[1004.701344, 449.193222, 1041.9764160000002, 466.726698]"
02002.jpg,0,0,0.9183326624830994,,Small,"[1591.99872, 328.99931999999995, 1641.99936, 360.99972]","[1593.033408, 329.709798, 1642.0437120000001, 359.742762]"
02003.jpg,0,0,0.8549978815905703,,Tiny,"[919.99968, 745.0002000000001, 959.9990399999999, 768.99996]","[918.94608, 744.8757300000001, 958.3607999999999, 767.0227500000001]"
02004.jpg,0,0,0.5560210384000989,,Small,"[1366.00032, 744.99966, 1410.00096, 781.9993800000001]","[1371.78816, 752.8244759999999, 1406.2368, 779.101524]"
02005.jpg,0,0,0.8070092576444183,,Tiny,"[1505.00064, 381.00024, 1542.00096, 405.0]","[1504.876992, 382.08942, 1537.766208, 404.02746]"
02006.jpg,0,0,0.8126198905188387,,Tiny,"[1446.99936, 460.99962000000005, 1486.00032, 481.00014]","[1446.28608, 461.953962, 1481.5449600000002, 480.616038]"
02007.jpg,0,0,0.7294059767203112,,Tiny,"[1363.99968, 739.9998, 1398.99936, 760.99932]","[1362.374976, 740.864556, 1399.0151039999998, 756.7239240000001]"
02008.jpg,0,0,0.9454869403077016,,Small,"[1224.00096, 616.9996799999999, 1283.00064, 648.0]","[1223.583936, 617.475096, 1281.228864, 647.9025839999999]"
02009.jpg,0,0,0.9559643613161699,,Medium,"[644.9990399999999, 131.00022, 776.9990399999999, 196.00001999999998]","[644.8410240000001, 131.666094, 775.6440960000001, 197.543826]"
02010.jpg,0,0,0.9516795864418945,,Small,"[612.0, 257.00003999999996, 669.99936, 286.00019999999995]","[610.230624, 256.623228, 669.890976, 286.13941199999994]"
02011.jpg,0,0,0.9382719836716963,,Tiny,"[708.99936, 425.99952, 741.0, 453.99960000000004]","[709.29696, 425.945196, 739.81536, 453.598164]"
02012.jpg,0,0,0.9035653656801002,,Tiny,"[1632.99936, 288.00036, 1665.0, 308.99988]","[1632.516, 287.336646, 1664.34288, 308.26391400000006]"
02013.jpg,0,0,0.8758003610562304,,Tiny,"[1461.00096, 453.00006, 1490.00064, 466.00001999999995]","[1460.059008, 452.22056999999995, 1490.792832, 466.22655000000003]"
02014.jpg,0,0,0.870649825586008,,Tiny,"[1137.0, 516.99978, 1162.0003199999999, 531.9999]","[1136.1259200000002, 516.950424, 1163.55408, 532.6540560000001]"
02016.jpg,0,0,0.9170806112120716,,Tiny,"[846.0000000000001, 466.00055999999995, 879.99936, 487.00007999999997]","[844.045152, 465.91745399999996, 880.7062080000001, 486.836946]"
02017.jpg,0,0,0.9469979550824641,,Small,"[1264.99968, 500.00003999999996, 1310.00064, 525.99996]","[1265.00976, 499.046724, 1310.2401599999998, 526.350636]"
02018.jpg,0,0,0.946818765420031,,Tiny,"[986.99904, 528.99966, 1020.0, 547.0000200000001]","[986.3854080000001, 528.725448, 1019.546112, 546.863832]"
02019.jpg,0,0,0.9045850582544991,,Tiny,"[931.00032, 531.0003600000001, 972.0, 556.0002000000001]","[930.024096, 531.422964, 971.252064, 557.083116]"
02020.jpg,0,0,0.858743653812333,,Tiny,"[1165.99968, 609.99966, 1193.0006399999997, 624.99978]","[1164.333408, 609.97833, 1191.898272, 625.7900700000001]"
02021.jpg,0,0,0.9650196789983151,,Tiny,"[979.00032, 689.9995799999999, 1012.9996800000001, 703.99962]","[978.888192, 689.893092, 1012.8161280000002, 703.7302679999999]"
02022.jpg,0,0,0.9161907900998276,,Small,"[1056.0, 77.99976, 1104.0, 103.99968000000001]","[1054.507968, 77.26535999999999, 1105.415232, 103.975704]"
02023.jpg,0,0,0.909410313717479,,Tiny,"[146.99903999999998, 233.99982, 184.99967999999998, 252.00018]","[146.35296, 233.57619, 183.048768, 251.93997000000002]"
02024.jpg,0,0,0.9043378039366831,,Tiny,"[602.00064, 281.99987999999996, 645.00096, 304.99956]","[601.235136, 281.55249, 644.103744, 306.04959]"
02025.jpg,0,0,0.7412429119671979,,Tiny,"[327.99936, 611.9998200000001, 366.0, 632.00034]","[324.014496, 611.49816, 372.776544, 632.5257600000001]"
02026.jpg,0,0,0.8295002500944656,,Tiny,"[354.0, 586.99998, 390.0, 599.9999400000002]","[352.89311999999995, 586.194516, 386.78304, 600.1206840000001]"
02027.jpg,0,0,0.8437734764761168,,Tiny,"[418.00032, 346.00014, 448.00032, 359.0001]","[416.958912, 345.469536, 447.194688, 359.999424]"
02028.jpg,0,0,0.9044080534853485,,Tiny,"[457.00032000000004, 361.00026, 488.0006400000001, 380.0007]","[454.915104, 361.029042, 487.847136, 379.423278]"
02029.jpg,0,0,0.8468411932287611,,Tiny,"[858.0, 332.0001, 879.99936, 342.9999]","[857.0468159999999, 331.137396, 879.370464, 342.758844]"
02030.jpg,0,0,0.8462263282077557,,Tiny,"[472.99872000000005, 420.99966, 499.9996800000001, 434.99969999999996]","[471.04175999999995, 420.315264, 499.30319999999995, 435.368736]"
02031.jpg,0,0,0.8925139435222325,,Tiny,"[1354.00032, 592.99992, 1386.00096, 614.99952]","[1352.4514560000002, 593.940168, 1385.268864, 614.9643120000001]"
02032.jpg,0,0,0.8620157710428101,,Tiny,"[827.9999999999999, 659.0003399999999, 854.0006400000001, 674.00046]","[828.031872, 659.3517720000001, 854.1530879999999, 672.363828]"
02033.jpg,0,0,0.8173199778140182,,Tiny,"[1072.00032, 598.99986, 1104.00096, 616.00014]","[1070.083392, 597.507624, 1103.4334079999999, 616.822776]"
02034.jpg,0,0,0.9226248804067382,,Small,"[1027.0003199999999, 479.99952, 1070.00064, 505.99944000000005]","[1027.452672, 481.252698, 1070.423808, 505.72042200000004]"
02035.jpg,0,0,0.8796690392122485,,Tiny,"[1465.99872, 384.00048, 1498.99968, 405.0]","[1464.736032, 382.46985, 1499.6671680000002, 404.97759]"
02036.jpg,0,0,0.7190568185042708,,Tiny,"[961.99968, 358.00002000000006, 987.0, 370.99998]","[957.4420799999999, 357.61915799999997, 985.8897599999999, 372.294522]"
02037.jpg,0,0,0.7294287363573819,,Tiny,"[719.99904, 410.99994, 744.99936, 428.00022]","[716.833536, 410.23773000000006, 746.5443839999999, 429.84891]"
02038.jpg,0,0,0.7945623119826087,,Tiny,"[1249.00032, 445.9995, 1280.00064, 458.99946]","[1249.2369600000002, 445.000338, 1276.36944, 459.508302]"
02039.jpg,0,0,0.9094207739157394,,Tiny,"[1653.0, 255.99996, 1685.00064, 280.9998]","[1651.5744, 255.953142, 1685.45472, 280.065978]"
02040.jpg,0,0,0.6580352133890799,,Tiny,"[970.9996800000001, 606.00042, 1021.00032, 620.0004600000001]","[970.3879679999999, 605.432556, 1020.859392, 626.411124]"
02041.jpg,0,0,0.8262082604883971,,Small,"[1576.00032, 437.0004, 1632.0009599999998, 463.00032000000004]","[1580.189856, 436.743144, 1627.047264, 463.138776]"
02042.jpg,0,0,0.8968514835896468,,Tiny,"[1275.00096, 552.99942, 1321.00032, 571.99986]","[1274.799552, 552.418866, 1320.0612480000002, 573.116094]"
02043.jpg,0,0,0.7505949299124555,,Tiny,"[965.9990399999999, 489.99978000000004, 997.9996799999999, 503.99982]","[966.251712, 488.218212, 995.7694080000001, 502.729308]"
02044.jpg,0,0,0.7771382035238633,,Tiny,"[464.00064, 405.99954, 486.0, 417.99942]","[464.44732799999997, 405.43939800000004, 484.27075199999996, 416.78404200000006]"
02045.jpg,0,0,0.7827211648566238,,Tiny,"[945.0009600000001, 568.99962, 974.00064, 584.99982]","[942.872448, 568.001484, 971.7246719999999, 584.393076]"
02046.jpg,0,0,0.8414317487538553,,Tiny,"[390.99936, 500.99958000000004, 430.99872, 521.0001]","[387.096576, 500.251896, 432.920064, 521.000424]"
02047.jpg,0,0,0.7203153908801952,,Small,"[628.99968, 599.0004000000001, 679.9987199999999, 625.00032]","[633.4071359999999, 598.395276, 671.551584, 624.4757639999999]"
02048.jpg,0,0,0.7993252021742417,,Small,"[1109.9990400000002, 491.99994, 1170.99936, 528.9996600000001]","[1113.051264, 492.954714, 1169.867136, 524.707686]"
02049.jpg,0,0,0.6461446206340598,,Small,"[1119.00096, 760.00032, 1172.00064, 781.99992]","[1106.943264, 758.47131, 1178.812896, 780.2025299999999]"
02050.jpg,0,0,0.7733387423142771,,Tiny,"[987.0000000000002, 855.9999, 1036.00032, 874.00026]","[981.6565439999999, 855.564012, 1031.6746560000001, 874.796868]"
02051.jpg,0,0,0.9023426392616177,,Tiny,"[1224.99936, 859.00014, 1259.9990400000002, 872.0001000000001]","[1224.554496, 859.68567, 1260.513024, 872.3016899999999]"
02052.jpg,0,0,0.8049384798389435,,Tiny,"[1657.00032, 696.00006, 1676.00064, 703.9996199999999]","[1656.109152, 695.3561963999999, 1675.7436480000001, 704.7385236]"
02053.jpg,0,0,0.7580972373102525,,Tiny,"[1761.9993600000003, 701.00046, 1780.99968, 711.0001799999999]","[1759.73952, 701.1748908, 1779.8803200000002, 711.9705491999999]"
02054.jpg,0,0,0.8607185207509869,,Tiny,"[1260.0009599999998, 552.00042, 1280.9999999999998, 563.00022]","[1258.742112, 551.860884, 1279.8626880000002, 563.2866359999999]"
02055.jpg,0,0,0.8254724410459957,,Tiny,"[800.00064, 382.99986, 829.00032, 401.00021999999996]","[796.29024, 384.08855400000004, 829.4275200000001, 401.064966]"
02056.jpg,0,0,0.8747889525706997,,Small,"[1063.00032, 190.00062, 1113.0009599999998, 226.00026]","[1061.628864, 191.534058, 1110.2175359999999, 225.752022]"
02057.jpg,0,0,0.7636747592425406,,Tiny,"[527.9999999999999, 666.9999, 544.99968, 675.9995399999999]","[526.469808, 667.8389897999999, 545.101392, 675.2554902]"
02058.jpg,0,0,0.8861683767489121,,Tiny,"[39.99936, 363.00042, 66.0, 379.00062]","[37.754208000000006, 362.98697400000003, 65.074464, 378.983826]"
02059.jpg,0,0,0.584749212051723,,Tiny,"[1515.0, 591.9998400000001, 1528.00032, 597.00024]","[1512.776016, 590.5085705999999, 1526.8873440000002, 596.7527094000001]"
02060.jpg,0,0,0.7528089307180079,,Tiny,"[904.99968, 437.99994000000004, 921.99936, 448.99974000000003]","[902.6958719999999, 437.42084400000005, 923.965248, 449.099316]"
02061.jpg,0,0,0.8602639457929536,,Tiny,"[1244.00064, 232.0002, 1280.00064, 253.9998]","[1241.650656, 231.91180200000002, 1281.5480639999998, 254.986758]"
02062.jpg,0,0,0.7413686142175733,,Tiny,"[371.00064000000003, 608.00058, 391.99968, 618.0002999999999]","[368.144448, 608.7908267999999, 392.114112, 618.9812532]"
02063.jpg,0,0,0.9204359316414437,,Tiny,"[865.00032, 306.00018, 896.00064, 316.99998]","[865.475808, 306.291429, 895.240992, 316.836171]"
02064.jpg,0,0,0.7812726439690609,,Tiny,"[858.99936, 312.99966, 888.99936, 331.00002]","[855.680544, 311.44899599999997, 889.538016, 331.86380399999996]"
02065.jpg,0,0,0.8264876132771153,,Tiny,"[1287.0, 469.00026, 1321.9996800000001, 488.0007]","[1285.2479039999998, 467.43075, 1323.264096, 487.42533]"
02066.jpg,0,0,0.8023839814650495,,Tiny,"[1169.9990400000002, 517.99986, 1194.99936, 529.99974]","[1170.309984, 519.4360439999999, 1193.9588159999998, 530.479476]"
02067.jpg,0,0,0.917295334303632,,Tiny,"[1178.00064, 391.9995, 1204.00128, 405.99953999999997]","[1177.062816, 392.09697000000006, 1203.906144, 405.42903]"
02068.jpg,0,0,0.8178156329920796,,Tiny,"[1021.99968, 218.9997, 1049.00064, 228.99942000000001]","[1020.016032, 217.895886, 1049.344608, 229.152834]"
02069.jpg,0,0,0.9246259729084952,,Small,"[1228.0003199999999, 608.00004, 1299.0000000000002, 632.99988]","[1226.550528, 607.714218, 1295.799552, 632.970342]"
02070.jpg,0,0,0.5890773657766039,,Tiny,"[1148.99904, 704.0007, 1174.99968, 713.0003399999999]","[1146.456576, 700.6760820000001, 1173.617664, 714.065598]"
02071.jpg,0,0,0.8438205508661153,,Small,"[1254.0, 518.0004, 1299.00096, 543.00024]","[1252.8982079999998, 518.747976, 1295.4333120000001, 542.185704]"
02072.jpg,0,0,0.8172346743083029,,Tiny,"[1056.00096, 585.9999, 1084.00032, 601.0000200000001]","[1054.364544, 584.189766, 1083.0792959999999, 601.0173539999998]"
02073.jpg,0,0,0.9072758017432009,,Small,"[1263.9993599999998, 686.9998800000001, 1309.00032, 713.99988]","[1264.69248, 686.7529380000001, 1306.7059199999999, 714.5924219999999]"
02074.jpg,0,0,0.6851032581944253,,Tiny,"[1344.99936, 700.99938, 1381.9996800000001, 717.99966]","[1340.295072, 699.94989, 1380.7980479999999, 721.37763]"
02075.jpg,0,0,0.8800140838954444,,Small,"[873.0, 692.99982, 934.00032, 729.99954]","[872.27808, 690.958026, 935.92416, 728.801334]"
02076.jpg,0,0,0.7415828816916266,,Tiny,"[1182.99936, 724.00014, 1222.00032, 742.0005]","[1183.746816, 725.6029679999999, 1216.9866240000001, 742.991832]"
02077.jpg,0,0,0.9077338473101616,,Tiny,"[1194.0, 711.00018, 1237.00032, 730.00062]","[1194.0058560000002, 711.74619, 1235.132064, 729.77949]"
02078.jpg,0,0,0.8685575851329155,,Tiny,"[1086.00096, 621.99954, 1109.00064, 635.99958]","[1084.593408, 622.0724400000001, 1108.046592, 635.50332]"
02079.jpg,0,0,0.8491582560038495,,Tiny,"[1177.99968, 588.00006, 1205.99904, 599.9999400000002]","[1176.622464, 587.9331000000001, 1203.632256, 599.72562]"
02080.jpg,0,0,0.7581789727774575,,Tiny,"[1111.00032, 797.9995799999999, 1135.0003199999999, 809.99946]","[1109.06592, 798.9056459999999, 1135.6752000000001, 811.285794]"
02081.jpg,0,0,0.897669937472753,,Tiny,"[1105.99968, 566.00046, 1135.99968, 579.0004200000001]","[1104.4413120000002, 565.4234700000001, 1136.290848, 578.9358900000001]"
02082.jpg,0,0,0.8305870047845005,,Tiny,"[1088.00064, 556.99974, 1114.00128, 571.99986]","[1085.45424, 557.143164, 1112.1163199999999, 571.867236]"
02083.jpg,0,0,0.7962019397057465,,Tiny,"[1098.0, 393.99966, 1131.00096, 412.00001999999995]","[1094.8176959999998, 394.50234600000005, 1133.9912640000002, 412.59245400000003]"
02084.jpg,0,0,0.6366320429755346,,Tiny,"[868.0012800000001, 837.9995399999999, 902.00064, 849.99942]","[865.171584, 837.6259680000001, 893.671296, 849.1655519999999]"
02085.jpg,0,0,0.8185877063727773,,Tiny,"[939.99936, 888.0002999999999, 975.99936, 902.00034]","[939.077952, 886.398768, 973.457088, 902.007792]"
02086.jpg,0,0,0.7013881583760595,,Tiny,"[635.00064, 526.9995, 689.00064, 543.99978]","[636.951456, 523.7560440000001, 696.6421439999999, 543.6986760000001]"
02087.jpg,0,0,0.7164783486978745,,Tiny,"[726.9993599999999, 361.00025999999997, 773.99904, 379.00061999999997]","[727.149024, 364.137066, 771.8679360000001, 380.827494]"
02088.jpg,0,0,0.6763869495474795,,Tiny,"[1370.9999999999998, 76.00068, 1415.00064, 97.00019999999999]","[1363.351872, 72.625302, 1416.677568, 98.24279399999999]"
02089.jpg,0,0,0.6940990322227045,,Small,"[1089.0, 236.99952, 1133.00064, 263.99952]","[1085.391936, 233.467812, 1138.563264, 262.373148]"
02090.jpg,0,0,0.7080731096155186,,Tiny,"[906.0, 327.99977999999993, 937.00032, 342.9999]","[903.805728, 326.84682599999996, 940.1737919999999, 344.904534]"
02091.jpg,0,0,0.9281818467649214,,Small,"[898.99968, 225.00018, 949.00032, 266.00021999999996]","[900.32976, 226.13655599999998, 948.20016, 265.885524]"
02092.jpg,0,0,0.8902149124514684,,Tiny,"[998.9999999999999, 537.9993, 1033.99968, 556.99974]","[997.0686720000001, 537.462594, 1033.2814079999998, 556.711326]"
02093.jpg,0,0,0.84552891856942,,Tiny,"[1255.0003199999999, 635.00004, 1296.0, 657.99972]","[1253.0476800000001, 635.2155540000001, 1294.704, 656.168526]"
02094.jpg,0,0,0.8336896843885531,,Tiny,"[1273.99968, 394.99974000000003, 1313.00064, 413.00010000000003]","[1272.351168, 393.522516, 1311.8075519999998, 413.667324]"
02095.jpg,0,0,0.9135177695701009,,Tiny,"[918.99936, 314.99982000000006, 958.0003200000001, 335.00034]","[917.119488, 314.85466799999995, 957.983232, 334.266372]"
02096.jpg,0,0,0.8960701354060665,,Tiny,"[644.9990399999999, 437.00040000000007, 682.99968, 462.00023999999996]","[643.04112, 436.75594199999995, 681.26736, 461.907738]"
02097.jpg,0,0,0.8155308213233211,,Tiny,"[524.99904, 275.00039999999996, 567.99936, 295.99992]","[526.139904, 276.92679599999997, 566.0021760000001, 296.734644]"
02098.jpg,0,0,0.9133763056827396,,Small,"[219.00096000000002, 44.00028, 255.00096000000002, 73.00044]","[217.30003200000002, 44.610156, 255.561408, 72.71046]"
02099.jpg,0,0,0.7271992068209279,,Tiny,"[1292.00064, 549.00018, 1309.0003199999999, 556.99974]","[1289.6168639999999, 548.7478110000001, 1309.6522559999999, 558.081549]"
02100.jpg,0,0,0.7889891358375084,,Tiny,"[1226.0006400000002, 488.9997, 1243.0003199999999, 498.99942000000004]","[1225.168416, 488.454516, 1242.534624, 500.253084]"
02101.jpg,0,0,0.7929933312873253,,Tiny,"[940.00032, 230.99958, 979.9996800000001, 247.99986]","[938.1266880000001, 230.06079000000003, 979.2275520000001, 250.20225000000002]"
02102.jpg,0,0,0.7759002863775484,,Tiny,"[1276.00032, 360.00018, 1303.99968, 370.99998]","[1274.6587200000001, 359.56413000000003, 1301.42832, 371.97387]"
02103.jpg,0,0,0.6753903987972312,,Tiny,"[761.00064, 392.00058, 784.0003199999999, 401.00022]","[756.59568, 391.6786104, 782.39568, 402.1689096]"
02104.jpg,0,0,0.8017799086958756,,Tiny,"[900.9993599999999, 723.00006, 935.99904, 734.9999400000002]","[898.264992, 724.0485779999999, 934.175328, 734.9169420000001]"
02105.jpg,0,0,0.7182194163887402,,Small,"[745.00032, 603.99972, 795.9993599999999, 628.99956]","[743.298816, 608.889258, 797.8775039999999, 630.4841819999999]"
02106.jpg,0,0,0.8588216785681695,,Tiny,"[1102.00128, 647.00046, 1153.0003199999999, 662.00058]","[1097.284128, 646.842132, 1151.4774719999998, 662.366268]"
02107.jpg,0,0,0.5737121232938037,,Tiny,"[719.0006400000001, 580.9995, 747.0000000000001, 593.9994600000001]","[720.119808, 581.9866685999999, 742.060032, 591.5046114]"
02108.jpg,0,0,0.7323167949034844,,Tiny,"[807.00096, 756.99954, 848.00064, 770.99958]","[807.53568, 756.099468, 839.5977600000001, 771.314292]"
02109.jpg,0,0,0.8040841257564609,,Tiny,"[768.99936, 755.00046, 810.9993599999999, 769.0005]","[768.049632, 756.917136, 809.460768, 769.207104]"
02110.jpg,0,0,0.8462012193009064,,Small,"[585.99936, 774.0003600000001, 640.99968, 795.9999600000001]","[583.281504, 773.6902379999999, 638.2724159999999, 797.312322]"
02111.jpg,0,0,0.8700312010493721,,Small,"[1180.0003199999999, 762.9994800000001, 1241.00064, 789.99948]","[1178.65296, 763.91883, 1240.0785600000002, 791.93349]"
02112.jpg,0,0,0.9298070010525504,,Medium,"[1197.0009599999998, 116.00063999999999, 1296.0, 193.00031999999996]","[1197.4450560000002, 115.01481599999998, 1295.356224, 189.307584]"
02114.jpg,0,0,0.7486047752529018,,Small,"[1139.00064, 401.99976, 1200.0009599999998, 434.00016000000005]","[1138.7783040000002, 404.86111200000005, 1193.161536, 431.92504799999995]"
02115.jpg,0,0,0.6975833803526648,,Tiny,"[768.0, 777.0000600000001, 808.99968, 793.00026]","[766.98096, 773.8800480000001, 809.3467199999999, 796.077072]"
02116.jpg,0,0,0.7040037066186912,,Tiny,"[807.0000000000001, 0.9995399999999992, 851.00064, 19.99998]","[803.5181759999999, 0.0, 852.086304, 24.450984000000002]"
02117.jpg,0,0,0.7875373736277047,,Tiny,"[930.0009600000001, 564.0002999999999, 958.0003200000001, 576.00018]","[926.92032, 562.994118, 957.81312, 576.6391619999999]"
02118.jpg,0,0,0.8969090043873744,,Small,"[1167.99936, 142.00055999999998, 1213.00032, 166.00032000000002]","[1167.40608, 143.168688, 1211.5622400000002, 166.348512]"
02119.jpg,0,0,0.7473302530746545,,Small,"[496.0003200000001, 483.00030000000004, 581.00064, 523.00026]","[499.38604799999996, 483.119316, 587.9713919999999, 516.375324]"
02120.jpg,0,0,0.857791494727411,,Tiny,"[1065.0, 605.9993400000001, 1111.99968, 624.99978]","[1063.904256, 606.7164600000001, 1110.0195840000001, 626.0085]"
02121.jpg,0,0,0.6822067537705989,,Tiny,"[1050.0009599999998, 441.00018, 1070.9999999999998, 447.99965999999995]","[1045.807776, 441.1387224, 1070.5045440000001, 449.2327176]"
02122.jpg,0,0,0.6765717020751044,,Tiny,"[1004.00064, 601.0000200000001, 1025.9999999999998, 608.99958]","[1001.265216, 600.2767494000001, 1025.421504, 607.6881306]"
02124.jpg,0,0,0.7215777435645655,,Tiny,"[1131.0, 137.9997, 1153.99968, 147.99942000000001]","[1128.409536, 137.180844, 1153.1802240000002, 149.258916]"
02125.jpg,0,0,0.6239693108213351,,Tiny,"[1239.0009599999998, 559.9999799999999, 1280.00064, 571.9998600000001]","[1234.6559999999997, 558.7034940000001, 1284.31488, 574.581546]"
02126.jpg,0,0,0.7237316229437638,,Tiny,"[1276.00032, 396.9999, 1320.00096, 417.00042]","[1281.352032, 398.66283000000004, 1318.715808, 415.70901]"
02127.jpg,0,0,0.8917105329466793,,Small,"[1312.00032, 345.00006, 1380.9993599999998, 379.99962]","[1310.758848, 343.391832, 1378.6734720000002, 379.32904799999994]"
02128.jpg,0,0,0.7425566628675055,,Tiny,"[1573.99968, 594.00054, 1603.99968, 603.0001799999999]","[1572.77376, 595.1508912, 1604.16192, 604.1545487999999]"
02129.jpg,0,0,0.8236411390645308,,Tiny,"[1110.0, 185.99976, 1153.00032, 207.99936000000002]","[1107.999936, 184.9338, 1152.385344, 206.08236]"
02130.jpg,0,0,0.8485959915773618,,Tiny,"[1627.00032, 604.00026, 1672.99968, 618.0003]","[1625.06448, 604.1315340000001, 1672.9540800000002, 619.6747859999999]"
02131.jpg,0,0,0.8011269475943211,,Tiny,"[1308.0, 623.0006999999999, 1332.0, 632.0003399999999]","[1307.1017279999999, 623.1313422000001, 1331.012832, 633.2888178]"
02132.jpg,0,0,0.8452387022737856,,Tiny,"[894.9993600000001, 682.0000200000001, 917.99904, 692.9998199999999]","[893.3811840000001, 682.499682, 916.9368959999999, 692.895438]"
02133.jpg,0,0,0.8544819467109598,,Small,"[1014.0009600000001, 549.99972, 1068.0009599999998, 573.99948]","[1012.5167039999999, 551.888586, 1066.470816, 573.5167739999999]"
02134.jpg,0,0,0.9210358080954111,,Tiny,"[466.99968, 707.9999399999999, 512.99904, 725.00022]","[467.37609599999996, 708.199686, 511.70870399999995, 724.446234]"
02135.jpg,0,0,0.8717078403568883,,Tiny,"[1091.9990400000002, 736.0000200000001, 1121.9990400000002, 744.99966]","[1092.086592, 735.8961725999999, 1119.162048, 745.2482274]"
02136.jpg,0,0,0.9406956739069446,,Small,"[1461.9993600000003, 479.00052000000005, 1516.9996800000001, 504.00036]","[1462.289472, 478.60335, 1516.832448, 503.08856999999995]"
02137.jpg,0,0,0.679717277475763,,Tiny,"[1624.99968, 615.0000599999998, 1665.99936, 626.99994]","[1625.222784, 613.2480300000001, 1665.9912960000001, 630.83421]"
02138.jpg,0,0,0.8788874884284327,,Tiny,"[1177.99968, 739.9992599999999, 1215.0, 759.9997799999999]","[1176.5564160000001, 740.6765819999999, 1213.248384, 759.817098]"
02139.jpg,0,0,0.6573147659234579,,Tiny,"[1008.9993600000001, 720.9999, 1031.9990400000002, 737.0001000000001]","[1006.430304, 723.2695739999999, 1029.7757760000002, 735.942186]"
02140.jpg,0,0,0.6692913580486971,,Tiny,"[985.99968, 761.99994, 1008.9993599999999, 777.0000600000001]","[981.628128, 760.1973660000001, 1009.9955520000001, 778.368474]"
02141.jpg,0,0,0.9394092815156904,,Small,"[912.00096, 448.0002, 959.0006400000001, 475.0002]","[909.1985280000001, 447.93248400000004, 959.0037120000001, 475.05495599999995]"
02142.jpg,0,0,0.842974168947838,,Tiny,"[593.9999999999999, 618.0002999999999, 620.00064, 632.00034]","[592.442976, 618.123366, 620.7704640000001, 630.887994]"
02143.jpg,0,0,0.9474172841532449,,Tiny,"[853.99968, 571.00032, 898.00032, 592.99992]","[852.740832, 570.99924, 898.925088, 593.12196]"
02144.jpg,0,0,0.8611543983081333,,Small,"[428.99904, 764.0001, 538.99968, 800.99982]","[436.82582400000007, 762.952446, 538.2922560000001, 799.444674]"
02145.jpg,0,0,0.8395773384102092,,Tiny,"[652.99968, 565.0003800000001, 676.9996799999999, 579.0004200000001]","[650.560416, 564.909174, 676.336224, 578.344266]"
02146.jpg,0,0,0.8530793222684449,,Tiny,"[556.99968, 436.99986, 602.00064, 457.00038]","[554.941728, 436.938732, 600.7331519999999, 458.77654800000005]"
02147.jpg,0,0,0.9504365721491327,,Tiny,"[681.00096, 217.99962000000002, 727.0003200000001, 232.99974]","[680.240256, 217.728108, 727.649664, 232.958052]"
02148.jpg,0,0,0.8287115219587597,,Tiny,"[276.00096, 505.99998, 316.00032, 518.9999399999999]","[271.51123199999995, 505.6884, 315.559488, 519.6463200000001]"
02149.jpg,0,0,0.8286723416038267,,Tiny,"[401.99904, 474.99966, 450.99936, 491.99994]","[400.318944, 473.056254, 449.254176, 492.260706]"
02150.jpg,0,0,0.8747520293607818,,Tiny,"[802.99968, 376.00038, 836.00064, 389.00034]","[802.1856959999999, 375.440832, 837.033504, 389.51452800000004]"
02151.jpg,0,0,0.9051160331449377,,Tiny,"[1231.00128, 702.00054, 1259.00064, 714.0004200000001]","[1231.2173759999998, 701.143344, 1259.349024, 714.144816]"
02152.jpg,0,0,0.7452953711209915,,Tiny,"[1456.99872, 389.00034, 1476.99936, 399.00006]","[1454.305824, 389.184156, 1477.722336, 400.276404]"
02153.jpg,0,0,0.814030909844174,,Tiny,"[1488.99936, 499.9995, 1513.99968, 514.99962]","[1488.105216, 499.04796600000003, 1515.258624, 516.0137940000001]"
02154.jpg,0,0,0.9172308695426652,,Tiny,"[987.0, 360.00018, 1017.0, 377.00046000000003]","[985.5520319999999, 359.764524, 1017.457248, 376.801956]"
02155.jpg,0,0,0.9313136980702202,,Tiny,"[1062.0000000000002, 778.00014, 1112.00064, 798.0006599999999]","[1061.752896, 778.4131319999999, 1110.704064, 797.626548]"
02157.jpg,0,0,0.8480891485126095,,Small,"[1329.00096, 697.99968, 1377.0009599999998, 720.9993599999999]","[1327.7011200000002, 697.134492, 1375.4784, 719.406468]"
02158.jpg,0,0,0.7689900113821467,,Tiny,"[1345.9987199999998, 699.99984, 1390.99968, 721.9994399999999]","[1342.1424000000002, 699.04998, 1390.05984, 719.37666]"
02159.jpg,0,0,0.7438816048785387,,Tiny,"[1206.00096, 642.0006, 1241.0006400000002, 664.0002]","[1204.6040639999999, 640.4904359999999, 1242.597216, 660.7799640000001]"
02160.jpg,0,0,0.7663304042325557,,Tiny,"[577.00032, 606.00042, 606.0, 622.00062]","[573.98592, 603.972882, 605.44704, 622.570158]"
02161.jpg,0,0,0.8164174679410122,,Tiny,"[696.99936, 666.00036, 741.0, 687.99996]","[698.278848, 663.892578, 738.453312, 687.3926220000001]"
02162.jpg,0,0,0.7479601024987683,,Tiny,"[612.0, 793.0002599999999, 643.00032, 810.00054]","[609.1032, 790.7352840000001, 643.24752, 811.3712760000001]"
02163.jpg,0,0,0.9036042507683231,,Tiny,"[880.9987199999999, 681.00048, 919.99968, 707.0003999999999]","[880.662912, 679.961358, 919.302528, 708.015762]"
02164.jpg,0,0,0.7244048626767752,,Tiny,"[640.9996800000001, 645.0003, 662.99904, 651.99978]","[638.4234240000001, 644.2468434, 662.1116159999999, 651.4680365999999]"
02165.jpg,0,0,0.9120256435019936,,Tiny,"[561.9993599999999, 475.99974, 597.99936, 485.99946]","[561.6499200000001, 475.9057368, 595.86816, 485.8731432]"
02166.jpg,0,0,0.9229274736587753,,Tiny,"[257.00064000000003, 361.00025999999997, 297.0, 373.00014]","[255.82656, 360.967374, 295.91616, 373.264146]"
02167.jpg,0,0,0.8691757495700025,,Tiny,"[1549.99968, 279.00018, 1591.9996800000001, 296.00046]","[1549.81392, 279.87849, 1590.86064, 296.99703]"
02168.jpg,0,0,0.8399941259370846,,Tiny,"[156.00096000000002, 622.9996199999999, 196.00032, 635.99958]","[152.992608, 622.2680819999999, 196.83523200000002, 636.387678]"
02169.jpg,0,0,0.9009721382888811,,Tiny,"[1422.00096, 636.9996600000001, 1474.00032, 651.9997800000001]","[1421.4652800000001, 637.252812, 1470.8534399999999, 652.2369480000001]"
02171.jpg,0,0,0.8669083989510064,,Tiny,"[657.0, 504.9999, 713.0006400000001, 518.9999399999999]","[655.41504, 503.811036, 713.1456, 518.562324]"
02172.jpg,0,0,0.8035772198589746,,Tiny,"[1188.0, 720.9999, 1235.9999999999998, 736.0000200000001]","[1186.44624, 722.0408580000001, 1233.45264, 735.129702]"
02173.jpg,0,0,0.9152058323200668,,Small,"[1306.9996800000001, 702.99954, 1364.9990400000002, 721.99998]","[1305.744768, 702.0487620000001, 1364.141952, 722.084598]"
02174.jpg,0,0,0.7669367718917356,,Tiny,"[960.0, 576.00018, 1010.9990399999999, 585.9998999999999]","[960.688416, 574.5834359999999, 1009.8191039999999, 587.241684]"
02175.jpg,0,0,0.9340777314998508,,Tiny,"[1472.9990400000002, 470.00034, 1520.99904, 487.00062]","[1472.6201280000002, 470.357442, 1519.584672, 486.84439800000007]"
02176.jpg,0,0,0.9014418264795605,,Small,"[1252.99968, 606.9994200000001, 1315.0003199999999, 626.99994]","[1252.0963199999999, 605.766708, 1314.52512, 626.554332]"
02177.jpg,0,0,0.8636167792272638,,Tiny,"[800.00064, 525.00042, 838.0012800000001, 536.00022]","[798.525984, 525.450969, 837.360096, 535.454631]"
02178.jpg,0,0,0.8427516798653647,,Tiny,"[334.99968, 466.00001999999995, 370.99967999999996, 482.00021999999996]","[331.74278400000003, 465.21718200000004, 370.792896, 482.534658]"
02179.jpg,0,0,0.8566043377380017,,Tiny,"[445.99968, 156.00006, 485.99904000000004, 165.99978000000002]","[445.774368, 156.633642, 485.268192, 166.69027799999998]"
02180.jpg,0,0,0.8136221304951089,,Tiny,"[1159.99968, 190.99962, 1194.99936, 206.99982000000003]","[1157.6397120000001, 191.665818, 1197.082848, 207.79810199999997]"
02181.jpg,0,0,0.8940481969739731,,Tiny,"[680.99904, 243.99954, 711.99936, 261.99989999999997]","[679.255488, 244.33131600000002, 711.2891520000001, 262.30532400000004]"
02182.jpg,0,0,0.8810494733309071,,Tiny,"[768.99936, 310.0005, 793.9996799999999, 323.00046]","[767.019936, 310.118274, 793.828704, 322.521966]"
02183.jpg,0,0,0.8300302848937013,,Tiny,"[1489.99968, 580.9995, 1524.99936, 594.99954]","[1489.7646720000002, 581.205456, 1522.235328, 596.307744]"
02184.jpg,0,0,0.6335211567803085,,Tiny,"[1407.99936, 456.9993, 1450.9996800000001, 474.99966]","[1407.8374079999999, 455.254344, 1458.799392, 479.228616]"
02185.jpg,0,0,0.7735636660956854,,Small,"[1320.0, 219.00024, 1367.9999999999998, 246.00024000000002]","[1315.118304, 216.872316, 1367.4058559999999, 248.21024400000002]"
02186.jpg,0,0,0.7979443374093191,,Tiny,"[1365.0, 458.99946000000006, 1404.00096, 476.99982]","[1361.649312, 458.11942200000004, 1400.489568, 477.104418]"
02187.jpg,0,0,0.7995604900721502,,Small,"[1067.9990400000002, 457.99992000000003, 1131.0, 480.9996]","[1066.22496, 459.450198, 1129.5984, 483.728922]"
02188.jpg,0,0,0.6146982576797152,,Tiny,"[1320.9993599999998, 408.99978000000004, 1355.99904, 428.00022]","[1313.388768, 407.48697, 1360.875552, 430.26903]"
02189.jpg,0,0,0.8641898955845014,,Small,"[784.99968, 213.00029999999998, 830.99904, 247.99986]","[781.756128, 212.411592, 830.129952, 249.56704800000003]"
02190.jpg,0,0,0.9171840843907993,,Small,"[775.99968, 34.00001999999999, 841.99968, 72.9999]","[774.55152, 34.69845599999999, 842.20752, 74.754792]"
02191.jpg,0,0,0.9410013180272315,,Small,"[744.0, 728.9999999999999, 801.99936, 758.00016]","[743.05104, 729.8166959999999, 802.5144, 758.2332240000001]"
02192.jpg,0,0,0.8260199272200379,,Tiny,"[216.99936000000002, 166.99985999999998, 263.99904, 186.0003]","[217.66704000000001, 165.64316399999998, 262.17552, 184.69371600000002]"
02193.jpg,0,0,0.9034823642982691,,Tiny,"[1192.99968, 247.99985999999998, 1226.00064, 264.00006]","[1191.591264, 248.726808, 1226.3722559999999, 263.923272]"
02194.jpg,0,0,0.7651666146889359,,Tiny,"[1240.00032, 447.00066, 1263.0, 457.00038]","[1237.0410239999999, 445.574736, 1262.918016, 456.888384]"
02195.jpg,0,0,0.9211736037531266,,Tiny,"[1173.0009599999998, 305.00064, 1214.0006400000002, 327.00023999999996]","[1171.980864, 304.447518, 1213.968576, 327.732642]"
02196.jpg,0,0,0.9205854142523757,,Small,"[1590.0009599999998, 460.00008, 1656.00096, 489.00024]","[1588.713696, 460.770984, 1655.437344, 489.84285600000004]"
02197.jpg,0,0,0.8978347400500353,,Small,"[193.00032, 824.00004, 272.00064, 851.00004]","[193.10620799999998, 822.96081, 271.522272, 852.83199]"
02198.jpg,0,0,0.9303634931741609,,Tiny,"[758.99904, 484.99938000000003, 792.0, 500.99958000000004]","[759.17712, 484.640442, 790.86576, 500.83579799999995]"
02199.jpg,0,0,0.8641333774337856,,Tiny,"[1053.0, 495.00018, 1083.0, 508.00014]","[1052.94192, 496.021644, 1082.11728, 508.443156]"
02200.jpg,0,0,0.8680354495062262,,Tiny,"[1190.9999999999998, 393.99966000000006, 1228.0003199999999, 406.99962]","[1189.3654080000001, 393.9381, 1227.1465919999998, 407.9727]"
