current_split,current_file,match_status,original_video,original_frame,original_path
train,00001.jpg,NO_EXACT_MATCH,,,
train,00002.jpg,NO_EXACT_MATCH,,,
train,00003.jpg,NO_EXACT_MATCH,,,
train,00004.jpg,NO_EXACT_MATCH,,,
train,00005.jpg,NO_EXACT_MATCH,,,
train,00006.jpg,NO_EXACT_MATCH,,,
train,00007.jpg,NO_EXACT_MATCH,,,
train,00008.jpg,NO_EXACT_MATCH,,,
train,00009.jpg,NO_EXACT_MATCH,,,
train,00010.jpg,NO_EXACT_MATCH,,,
train,00011.jpg,NO_EXACT_MATCH,,,
train,00012.jpg,NO_EXACT_MATCH,,,
train,00013.jpg,NO_EXACT_MATCH,,,
train,00014.jpg,NO_EXACT_MATCH,,,
train,00015.jpg,NO_EXACT_MATCH,,,
train,00016.jpg,NO_EXACT_MATCH,,,
train,00017.jpg,NO_EXACT_MATCH,,,
train,00018.jpg,NO_EXACT_MATCH,,,
train,00019.jpg,NO_EXACT_MATCH,,,
train,00020.jpg,NO_EXACT_MATCH,,,
train,00021.jpg,NO_EXACT_MATCH,,,
train,00022.jpg,NO_EXACT_MATCH,,,
train,00023.jpg,NO_EXACT_MATCH,,,
train,00024.jpg,NO_EXACT_MATCH,,,
train,00025.jpg,NO_EXACT_MATCH,,,
train,00026.jpg,NO_EXACT_MATCH,,,
train,00027.jpg,NO_EXACT_MATCH,,,
train,00028.jpg,NO_EXACT_MATCH,,,
train,00029.jpg,NO_EXACT_MATCH,,,
train,00030.jpg,NO_EXACT_MATCH,,,
train,00031.jpg,NO_EXACT_MATCH,,,
train,00032.jpg,NO_EXACT_MATCH,,,
train,00033.jpg,NO_EXACT_MATCH,,,
train,00034.jpg,NO_EXACT_MATCH,,,
train,00035.jpg,NO_EXACT_MATCH,,,
train,00036.jpg,NO_EXACT_MATCH,,,
train,00037.jpg,NO_EXACT_MATCH,,,
train,00038.jpg,NO_EXACT_MATCH,,,
train,00039.jpg,NO_EXACT_MATCH,,,
train,00040.jpg,NO_EXACT_MATCH,,,
train,00041.jpg,NO_EXACT_MATCH,,,
train,00042.jpg,NO_EXACT_MATCH,,,
train,00043.jpg,NO_EXACT_MATCH,,,
train,00044.jpg,NO_EXACT_MATCH,,,
train,00045.jpg,NO_EXACT_MATCH,,,
train,00046.jpg,NO_EXACT_MATCH,,,
train,00047.jpg,NO_EXACT_MATCH,,,
train,00048.jpg,NO_EXACT_MATCH,,,
train,00049.jpg,NO_EXACT_MATCH,,,
train,00050.jpg,NO_EXACT_MATCH,,,
train,00051.jpg,NO_EXACT_MATCH,,,
train,00052.jpg,NO_EXACT_MATCH,,,
train,00053.jpg,NO_EXACT_MATCH,,,
train,00054.jpg,NO_EXACT_MATCH,,,
train,00055.jpg,NO_EXACT_MATCH,,,
train,00056.jpg,NO_EXACT_MATCH,,,
train,00057.jpg,NO_EXACT_MATCH,,,
train,00058.jpg,NO_EXACT_MATCH,,,
train,00059.jpg,NO_EXACT_MATCH,,,
train,00060.jpg,NO_EXACT_MATCH,,,
train,00061.jpg,NO_EXACT_MATCH,,,
train,00062.jpg,NO_EXACT_MATCH,,,
train,00063.jpg,NO_EXACT_MATCH,,,
train,00064.jpg,NO_EXACT_MATCH,,,
train,00065.jpg,NO_EXACT_MATCH,,,
train,00066.jpg,NO_EXACT_MATCH,,,
train,00067.jpg,NO_EXACT_MATCH,,,
train,00068.jpg,NO_EXACT_MATCH,,,
train,00069.jpg,NO_EXACT_MATCH,,,
train,00070.jpg,NO_EXACT_MATCH,,,
train,00071.jpg,NO_EXACT_MATCH,,,
train,00072.jpg,NO_EXACT_MATCH,,,
train,00073.jpg,NO_EXACT_MATCH,,,
train,00074.jpg,NO_EXACT_MATCH,,,
train,00075.jpg,NO_EXACT_MATCH,,,
train,00076.jpg,NO_EXACT_MATCH,,,
train,00077.jpg,NO_EXACT_MATCH,,,
train,00078.jpg,NO_EXACT_MATCH,,,
train,00079.jpg,NO_EXACT_MATCH,,,
train,00080.jpg,NO_EXACT_MATCH,,,
train,00081.jpg,NO_EXACT_MATCH,,,
train,00082.jpg,NO_EXACT_MATCH,,,
train,00083.jpg,NO_EXACT_MATCH,,,
train,00084.jpg,NO_EXACT_MATCH,,,
train,00085.jpg,NO_EXACT_MATCH,,,
train,00086.jpg,NO_EXACT_MATCH,,,
train,00087.jpg,NO_EXACT_MATCH,,,
train,00088.jpg,NO_EXACT_MATCH,,,
train,00089.jpg,NO_EXACT_MATCH,,,
train,00090.jpg,NO_EXACT_MATCH,,,
train,00091.jpg,NO_EXACT_MATCH,,,
train,00092.jpg,NO_EXACT_MATCH,,,
train,00093.jpg,NO_EXACT_MATCH,,,
train,00094.jpg,NO_EXACT_MATCH,,,
train,00095.jpg,NO_EXACT_MATCH,,,
train,00096.jpg,NO_EXACT_MATCH,,,
train,00097.jpg,NO_EXACT_MATCH,,,
train,00098.jpg,NO_EXACT_MATCH,,,
train,00099.jpg,NO_EXACT_MATCH,,,
train,00100.jpg,NO_EXACT_MATCH,,,
train,00101.jpg,NO_EXACT_MATCH,,,
train,00102.jpg,NO_EXACT_MATCH,,,
train,00103.jpg,NO_EXACT_MATCH,,,
train,00104.jpg,NO_EXACT_MATCH,,,
train,00105.jpg,NO_EXACT_MATCH,,,
train,00106.jpg,NO_EXACT_MATCH,,,
train,00107.jpg,NO_EXACT_MATCH,,,
train,00108.jpg,NO_EXACT_MATCH,,,
train,00109.jpg,NO_EXACT_MATCH,,,
train,00110.jpg,NO_EXACT_MATCH,,,
train,00111.jpg,NO_EXACT_MATCH,,,
train,00112.jpg,NO_EXACT_MATCH,,,
train,00113.jpg,NO_EXACT_MATCH,,,
train,00114.jpg,NO_EXACT_MATCH,,,
train,00115.jpg,NO_EXACT_MATCH,,,
train,00116.jpg,NO_EXACT_MATCH,,,
train,00117.jpg,NO_EXACT_MATCH,,,
train,00118.jpg,NO_EXACT_MATCH,,,
train,00119.jpg,NO_EXACT_MATCH,,,
train,00120.jpg,NO_EXACT_MATCH,,,
train,00121.jpg,NO_EXACT_MATCH,,,
train,00122.jpg,NO_EXACT_MATCH,,,
train,00123.jpg,NO_EXACT_MATCH,,,
train,00124.jpg,NO_EXACT_MATCH,,,
train,00125.jpg,NO_EXACT_MATCH,,,
train,00126.jpg,NO_EXACT_MATCH,,,
train,00127.jpg,NO_EXACT_MATCH,,,
train,00128.jpg,NO_EXACT_MATCH,,,
train,00129.jpg,NO_EXACT_MATCH,,,
train,00130.jpg,NO_EXACT_MATCH,,,
train,00131.jpg,NO_EXACT_MATCH,,,
train,00132.jpg,NO_EXACT_MATCH,,,
train,00133.jpg,NO_EXACT_MATCH,,,
train,00134.jpg,NO_EXACT_MATCH,,,
train,00135.jpg,NO_EXACT_MATCH,,,
train,00136.jpg,NO_EXACT_MATCH,,,
train,00137.jpg,NO_EXACT_MATCH,,,
train,00138.jpg,NO_EXACT_MATCH,,,
train,00139.jpg,NO_EXACT_MATCH,,,
train,00140.jpg,NO_EXACT_MATCH,,,
train,00141.jpg,NO_EXACT_MATCH,,,
train,00142.jpg,NO_EXACT_MATCH,,,
train,00143.jpg,NO_EXACT_MATCH,,,
train,00144.jpg,NO_EXACT_MATCH,,,
train,00145.jpg,NO_EXACT_MATCH,,,
train,00146.jpg,NO_EXACT_MATCH,,,
train,00147.jpg,NO_EXACT_MATCH,,,
train,00148.jpg,NO_EXACT_MATCH,,,
train,00149.jpg,NO_EXACT_MATCH,,,
train,00150.jpg,NO_EXACT_MATCH,,,
train,00151.jpg,NO_EXACT_MATCH,,,
train,00152.jpg,NO_EXACT_MATCH,,,
train,00153.jpg,NO_EXACT_MATCH,,,
train,00154.jpg,NO_EXACT_MATCH,,,
train,00155.jpg,NO_EXACT_MATCH,,,
train,00156.jpg,NO_EXACT_MATCH,,,
train,00157.jpg,NO_EXACT_MATCH,,,
train,00158.jpg,NO_EXACT_MATCH,,,
train,00159.jpg,NO_EXACT_MATCH,,,
train,00160.jpg,NO_EXACT_MATCH,,,
train,00161.jpg,NO_EXACT_MATCH,,,
train,00162.jpg,NO_EXACT_MATCH,,,
train,00163.jpg,NO_EXACT_MATCH,,,
train,00164.jpg,NO_EXACT_MATCH,,,
train,00165.jpg,NO_EXACT_MATCH,,,
train,00166.jpg,NO_EXACT_MATCH,,,
train,00167.jpg,NO_EXACT_MATCH,,,
train,00168.jpg,NO_EXACT_MATCH,,,
train,00169.jpg,NO_EXACT_MATCH,,,
train,00170.jpg,NO_EXACT_MATCH,,,
train,00171.jpg,NO_EXACT_MATCH,,,
train,00172.jpg,NO_EXACT_MATCH,,,
train,00173.jpg,NO_EXACT_MATCH,,,
train,00174.jpg,NO_EXACT_MATCH,,,
train,00175.jpg,NO_EXACT_MATCH,,,
train,00176.jpg,NO_EXACT_MATCH,,,
train,00177.jpg,NO_EXACT_MATCH,,,
train,00178.jpg,NO_EXACT_MATCH,,,
train,00179.jpg,NO_EXACT_MATCH,,,
train,00180.jpg,NO_EXACT_MATCH,,,
train,00181.jpg,NO_EXACT_MATCH,,,
train,00182.jpg,NO_EXACT_MATCH,,,
train,00183.jpg,NO_EXACT_MATCH,,,
train,00184.jpg,NO_EXACT_MATCH,,,
train,00185.jpg,NO_EXACT_MATCH,,,
train,00186.jpg,NO_EXACT_MATCH,,,
train,00187.jpg,NO_EXACT_MATCH,,,
train,00188.jpg,NO_EXACT_MATCH,,,
train,00189.jpg,NO_EXACT_MATCH,,,
train,00190.jpg,NO_EXACT_MATCH,,,
train,00191.jpg,NO_EXACT_MATCH,,,
train,00192.jpg,NO_EXACT_MATCH,,,
train,00193.jpg,NO_EXACT_MATCH,,,
train,00194.jpg,NO_EXACT_MATCH,,,
train,00195.jpg,NO_EXACT_MATCH,,,
train,00196.jpg,NO_EXACT_MATCH,,,
train,00197.jpg,NO_EXACT_MATCH,,,
train,00198.jpg,NO_EXACT_MATCH,,,
train,00199.jpg,NO_EXACT_MATCH,,,
train,00200.jpg,NO_EXACT_MATCH,,,
train,00201.jpg,NO_EXACT_MATCH,,,
train,00202.jpg,NO_EXACT_MATCH,,,
train,00203.jpg,NO_EXACT_MATCH,,,
train,00204.jpg,NO_EXACT_MATCH,,,
train,00205.jpg,NO_EXACT_MATCH,,,
train,00206.jpg,NO_EXACT_MATCH,,,
train,00207.jpg,NO_EXACT_MATCH,,,
train,00208.jpg,NO_EXACT_MATCH,,,
train,00209.jpg,NO_EXACT_MATCH,,,
train,00210.jpg,NO_EXACT_MATCH,,,
train,00211.jpg,NO_EXACT_MATCH,,,
train,00212.jpg,NO_EXACT_MATCH,,,
train,00213.jpg,NO_EXACT_MATCH,,,
train,00214.jpg,NO_EXACT_MATCH,,,
train,00215.jpg,NO_EXACT_MATCH,,,
train,00216.jpg,NO_EXACT_MATCH,,,
train,00217.jpg,NO_EXACT_MATCH,,,
train,00218.jpg,NO_EXACT_MATCH,,,
train,00219.jpg,NO_EXACT_MATCH,,,
train,00220.jpg,NO_EXACT_MATCH,,,
train,00221.jpg,NO_EXACT_MATCH,,,
train,00222.jpg,NO_EXACT_MATCH,,,
train,00223.jpg,NO_EXACT_MATCH,,,
train,00224.jpg,NO_EXACT_MATCH,,,
train,00225.jpg,NO_EXACT_MATCH,,,
train,00226.jpg,NO_EXACT_MATCH,,,
train,00227.jpg,NO_EXACT_MATCH,,,
train,00228.jpg,NO_EXACT_MATCH,,,
train,00229.jpg,NO_EXACT_MATCH,,,
train,00230.jpg,NO_EXACT_MATCH,,,
train,00231.jpg,NO_EXACT_MATCH,,,
train,00232.jpg,NO_EXACT_MATCH,,,
train,00233.jpg,NO_EXACT_MATCH,,,
train,00234.jpg,NO_EXACT_MATCH,,,
train,00235.jpg,NO_EXACT_MATCH,,,
train,00236.jpg,NO_EXACT_MATCH,,,
train,00237.jpg,NO_EXACT_MATCH,,,
train,00238.jpg,NO_EXACT_MATCH,,,
train,00239.jpg,NO_EXACT_MATCH,,,
train,00240.jpg,NO_EXACT_MATCH,,,
train,00241.jpg,NO_EXACT_MATCH,,,
train,00242.jpg,NO_EXACT_MATCH,,,
train,00243.jpg,NO_EXACT_MATCH,,,
train,00244.jpg,NO_EXACT_MATCH,,,
train,00245.jpg,NO_EXACT_MATCH,,,
train,00246.jpg,NO_EXACT_MATCH,,,
train,00247.jpg,NO_EXACT_MATCH,,,
train,00248.jpg,NO_EXACT_MATCH,,,
train,00249.jpg,NO_EXACT_MATCH,,,
train,00250.jpg,NO_EXACT_MATCH,,,
train,00251.jpg,NO_EXACT_MATCH,,,
train,00252.jpg,NO_EXACT_MATCH,,,
train,00253.jpg,NO_EXACT_MATCH,,,
train,00254.jpg,NO_EXACT_MATCH,,,
train,00255.jpg,NO_EXACT_MATCH,,,
train,00256.jpg,NO_EXACT_MATCH,,,
train,00257.jpg,NO_EXACT_MATCH,,,
train,00258.jpg,NO_EXACT_MATCH,,,
train,00260.jpg,NO_EXACT_MATCH,,,
train,00261.jpg,NO_EXACT_MATCH,,,
train,00262.jpg,NO_EXACT_MATCH,,,
train,00263.jpg,NO_EXACT_MATCH,,,
train,00264.jpg,NO_EXACT_MATCH,,,
train,00265.jpg,NO_EXACT_MATCH,,,
train,00266.jpg,NO_EXACT_MATCH,,,
train,00267.jpg,NO_EXACT_MATCH,,,
train,00268.jpg,NO_EXACT_MATCH,,,
train,00269.jpg,NO_EXACT_MATCH,,,
train,00270.jpg,NO_EXACT_MATCH,,,
train,00271.jpg,NO_EXACT_MATCH,,,
train,00272.jpg,NO_EXACT_MATCH,,,
train,00273.jpg,NO_EXACT_MATCH,,,
train,00274.jpg,NO_EXACT_MATCH,,,
train,00275.jpg,NO_EXACT_MATCH,,,
train,00276.jpg,NO_EXACT_MATCH,,,
train,00277.jpg,NO_EXACT_MATCH,,,
train,00278.jpg,NO_EXACT_MATCH,,,
train,00279.jpg,NO_EXACT_MATCH,,,
train,00280.jpg,NO_EXACT_MATCH,,,
train,00281.jpg,NO_EXACT_MATCH,,,
train,00282.jpg,NO_EXACT_MATCH,,,
train,00283.jpg,NO_EXACT_MATCH,,,
train,00284.jpg,NO_EXACT_MATCH,,,
train,00285.jpg,NO_EXACT_MATCH,,,
train,00286.jpg,NO_EXACT_MATCH,,,
train,00287.jpg,NO_EXACT_MATCH,,,
train,00288.jpg,NO_EXACT_MATCH,,,
train,00289.jpg,NO_EXACT_MATCH,,,
train,00290.jpg,NO_EXACT_MATCH,,,
train,00291.jpg,NO_EXACT_MATCH,,,
train,00292.jpg,NO_EXACT_MATCH,,,
train,00293.jpg,NO_EXACT_MATCH,,,
train,00294.jpg,NO_EXACT_MATCH,,,
train,00295.jpg,NO_EXACT_MATCH,,,
train,00296.jpg,NO_EXACT_MATCH,,,
train,00297.jpg,NO_EXACT_MATCH,,,
train,00298.jpg,NO_EXACT_MATCH,,,
train,00299.jpg,NO_EXACT_MATCH,,,
train,00300.jpg,NO_EXACT_MATCH,,,
train,00301.jpg,NO_EXACT_MATCH,,,
train,00302.jpg,NO_EXACT_MATCH,,,
train,00303.jpg,NO_EXACT_MATCH,,,
train,00304.jpg,NO_EXACT_MATCH,,,
train,00305.jpg,NO_EXACT_MATCH,,,
train,00306.jpg,NO_EXACT_MATCH,,,
train,00307.jpg,NO_EXACT_MATCH,,,
train,00308.jpg,NO_EXACT_MATCH,,,
train,00309.jpg,NO_EXACT_MATCH,,,
train,00310.jpg,NO_EXACT_MATCH,,,
train,00311.jpg,NO_EXACT_MATCH,,,
train,00312.jpg,NO_EXACT_MATCH,,,
train,00313.jpg,NO_EXACT_MATCH,,,
train,00314.jpg,NO_EXACT_MATCH,,,
train,00315.jpg,NO_EXACT_MATCH,,,
train,00316.jpg,NO_EXACT_MATCH,,,
train,00317.jpg,NO_EXACT_MATCH,,,
train,00318.jpg,NO_EXACT_MATCH,,,
train,00319.jpg,NO_EXACT_MATCH,,,
train,00320.jpg,NO_EXACT_MATCH,,,
train,00321.jpg,NO_EXACT_MATCH,,,
train,00322.jpg,NO_EXACT_MATCH,,,
train,00323.jpg,NO_EXACT_MATCH,,,
train,00324.jpg,NO_EXACT_MATCH,,,
train,00325.jpg,NO_EXACT_MATCH,,,
train,00326.jpg,NO_EXACT_MATCH,,,
train,00327.jpg,NO_EXACT_MATCH,,,
train,00328.jpg,NO_EXACT_MATCH,,,
train,00329.jpg,NO_EXACT_MATCH,,,
train,00330.jpg,NO_EXACT_MATCH,,,
train,00331.jpg,NO_EXACT_MATCH,,,
train,00332.jpg,NO_EXACT_MATCH,,,
train,00333.jpg,NO_EXACT_MATCH,,,
train,00334.jpg,NO_EXACT_MATCH,,,
train,00335.jpg,NO_EXACT_MATCH,,,
train,00336.jpg,NO_EXACT_MATCH,,,
train,00337.jpg,NO_EXACT_MATCH,,,
train,00338.jpg,NO_EXACT_MATCH,,,
train,00339.jpg,NO_EXACT_MATCH,,,
train,00340.jpg,NO_EXACT_MATCH,,,
train,00341.jpg,NO_EXACT_MATCH,,,
train,00342.jpg,NO_EXACT_MATCH,,,
train,00343.jpg,NO_EXACT_MATCH,,,
train,00344.jpg,NO_EXACT_MATCH,,,
train,00345.jpg,NO_EXACT_MATCH,,,
train,00346.jpg,NO_EXACT_MATCH,,,
train,00347.jpg,NO_EXACT_MATCH,,,
train,00348.jpg,NO_EXACT_MATCH,,,
train,00349.jpg,NO_EXACT_MATCH,,,
train,00350.jpg,NO_EXACT_MATCH,,,
train,00351.jpg,NO_EXACT_MATCH,,,
train,00352.jpg,NO_EXACT_MATCH,,,
train,00353.jpg,NO_EXACT_MATCH,,,
train,00354.jpg,NO_EXACT_MATCH,,,
train,00355.jpg,NO_EXACT_MATCH,,,
train,00356.jpg,NO_EXACT_MATCH,,,
train,00357.jpg,NO_EXACT_MATCH,,,
train,00358.jpg,NO_EXACT_MATCH,,,
train,00359.jpg,NO_EXACT_MATCH,,,
train,00360.jpg,NO_EXACT_MATCH,,,
train,00361.jpg,NO_EXACT_MATCH,,,
train,00362.jpg,NO_EXACT_MATCH,,,
train,00363.jpg,NO_EXACT_MATCH,,,
train,00364.jpg,NO_EXACT_MATCH,,,
train,00365.jpg,NO_EXACT_MATCH,,,
train,00366.jpg,NO_EXACT_MATCH,,,
train,00367.jpg,NO_EXACT_MATCH,,,
train,00368.jpg,NO_EXACT_MATCH,,,
train,00369.jpg,NO_EXACT_MATCH,,,
train,00370.jpg,NO_EXACT_MATCH,,,
train,00371.jpg,NO_EXACT_MATCH,,,
train,00372.jpg,NO_EXACT_MATCH,,,
train,00373.jpg,NO_EXACT_MATCH,,,
train,00374.jpg,NO_EXACT_MATCH,,,
train,00375.jpg,NO_EXACT_MATCH,,,
train,00376.jpg,NO_EXACT_MATCH,,,
train,00377.jpg,NO_EXACT_MATCH,,,
train,00378.jpg,NO_EXACT_MATCH,,,
train,00379.jpg,NO_EXACT_MATCH,,,
train,00380.jpg,NO_EXACT_MATCH,,,
train,00381.jpg,NO_EXACT_MATCH,,,
train,00382.jpg,NO_EXACT_MATCH,,,
train,00383.jpg,NO_EXACT_MATCH,,,
train,00384.jpg,NO_EXACT_MATCH,,,
train,00385.jpg,NO_EXACT_MATCH,,,
train,00386.jpg,NO_EXACT_MATCH,,,
train,00387.jpg,NO_EXACT_MATCH,,,
train,00388.jpg,NO_EXACT_MATCH,,,
train,00389.jpg,NO_EXACT_MATCH,,,
train,00390.jpg,NO_EXACT_MATCH,,,
train,00391.jpg,NO_EXACT_MATCH,,,
train,00392.jpg,NO_EXACT_MATCH,,,
train,00393.jpg,NO_EXACT_MATCH,,,
train,00394.jpg,NO_EXACT_MATCH,,,
train,00395.jpg,NO_EXACT_MATCH,,,
train,00396.jpg,NO_EXACT_MATCH,,,
train,00397.jpg,NO_EXACT_MATCH,,,
train,00398.jpg,NO_EXACT_MATCH,,,
train,00399.jpg,NO_EXACT_MATCH,,,
train,00400.jpg,NO_EXACT_MATCH,,,
train,00401.jpg,NO_EXACT_MATCH,,,
train,00402.jpg,NO_EXACT_MATCH,,,
train,00403.jpg,NO_EXACT_MATCH,,,
train,00404.jpg,NO_EXACT_MATCH,,,
train,00405.jpg,NO_EXACT_MATCH,,,
train,00406.jpg,NO_EXACT_MATCH,,,
train,00407.jpg,NO_EXACT_MATCH,,,
train,00408.jpg,NO_EXACT_MATCH,,,
train,00409.jpg,NO_EXACT_MATCH,,,
train,00410.jpg,NO_EXACT_MATCH,,,
train,00411.jpg,NO_EXACT_MATCH,,,
train,00412.jpg,NO_EXACT_MATCH,,,
train,00413.jpg,NO_EXACT_MATCH,,,
train,00414.jpg,NO_EXACT_MATCH,,,
train,00415.jpg,NO_EXACT_MATCH,,,
train,00416.jpg,NO_EXACT_MATCH,,,
train,00417.jpg,NO_EXACT_MATCH,,,
train,00418.jpg,NO_EXACT_MATCH,,,
train,00419.jpg,NO_EXACT_MATCH,,,
train,00420.jpg,NO_EXACT_MATCH,,,
train,00421.jpg,NO_EXACT_MATCH,,,
train,00422.jpg,NO_EXACT_MATCH,,,
train,00423.jpg,NO_EXACT_MATCH,,,
train,00424.jpg,NO_EXACT_MATCH,,,
train,00425.jpg,NO_EXACT_MATCH,,,
train,00426.jpg,NO_EXACT_MATCH,,,
train,00427.jpg,NO_EXACT_MATCH,,,
train,00428.jpg,NO_EXACT_MATCH,,,
train,00429.jpg,NO_EXACT_MATCH,,,
train,00430.jpg,NO_EXACT_MATCH,,,
train,00431.jpg,NO_EXACT_MATCH,,,
train,00432.jpg,NO_EXACT_MATCH,,,
train,00433.jpg,NO_EXACT_MATCH,,,
train,00434.jpg,NO_EXACT_MATCH,,,
train,00435.jpg,NO_EXACT_MATCH,,,
train,00436.jpg,NO_EXACT_MATCH,,,
train,00437.jpg,NO_EXACT_MATCH,,,
train,00438.jpg,NO_EXACT_MATCH,,,
train,00439.jpg,NO_EXACT_MATCH,,,
train,00440.jpg,NO_EXACT_MATCH,,,
train,00441.jpg,NO_EXACT_MATCH,,,
train,00442.jpg,NO_EXACT_MATCH,,,
train,00443.jpg,NO_EXACT_MATCH,,,
train,00444.jpg,NO_EXACT_MATCH,,,
train,00445.jpg,NO_EXACT_MATCH,,,
train,00446.jpg,NO_EXACT_MATCH,,,
train,00447.jpg,NO_EXACT_MATCH,,,
train,00448.jpg,NO_EXACT_MATCH,,,
train,00449.jpg,NO_EXACT_MATCH,,,
train,00450.jpg,NO_EXACT_MATCH,,,
train,00451.jpg,NO_EXACT_MATCH,,,
train,00452.jpg,NO_EXACT_MATCH,,,
train,00453.jpg,NO_EXACT_MATCH,,,
train,00454.jpg,NO_EXACT_MATCH,,,
train,00455.jpg,NO_EXACT_MATCH,,,
train,00456.jpg,NO_EXACT_MATCH,,,
train,00457.jpg,NO_EXACT_MATCH,,,
train,00458.jpg,NO_EXACT_MATCH,,,
train,00459.jpg,NO_EXACT_MATCH,,,
train,00460.jpg,NO_EXACT_MATCH,,,
train,00461.jpg,NO_EXACT_MATCH,,,
train,00462.jpg,NO_EXACT_MATCH,,,
train,00463.jpg,NO_EXACT_MATCH,,,
train,00464.jpg,NO_EXACT_MATCH,,,
train,00465.jpg,NO_EXACT_MATCH,,,
train,00466.jpg,NO_EXACT_MATCH,,,
train,00467.jpg,NO_EXACT_MATCH,,,
train,00468.jpg,NO_EXACT_MATCH,,,
train,00469.jpg,NO_EXACT_MATCH,,,
train,00470.jpg,NO_EXACT_MATCH,,,
train,00471.jpg,NO_EXACT_MATCH,,,
train,00472.jpg,NO_EXACT_MATCH,,,
train,00473.jpg,NO_EXACT_MATCH,,,
train,00474.jpg,NO_EXACT_MATCH,,,
train,00475.jpg,NO_EXACT_MATCH,,,
train,00476.jpg,NO_EXACT_MATCH,,,
train,00477.jpg,NO_EXACT_MATCH,,,
train,00478.jpg,NO_EXACT_MATCH,,,
train,00479.jpg,NO_EXACT_MATCH,,,
train,00480.jpg,NO_EXACT_MATCH,,,
train,00481.jpg,NO_EXACT_MATCH,,,
train,00482.jpg,NO_EXACT_MATCH,,,
train,00483.jpg,NO_EXACT_MATCH,,,
train,00484.jpg,NO_EXACT_MATCH,,,
train,00485.jpg,NO_EXACT_MATCH,,,
train,00486.jpg,NO_EXACT_MATCH,,,
train,00487.jpg,NO_EXACT_MATCH,,,
train,00488.jpg,NO_EXACT_MATCH,,,
train,00489.jpg,NO_EXACT_MATCH,,,
train,00490.jpg,NO_EXACT_MATCH,,,
train,00491.jpg,NO_EXACT_MATCH,,,
train,00492.jpg,NO_EXACT_MATCH,,,
train,00493.jpg,NO_EXACT_MATCH,,,
train,00494.jpg,NO_EXACT_MATCH,,,
train,00495.jpg,NO_EXACT_MATCH,,,
train,00496.jpg,NO_EXACT_MATCH,,,
train,00497.jpg,NO_EXACT_MATCH,,,
train,00498.jpg,NO_EXACT_MATCH,,,
train,00499.jpg,NO_EXACT_MATCH,,,
train,00500.jpg,NO_EXACT_MATCH,,,
train,00501.jpg,NO_EXACT_MATCH,,,
train,00502.jpg,NO_EXACT_MATCH,,,
train,00503.jpg,NO_EXACT_MATCH,,,
train,00504.jpg,NO_EXACT_MATCH,,,
train,00505.jpg,NO_EXACT_MATCH,,,
train,00506.jpg,NO_EXACT_MATCH,,,
train,00507.jpg,NO_EXACT_MATCH,,,
train,00508.jpg,NO_EXACT_MATCH,,,
train,00509.jpg,NO_EXACT_MATCH,,,
train,00510.jpg,NO_EXACT_MATCH,,,
train,00511.jpg,NO_EXACT_MATCH,,,
train,00512.jpg,NO_EXACT_MATCH,,,
train,00513.jpg,NO_EXACT_MATCH,,,
train,00514.jpg,NO_EXACT_MATCH,,,
train,00515.jpg,NO_EXACT_MATCH,,,
train,00516.jpg,NO_EXACT_MATCH,,,
train,00517.jpg,NO_EXACT_MATCH,,,
train,00518.jpg,NO_EXACT_MATCH,,,
train,00519.jpg,NO_EXACT_MATCH,,,
train,00520.jpg,NO_EXACT_MATCH,,,
train,00521.jpg,NO_EXACT_MATCH,,,
train,00522.jpg,NO_EXACT_MATCH,,,
train,00523.jpg,NO_EXACT_MATCH,,,
train,00524.jpg,NO_EXACT_MATCH,,,
train,00525.jpg,NO_EXACT_MATCH,,,
train,00526.jpg,NO_EXACT_MATCH,,,
train,00527.jpg,NO_EXACT_MATCH,,,
train,00528.jpg,NO_EXACT_MATCH,,,
train,00529.jpg,NO_EXACT_MATCH,,,
train,00530.jpg,NO_EXACT_MATCH,,,
train,00531.jpg,NO_EXACT_MATCH,,,
train,00532.jpg,NO_EXACT_MATCH,,,
train,00533.jpg,NO_EXACT_MATCH,,,
train,00534.jpg,NO_EXACT_MATCH,,,
train,00535.jpg,NO_EXACT_MATCH,,,
train,00536.jpg,NO_EXACT_MATCH,,,
train,00537.jpg,NO_EXACT_MATCH,,,
train,00538.jpg,NO_EXACT_MATCH,,,
train,00539.jpg,NO_EXACT_MATCH,,,
train,00540.jpg,NO_EXACT_MATCH,,,
train,00541.jpg,NO_EXACT_MATCH,,,
train,00542.jpg,NO_EXACT_MATCH,,,
train,00543.jpg,NO_EXACT_MATCH,,,
train,00544.jpg,NO_EXACT_MATCH,,,
train,00545.jpg,NO_EXACT_MATCH,,,
train,00546.jpg,NO_EXACT_MATCH,,,
train,00547.jpg,NO_EXACT_MATCH,,,
train,00548.jpg,NO_EXACT_MATCH,,,
train,00549.jpg,NO_EXACT_MATCH,,,
train,00550.jpg,NO_EXACT_MATCH,,,
train,00551.jpg,NO_EXACT_MATCH,,,
train,00552.jpg,NO_EXACT_MATCH,,,
train,00553.jpg,NO_EXACT_MATCH,,,
train,00554.jpg,NO_EXACT_MATCH,,,
train,00555.jpg,NO_EXACT_MATCH,,,
train,00556.jpg,NO_EXACT_MATCH,,,
train,00557.jpg,NO_EXACT_MATCH,,,
train,00558.jpg,NO_EXACT_MATCH,,,
train,00559.jpg,NO_EXACT_MATCH,,,
train,00560.jpg,NO_EXACT_MATCH,,,
train,00561.jpg,NO_EXACT_MATCH,,,
train,00562.jpg,NO_EXACT_MATCH,,,
train,00563.jpg,NO_EXACT_MATCH,,,
train,00564.jpg,NO_EXACT_MATCH,,,
train,00565.jpg,NO_EXACT_MATCH,,,
train,00566.jpg,NO_EXACT_MATCH,,,
train,00567.jpg,NO_EXACT_MATCH,,,
train,00568.jpg,NO_EXACT_MATCH,,,
train,00569.jpg,NO_EXACT_MATCH,,,
train,00570.jpg,NO_EXACT_MATCH,,,
train,00571.jpg,NO_EXACT_MATCH,,,
train,00572.jpg,NO_EXACT_MATCH,,,
train,00573.jpg,NO_EXACT_MATCH,,,
train,00574.jpg,NO_EXACT_MATCH,,,
train,00575.jpg,NO_EXACT_MATCH,,,
train,00576.jpg,NO_EXACT_MATCH,,,
train,00577.jpg,NO_EXACT_MATCH,,,
train,00578.jpg,NO_EXACT_MATCH,,,
train,00579.jpg,NO_EXACT_MATCH,,,
train,00580.jpg,NO_EXACT_MATCH,,,
train,00581.jpg,NO_EXACT_MATCH,,,
train,00582.jpg,NO_EXACT_MATCH,,,
train,00583.jpg,NO_EXACT_MATCH,,,
train,00584.jpg,NO_EXACT_MATCH,,,
train,00585.jpg,NO_EXACT_MATCH,,,
train,00586.jpg,NO_EXACT_MATCH,,,
train,00587.jpg,NO_EXACT_MATCH,,,
train,00588.jpg,NO_EXACT_MATCH,,,
train,00589.jpg,NO_EXACT_MATCH,,,
train,00590.jpg,NO_EXACT_MATCH,,,
train,00591.jpg,NO_EXACT_MATCH,,,
train,00592.jpg,NO_EXACT_MATCH,,,
train,00593.jpg,NO_EXACT_MATCH,,,
train,00594.jpg,NO_EXACT_MATCH,,,
train,00595.jpg,NO_EXACT_MATCH,,,
train,00596.jpg,NO_EXACT_MATCH,,,
train,00597.jpg,NO_EXACT_MATCH,,,
train,00598.jpg,NO_EXACT_MATCH,,,
train,00599.jpg,NO_EXACT_MATCH,,,
train,00600.jpg,NO_EXACT_MATCH,,,
train,00601.jpg,NO_EXACT_MATCH,,,
train,00602.jpg,NO_EXACT_MATCH,,,
train,00603.jpg,NO_EXACT_MATCH,,,
train,00604.jpg,NO_EXACT_MATCH,,,
train,00605.jpg,NO_EXACT_MATCH,,,
train,00606.jpg,NO_EXACT_MATCH,,,
train,00607.jpg,NO_EXACT_MATCH,,,
train,00608.jpg,NO_EXACT_MATCH,,,
train,00609.jpg,NO_EXACT_MATCH,,,
train,00610.jpg,NO_EXACT_MATCH,,,
train,00611.jpg,NO_EXACT_MATCH,,,
train,00612.jpg,NO_EXACT_MATCH,,,
train,00613.jpg,NO_EXACT_MATCH,,,
train,00614.jpg,NO_EXACT_MATCH,,,
train,00615.jpg,NO_EXACT_MATCH,,,
train,00616.jpg,NO_EXACT_MATCH,,,
train,00617.jpg,NO_EXACT_MATCH,,,
train,00618.jpg,NO_EXACT_MATCH,,,
train,00619.jpg,NO_EXACT_MATCH,,,
train,00620.jpg,NO_EXACT_MATCH,,,
train,00621.jpg,NO_EXACT_MATCH,,,
train,00622.jpg,NO_EXACT_MATCH,,,
train,00623.jpg,NO_EXACT_MATCH,,,
train,00624.jpg,NO_EXACT_MATCH,,,
train,00625.jpg,NO_EXACT_MATCH,,,
train,00626.jpg,NO_EXACT_MATCH,,,
train,00627.jpg,NO_EXACT_MATCH,,,
train,00628.jpg,NO_EXACT_MATCH,,,
train,00629.jpg,NO_EXACT_MATCH,,,
train,00630.jpg,NO_EXACT_MATCH,,,
train,00631.jpg,NO_EXACT_MATCH,,,
train,00632.jpg,NO_EXACT_MATCH,,,
train,00633.jpg,NO_EXACT_MATCH,,,
train,00634.jpg,NO_EXACT_MATCH,,,
train,00635.jpg,NO_EXACT_MATCH,,,
train,00636.jpg,NO_EXACT_MATCH,,,
train,00637.jpg,NO_EXACT_MATCH,,,
train,00638.jpg,NO_EXACT_MATCH,,,
train,00639.jpg,NO_EXACT_MATCH,,,
train,00640.jpg,NO_EXACT_MATCH,,,
train,00641.jpg,NO_EXACT_MATCH,,,
train,00642.jpg,NO_EXACT_MATCH,,,
train,00643.jpg,NO_EXACT_MATCH,,,
train,00644.jpg,NO_EXACT_MATCH,,,
train,00645.jpg,NO_EXACT_MATCH,,,
train,00646.jpg,NO_EXACT_MATCH,,,
train,00647.jpg,NO_EXACT_MATCH,,,
train,00648.jpg,NO_EXACT_MATCH,,,
train,00649.jpg,NO_EXACT_MATCH,,,
train,00650.jpg,NO_EXACT_MATCH,,,
train,00651.jpg,NO_EXACT_MATCH,,,
train,00652.jpg,NO_EXACT_MATCH,,,
train,00653.jpg,NO_EXACT_MATCH,,,
train,00654.jpg,NO_EXACT_MATCH,,,
train,00655.jpg,NO_EXACT_MATCH,,,
train,00656.jpg,NO_EXACT_MATCH,,,
train,00657.jpg,NO_EXACT_MATCH,,,
train,00658.jpg,NO_EXACT_MATCH,,,
train,00659.jpg,NO_EXACT_MATCH,,,
train,00660.jpg,NO_EXACT_MATCH,,,
train,00661.jpg,NO_EXACT_MATCH,,,
train,00662.jpg,NO_EXACT_MATCH,,,
train,00663.jpg,NO_EXACT_MATCH,,,
train,00664.jpg,NO_EXACT_MATCH,,,
train,00665.jpg,NO_EXACT_MATCH,,,
train,00666.jpg,NO_EXACT_MATCH,,,
train,00667.jpg,NO_EXACT_MATCH,,,
train,00668.jpg,NO_EXACT_MATCH,,,
train,00669.jpg,NO_EXACT_MATCH,,,
train,00670.jpg,NO_EXACT_MATCH,,,
train,00671.jpg,NO_EXACT_MATCH,,,
train,00672.jpg,NO_EXACT_MATCH,,,
train,00673.jpg,NO_EXACT_MATCH,,,
train,00674.jpg,NO_EXACT_MATCH,,,
train,00675.jpg,NO_EXACT_MATCH,,,
train,00676.jpg,NO_EXACT_MATCH,,,
train,00677.jpg,NO_EXACT_MATCH,,,
train,00678.jpg,NO_EXACT_MATCH,,,
train,00679.jpg,NO_EXACT_MATCH,,,
train,00680.jpg,NO_EXACT_MATCH,,,
train,00681.jpg,NO_EXACT_MATCH,,,
train,00682.jpg,NO_EXACT_MATCH,,,
train,00683.jpg,NO_EXACT_MATCH,,,
train,00684.jpg,NO_EXACT_MATCH,,,
train,00685.jpg,NO_EXACT_MATCH,,,
train,00686.jpg,NO_EXACT_MATCH,,,
train,00687.jpg,NO_EXACT_MATCH,,,
train,00688.jpg,NO_EXACT_MATCH,,,
train,00689.jpg,NO_EXACT_MATCH,,,
train,00690.jpg,NO_EXACT_MATCH,,,
train,00691.jpg,NO_EXACT_MATCH,,,
train,00692.jpg,NO_EXACT_MATCH,,,
train,00693.jpg,NO_EXACT_MATCH,,,
train,00694.jpg,NO_EXACT_MATCH,,,
train,00695.jpg,NO_EXACT_MATCH,,,
train,00696.jpg,NO_EXACT_MATCH,,,
train,00697.jpg,NO_EXACT_MATCH,,,
train,00698.jpg,NO_EXACT_MATCH,,,
train,00699.jpg,NO_EXACT_MATCH,,,
train,00700.jpg,NO_EXACT_MATCH,,,
train,00701.jpg,NO_EXACT_MATCH,,,
train,00702.jpg,NO_EXACT_MATCH,,,
train,00703.jpg,NO_EXACT_MATCH,,,
train,00704.jpg,NO_EXACT_MATCH,,,
train,00705.jpg,NO_EXACT_MATCH,,,
train,00706.jpg,NO_EXACT_MATCH,,,
train,00707.jpg,NO_EXACT_MATCH,,,
train,00708.jpg,NO_EXACT_MATCH,,,
train,00709.jpg,NO_EXACT_MATCH,,,
train,00710.jpg,NO_EXACT_MATCH,,,
train,00711.jpg,NO_EXACT_MATCH,,,
train,00712.jpg,NO_EXACT_MATCH,,,
train,00713.jpg,NO_EXACT_MATCH,,,
train,00714.jpg,NO_EXACT_MATCH,,,
train,00715.jpg,NO_EXACT_MATCH,,,
train,00716.jpg,NO_EXACT_MATCH,,,
train,00717.jpg,NO_EXACT_MATCH,,,
train,00718.jpg,NO_EXACT_MATCH,,,
train,00719.jpg,NO_EXACT_MATCH,,,
train,00720.jpg,NO_EXACT_MATCH,,,
train,00721.jpg,NO_EXACT_MATCH,,,
train,00722.jpg,NO_EXACT_MATCH,,,
train,00723.jpg,NO_EXACT_MATCH,,,
train,00724.jpg,NO_EXACT_MATCH,,,
train,00725.jpg,NO_EXACT_MATCH,,,
train,00726.jpg,NO_EXACT_MATCH,,,
train,00727.jpg,NO_EXACT_MATCH,,,
train,00728.jpg,NO_EXACT_MATCH,,,
train,00729.jpg,NO_EXACT_MATCH,,,
train,00730.jpg,NO_EXACT_MATCH,,,
train,00731.jpg,NO_EXACT_MATCH,,,
train,00732.jpg,NO_EXACT_MATCH,,,
train,00733.jpg,NO_EXACT_MATCH,,,
train,00734.jpg,NO_EXACT_MATCH,,,
train,00735.jpg,NO_EXACT_MATCH,,,
train,00736.jpg,NO_EXACT_MATCH,,,
train,00737.jpg,NO_EXACT_MATCH,,,
train,00738.jpg,NO_EXACT_MATCH,,,
train,00739.jpg,NO_EXACT_MATCH,,,
train,00740.jpg,NO_EXACT_MATCH,,,
train,00741.jpg,NO_EXACT_MATCH,,,
train,00742.jpg,NO_EXACT_MATCH,,,
train,00743.jpg,NO_EXACT_MATCH,,,
train,00744.jpg,NO_EXACT_MATCH,,,
train,00745.jpg,NO_EXACT_MATCH,,,
train,00746.jpg,NO_EXACT_MATCH,,,
train,00747.jpg,NO_EXACT_MATCH,,,
train,00748.jpg,NO_EXACT_MATCH,,,
train,00749.jpg,NO_EXACT_MATCH,,,
train,00750.jpg,NO_EXACT_MATCH,,,
train,00751.jpg,NO_EXACT_MATCH,,,
train,00752.jpg,NO_EXACT_MATCH,,,
train,00753.jpg,NO_EXACT_MATCH,,,
train,00754.jpg,NO_EXACT_MATCH,,,
train,00755.jpg,NO_EXACT_MATCH,,,
train,00756.jpg,NO_EXACT_MATCH,,,
train,00757.jpg,NO_EXACT_MATCH,,,
train,00758.jpg,NO_EXACT_MATCH,,,
train,00759.jpg,NO_EXACT_MATCH,,,
train,00760.jpg,NO_EXACT_MATCH,,,
train,00761.jpg,NO_EXACT_MATCH,,,
train,00762.jpg,NO_EXACT_MATCH,,,
train,00763.jpg,NO_EXACT_MATCH,,,
train,00764.jpg,NO_EXACT_MATCH,,,
train,00765.jpg,NO_EXACT_MATCH,,,
train,00766.jpg,NO_EXACT_MATCH,,,
train,00767.jpg,NO_EXACT_MATCH,,,
train,00768.jpg,NO_EXACT_MATCH,,,
train,00769.jpg,NO_EXACT_MATCH,,,
train,00770.jpg,NO_EXACT_MATCH,,,
train,00771.jpg,NO_EXACT_MATCH,,,
train,00772.jpg,NO_EXACT_MATCH,,,
train,00773.jpg,NO_EXACT_MATCH,,,
train,00774.jpg,NO_EXACT_MATCH,,,
train,00775.jpg,NO_EXACT_MATCH,,,
train,00776.jpg,NO_EXACT_MATCH,,,
train,00777.jpg,NO_EXACT_MATCH,,,
train,00778.jpg,NO_EXACT_MATCH,,,
train,00779.jpg,NO_EXACT_MATCH,,,
train,00780.jpg,NO_EXACT_MATCH,,,
train,00781.jpg,NO_EXACT_MATCH,,,
train,00782.jpg,NO_EXACT_MATCH,,,
train,00783.jpg,NO_EXACT_MATCH,,,
train,00784.jpg,NO_EXACT_MATCH,,,
train,00785.jpg,NO_EXACT_MATCH,,,
train,00786.jpg,NO_EXACT_MATCH,,,
train,00787.jpg,NO_EXACT_MATCH,,,
train,00788.jpg,NO_EXACT_MATCH,,,
train,00789.jpg,NO_EXACT_MATCH,,,
train,00790.jpg,NO_EXACT_MATCH,,,
train,00791.jpg,NO_EXACT_MATCH,,,
train,00792.jpg,NO_EXACT_MATCH,,,
train,00793.jpg,NO_EXACT_MATCH,,,
train,00794.jpg,NO_EXACT_MATCH,,,
train,00795.jpg,NO_EXACT_MATCH,,,
train,00796.jpg,NO_EXACT_MATCH,,,
train,00797.jpg,NO_EXACT_MATCH,,,
train,00798.jpg,NO_EXACT_MATCH,,,
train,00799.jpg,NO_EXACT_MATCH,,,
train,00800.jpg,NO_EXACT_MATCH,,,
train,00801.jpg,NO_EXACT_MATCH,,,
train,00802.jpg,NO_EXACT_MATCH,,,
train,00803.jpg,NO_EXACT_MATCH,,,
train,00804.jpg,NO_EXACT_MATCH,,,
train,00805.jpg,NO_EXACT_MATCH,,,
train,00806.jpg,NO_EXACT_MATCH,,,
train,00807.jpg,NO_EXACT_MATCH,,,
train,00808.jpg,NO_EXACT_MATCH,,,
train,00809.jpg,NO_EXACT_MATCH,,,
train,00810.jpg,NO_EXACT_MATCH,,,
train,00811.jpg,NO_EXACT_MATCH,,,
train,00812.jpg,NO_EXACT_MATCH,,,
train,00813.jpg,NO_EXACT_MATCH,,,
train,00814.jpg,NO_EXACT_MATCH,,,
train,00815.jpg,NO_EXACT_MATCH,,,
train,00816.jpg,NO_EXACT_MATCH,,,
train,00817.jpg,NO_EXACT_MATCH,,,
train,00818.jpg,NO_EXACT_MATCH,,,
train,00819.jpg,NO_EXACT_MATCH,,,
train,00820.jpg,NO_EXACT_MATCH,,,
train,00821.jpg,NO_EXACT_MATCH,,,
train,00822.jpg,NO_EXACT_MATCH,,,
train,00823.jpg,NO_EXACT_MATCH,,,
train,00824.jpg,NO_EXACT_MATCH,,,
train,00825.jpg,NO_EXACT_MATCH,,,
train,00826.jpg,NO_EXACT_MATCH,,,
train,00827.jpg,NO_EXACT_MATCH,,,
train,00828.jpg,NO_EXACT_MATCH,,,
train,00829.jpg,NO_EXACT_MATCH,,,
train,00830.jpg,NO_EXACT_MATCH,,,
train,00831.jpg,NO_EXACT_MATCH,,,
train,00832.jpg,NO_EXACT_MATCH,,,
train,00833.jpg,NO_EXACT_MATCH,,,
train,00834.jpg,NO_EXACT_MATCH,,,
train,00835.jpg,NO_EXACT_MATCH,,,
train,00836.jpg,NO_EXACT_MATCH,,,
train,00837.jpg,NO_EXACT_MATCH,,,
train,00838.jpg,NO_EXACT_MATCH,,,
train,00839.jpg,NO_EXACT_MATCH,,,
train,00840.jpg,NO_EXACT_MATCH,,,
train,00841.jpg,NO_EXACT_MATCH,,,
train,00842.jpg,NO_EXACT_MATCH,,,
train,00843.jpg,NO_EXACT_MATCH,,,
train,00844.jpg,NO_EXACT_MATCH,,,
train,00845.jpg,NO_EXACT_MATCH,,,
train,00846.jpg,NO_EXACT_MATCH,,,
train,00847.jpg,NO_EXACT_MATCH,,,
train,00848.jpg,NO_EXACT_MATCH,,,
train,00849.jpg,NO_EXACT_MATCH,,,
train,00850.jpg,NO_EXACT_MATCH,,,
train,00851.jpg,NO_EXACT_MATCH,,,
train,00852.jpg,NO_EXACT_MATCH,,,
train,00853.jpg,NO_EXACT_MATCH,,,
train,00854.jpg,NO_EXACT_MATCH,,,
train,00855.jpg,NO_EXACT_MATCH,,,
train,00856.jpg,NO_EXACT_MATCH,,,
train,00857.jpg,NO_EXACT_MATCH,,,
train,00858.jpg,NO_EXACT_MATCH,,,
train,00859.jpg,NO_EXACT_MATCH,,,
train,00860.jpg,NO_EXACT_MATCH,,,
train,00861.jpg,NO_EXACT_MATCH,,,
train,00862.jpg,NO_EXACT_MATCH,,,
train,00863.jpg,NO_EXACT_MATCH,,,
train,00864.jpg,NO_EXACT_MATCH,,,
train,00865.jpg,NO_EXACT_MATCH,,,
train,00866.jpg,NO_EXACT_MATCH,,,
train,00867.jpg,NO_EXACT_MATCH,,,
train,00868.jpg,NO_EXACT_MATCH,,,
train,00869.jpg,NO_EXACT_MATCH,,,
train,00870.jpg,NO_EXACT_MATCH,,,
train,00871.jpg,NO_EXACT_MATCH,,,
train,00872.jpg,NO_EXACT_MATCH,,,
train,00873.jpg,NO_EXACT_MATCH,,,
train,00874.jpg,NO_EXACT_MATCH,,,
train,00875.jpg,NO_EXACT_MATCH,,,
train,00876.jpg,NO_EXACT_MATCH,,,
train,00877.jpg,NO_EXACT_MATCH,,,
train,00878.jpg,NO_EXACT_MATCH,,,
train,00879.jpg,NO_EXACT_MATCH,,,
train,00880.jpg,NO_EXACT_MATCH,,,
train,00881.jpg,NO_EXACT_MATCH,,,
train,00882.jpg,NO_EXACT_MATCH,,,
train,00883.jpg,NO_EXACT_MATCH,,,
train,00884.jpg,NO_EXACT_MATCH,,,
train,00885.jpg,NO_EXACT_MATCH,,,
train,00886.jpg,NO_EXACT_MATCH,,,
train,00887.jpg,NO_EXACT_MATCH,,,
train,00888.jpg,NO_EXACT_MATCH,,,
train,00889.jpg,NO_EXACT_MATCH,,,
train,00890.jpg,NO_EXACT_MATCH,,,
train,00891.jpg,NO_EXACT_MATCH,,,
train,00892.jpg,NO_EXACT_MATCH,,,
train,00893.jpg,NO_EXACT_MATCH,,,
train,00894.jpg,NO_EXACT_MATCH,,,
train,00895.jpg,NO_EXACT_MATCH,,,
train,00896.jpg,NO_EXACT_MATCH,,,
train,00897.jpg,NO_EXACT_MATCH,,,
train,00898.jpg,NO_EXACT_MATCH,,,
train,00899.jpg,NO_EXACT_MATCH,,,
train,00900.jpg,NO_EXACT_MATCH,,,
train,00901.jpg,NO_EXACT_MATCH,,,
train,00902.jpg,NO_EXACT_MATCH,,,
train,00903.jpg,NO_EXACT_MATCH,,,
train,00904.jpg,NO_EXACT_MATCH,,,
train,00905.jpg,NO_EXACT_MATCH,,,
train,00906.jpg,NO_EXACT_MATCH,,,
train,00907.jpg,NO_EXACT_MATCH,,,
train,00908.jpg,NO_EXACT_MATCH,,,
train,00909.jpg,NO_EXACT_MATCH,,,
train,00910.jpg,NO_EXACT_MATCH,,,
train,00911.jpg,NO_EXACT_MATCH,,,
train,00912.jpg,NO_EXACT_MATCH,,,
train,00913.jpg,NO_EXACT_MATCH,,,
train,00914.jpg,NO_EXACT_MATCH,,,
train,00915.jpg,NO_EXACT_MATCH,,,
train,00916.jpg,NO_EXACT_MATCH,,,
train,00917.jpg,NO_EXACT_MATCH,,,
train,00918.jpg,NO_EXACT_MATCH,,,
train,00919.jpg,NO_EXACT_MATCH,,,
train,00920.jpg,NO_EXACT_MATCH,,,
train,00921.jpg,NO_EXACT_MATCH,,,
train,00922.jpg,NO_EXACT_MATCH,,,
train,00923.jpg,NO_EXACT_MATCH,,,
train,00924.jpg,NO_EXACT_MATCH,,,
train,00925.jpg,NO_EXACT_MATCH,,,
train,00926.jpg,NO_EXACT_MATCH,,,
train,00927.jpg,NO_EXACT_MATCH,,,
train,00928.jpg,NO_EXACT_MATCH,,,
train,00929.jpg,NO_EXACT_MATCH,,,
train,00930.jpg,NO_EXACT_MATCH,,,
train,00931.jpg,NO_EXACT_MATCH,,,
train,00932.jpg,NO_EXACT_MATCH,,,
train,00933.jpg,NO_EXACT_MATCH,,,
train,00934.jpg,NO_EXACT_MATCH,,,
train,00935.jpg,NO_EXACT_MATCH,,,
train,00936.jpg,NO_EXACT_MATCH,,,
train,00937.jpg,NO_EXACT_MATCH,,,
train,00938.jpg,NO_EXACT_MATCH,,,
train,00939.jpg,NO_EXACT_MATCH,,,
train,00940.jpg,NO_EXACT_MATCH,,,
train,00941.jpg,NO_EXACT_MATCH,,,
train,00942.jpg,NO_EXACT_MATCH,,,
train,00943.jpg,NO_EXACT_MATCH,,,
train,00944.jpg,NO_EXACT_MATCH,,,
train,00945.jpg,NO_EXACT_MATCH,,,
train,00946.jpg,NO_EXACT_MATCH,,,
train,00947.jpg,NO_EXACT_MATCH,,,
train,00948.jpg,NO_EXACT_MATCH,,,
train,00949.jpg,NO_EXACT_MATCH,,,
train,00950.jpg,NO_EXACT_MATCH,,,
train,00951.jpg,NO_EXACT_MATCH,,,
train,00952.jpg,NO_EXACT_MATCH,,,
train,00953.jpg,NO_EXACT_MATCH,,,
train,00954.jpg,NO_EXACT_MATCH,,,
train,00955.jpg,NO_EXACT_MATCH,,,
train,00956.jpg,NO_EXACT_MATCH,,,
train,00957.jpg,NO_EXACT_MATCH,,,
train,00958.jpg,NO_EXACT_MATCH,,,
train,00959.jpg,NO_EXACT_MATCH,,,
train,00960.jpg,NO_EXACT_MATCH,,,
train,00961.jpg,NO_EXACT_MATCH,,,
train,00962.jpg,NO_EXACT_MATCH,,,
train,00963.jpg,NO_EXACT_MATCH,,,
train,00964.jpg,NO_EXACT_MATCH,,,
train,00965.jpg,NO_EXACT_MATCH,,,
train,00966.jpg,NO_EXACT_MATCH,,,
train,00967.jpg,NO_EXACT_MATCH,,,
train,00968.jpg,NO_EXACT_MATCH,,,
train,00969.jpg,NO_EXACT_MATCH,,,
train,00970.jpg,NO_EXACT_MATCH,,,
train,00971.jpg,NO_EXACT_MATCH,,,
train,00972.jpg,NO_EXACT_MATCH,,,
train,00973.jpg,NO_EXACT_MATCH,,,
train,00974.jpg,NO_EXACT_MATCH,,,
train,00975.jpg,NO_EXACT_MATCH,,,
train,00976.jpg,NO_EXACT_MATCH,,,
train,00977.jpg,NO_EXACT_MATCH,,,
train,00978.jpg,NO_EXACT_MATCH,,,
train,00979.jpg,NO_EXACT_MATCH,,,
train,00980.jpg,NO_EXACT_MATCH,,,
train,00981.jpg,NO_EXACT_MATCH,,,
train,00982.jpg,NO_EXACT_MATCH,,,
train,00983.jpg,NO_EXACT_MATCH,,,
train,00984.jpg,NO_EXACT_MATCH,,,
train,00985.jpg,NO_EXACT_MATCH,,,
train,00986.jpg,NO_EXACT_MATCH,,,
train,00987.jpg,NO_EXACT_MATCH,,,
train,00988.jpg,NO_EXACT_MATCH,,,
train,00989.jpg,NO_EXACT_MATCH,,,
train,00990.jpg,NO_EXACT_MATCH,,,
train,00991.jpg,NO_EXACT_MATCH,,,
train,00992.jpg,NO_EXACT_MATCH,,,
train,00993.jpg,NO_EXACT_MATCH,,,
train,00994.jpg,NO_EXACT_MATCH,,,
train,00995.jpg,NO_EXACT_MATCH,,,
train,00996.jpg,NO_EXACT_MATCH,,,
train,00997.jpg,NO_EXACT_MATCH,,,
train,00998.jpg,NO_EXACT_MATCH,,,
train,00999.jpg,NO_EXACT_MATCH,,,
train,01000.jpg,NO_EXACT_MATCH,,,
train,01001.jpg,NO_EXACT_MATCH,,,
train,01002.jpg,NO_EXACT_MATCH,,,
train,01003.jpg,NO_EXACT_MATCH,,,
train,01004.jpg,NO_EXACT_MATCH,,,
train,01005.jpg,NO_EXACT_MATCH,,,
train,01006.jpg,NO_EXACT_MATCH,,,
train,01007.jpg,NO_EXACT_MATCH,,,
train,01008.jpg,NO_EXACT_MATCH,,,
train,01009.jpg,NO_EXACT_MATCH,,,
train,01010.jpg,NO_EXACT_MATCH,,,
train,01011.jpg,NO_EXACT_MATCH,,,
train,01012.jpg,NO_EXACT_MATCH,,,
train,01013.jpg,NO_EXACT_MATCH,,,
train,01014.jpg,NO_EXACT_MATCH,,,
train,01015.jpg,NO_EXACT_MATCH,,,
train,01016.jpg,NO_EXACT_MATCH,,,
train,01017.jpg,NO_EXACT_MATCH,,,
train,01018.jpg,NO_EXACT_MATCH,,,
train,01019.jpg,NO_EXACT_MATCH,,,
train,01020.jpg,NO_EXACT_MATCH,,,
train,01021.jpg,NO_EXACT_MATCH,,,
train,01022.jpg,NO_EXACT_MATCH,,,
train,01023.jpg,NO_EXACT_MATCH,,,
train,01024.jpg,NO_EXACT_MATCH,,,
train,01025.jpg,NO_EXACT_MATCH,,,
train,01026.jpg,NO_EXACT_MATCH,,,
train,01027.jpg,NO_EXACT_MATCH,,,
train,01028.jpg,NO_EXACT_MATCH,,,
train,01029.jpg,NO_EXACT_MATCH,,,
train,01030.jpg,NO_EXACT_MATCH,,,
train,01031.jpg,NO_EXACT_MATCH,,,
train,01032.jpg,NO_EXACT_MATCH,,,
train,01033.jpg,NO_EXACT_MATCH,,,
train,01034.jpg,NO_EXACT_MATCH,,,
train,01035.jpg,NO_EXACT_MATCH,,,
train,01036.jpg,NO_EXACT_MATCH,,,
train,01037.jpg,NO_EXACT_MATCH,,,
train,01038.jpg,NO_EXACT_MATCH,,,
train,01039.jpg,NO_EXACT_MATCH,,,
train,01040.jpg,NO_EXACT_MATCH,,,
train,01041.jpg,NO_EXACT_MATCH,,,
train,01042.jpg,NO_EXACT_MATCH,,,
train,01043.jpg,NO_EXACT_MATCH,,,
train,01044.jpg,NO_EXACT_MATCH,,,
train,01045.jpg,NO_EXACT_MATCH,,,
train,01046.jpg,NO_EXACT_MATCH,,,
train,01047.jpg,NO_EXACT_MATCH,,,
train,01048.jpg,NO_EXACT_MATCH,,,
train,01049.jpg,NO_EXACT_MATCH,,,
train,01050.jpg,NO_EXACT_MATCH,,,
train,01051.jpg,NO_EXACT_MATCH,,,
train,01052.jpg,NO_EXACT_MATCH,,,
train,01053.jpg,NO_EXACT_MATCH,,,
train,01054.jpg,NO_EXACT_MATCH,,,
train,01055.jpg,NO_EXACT_MATCH,,,
train,01056.jpg,NO_EXACT_MATCH,,,
train,01057.jpg,NO_EXACT_MATCH,,,
train,01058.jpg,NO_EXACT_MATCH,,,
train,01059.jpg,NO_EXACT_MATCH,,,
train,01060.jpg,NO_EXACT_MATCH,,,
train,01061.jpg,NO_EXACT_MATCH,,,
train,01062.jpg,NO_EXACT_MATCH,,,
train,01063.jpg,NO_EXACT_MATCH,,,
train,01064.jpg,NO_EXACT_MATCH,,,
train,01065.jpg,NO_EXACT_MATCH,,,
train,01066.jpg,NO_EXACT_MATCH,,,
train,01067.jpg,NO_EXACT_MATCH,,,
train,01068.jpg,NO_EXACT_MATCH,,,
train,01069.jpg,NO_EXACT_MATCH,,,
train,01070.jpg,NO_EXACT_MATCH,,,
train,01071.jpg,NO_EXACT_MATCH,,,
train,01072.jpg,NO_EXACT_MATCH,,,
train,01073.jpg,NO_EXACT_MATCH,,,
train,01074.jpg,NO_EXACT_MATCH,,,
train,01075.jpg,NO_EXACT_MATCH,,,
train,01076.jpg,NO_EXACT_MATCH,,,
train,01077.jpg,NO_EXACT_MATCH,,,
train,01078.jpg,NO_EXACT_MATCH,,,
train,01079.jpg,NO_EXACT_MATCH,,,
train,01080.jpg,NO_EXACT_MATCH,,,
train,01081.jpg,NO_EXACT_MATCH,,,
train,01082.jpg,NO_EXACT_MATCH,,,
train,01083.jpg,NO_EXACT_MATCH,,,
train,01084.jpg,NO_EXACT_MATCH,,,
train,01085.jpg,NO_EXACT_MATCH,,,
train,01086.jpg,NO_EXACT_MATCH,,,
train,01087.jpg,NO_EXACT_MATCH,,,
train,01088.jpg,NO_EXACT_MATCH,,,
train,01089.jpg,NO_EXACT_MATCH,,,
train,01090.jpg,NO_EXACT_MATCH,,,
train,01091.jpg,NO_EXACT_MATCH,,,
train,01092.jpg,NO_EXACT_MATCH,,,
train,01093.jpg,NO_EXACT_MATCH,,,
train,01094.jpg,NO_EXACT_MATCH,,,
train,01095.jpg,NO_EXACT_MATCH,,,
train,01096.jpg,NO_EXACT_MATCH,,,
train,01097.jpg,NO_EXACT_MATCH,,,
train,01098.jpg,NO_EXACT_MATCH,,,
train,01099.jpg,NO_EXACT_MATCH,,,
train,01100.jpg,NO_EXACT_MATCH,,,
train,01101.jpg,NO_EXACT_MATCH,,,
train,01102.jpg,NO_EXACT_MATCH,,,
train,01103.jpg,NO_EXACT_MATCH,,,
train,01104.jpg,NO_EXACT_MATCH,,,
train,01105.jpg,NO_EXACT_MATCH,,,
train,01106.jpg,NO_EXACT_MATCH,,,
train,01107.jpg,NO_EXACT_MATCH,,,
train,01108.jpg,NO_EXACT_MATCH,,,
train,01109.jpg,NO_EXACT_MATCH,,,
train,01110.jpg,NO_EXACT_MATCH,,,
train,01111.jpg,NO_EXACT_MATCH,,,
train,01112.jpg,NO_EXACT_MATCH,,,
train,01113.jpg,NO_EXACT_MATCH,,,
train,01114.jpg,NO_EXACT_MATCH,,,
train,01115.jpg,NO_EXACT_MATCH,,,
train,01116.jpg,NO_EXACT_MATCH,,,
train,01117.jpg,NO_EXACT_MATCH,,,
train,01118.jpg,NO_EXACT_MATCH,,,
train,01119.jpg,NO_EXACT_MATCH,,,
train,01120.jpg,NO_EXACT_MATCH,,,
train,01121.jpg,NO_EXACT_MATCH,,,
train,01122.jpg,NO_EXACT_MATCH,,,
train,01123.jpg,NO_EXACT_MATCH,,,
train,01124.jpg,NO_EXACT_MATCH,,,
train,01125.jpg,NO_EXACT_MATCH,,,
train,01126.jpg,NO_EXACT_MATCH,,,
train,01127.jpg,NO_EXACT_MATCH,,,
train,01128.jpg,NO_EXACT_MATCH,,,
train,01129.jpg,NO_EXACT_MATCH,,,
train,01130.jpg,NO_EXACT_MATCH,,,
train,01131.jpg,NO_EXACT_MATCH,,,
train,01132.jpg,NO_EXACT_MATCH,,,
train,01133.jpg,NO_EXACT_MATCH,,,
train,01134.jpg,NO_EXACT_MATCH,,,
train,01135.jpg,NO_EXACT_MATCH,,,
train,01136.jpg,NO_EXACT_MATCH,,,
train,01137.jpg,NO_EXACT_MATCH,,,
train,01138.jpg,NO_EXACT_MATCH,,,
train,01139.jpg,NO_EXACT_MATCH,,,
train,01140.jpg,NO_EXACT_MATCH,,,
train,01141.jpg,NO_EXACT_MATCH,,,
train,01142.jpg,NO_EXACT_MATCH,,,
train,01143.jpg,NO_EXACT_MATCH,,,
train,01144.jpg,NO_EXACT_MATCH,,,
train,01145.jpg,NO_EXACT_MATCH,,,
train,01146.jpg,NO_EXACT_MATCH,,,
train,01147.jpg,NO_EXACT_MATCH,,,
train,01148.jpg,NO_EXACT_MATCH,,,
train,01149.jpg,NO_EXACT_MATCH,,,
train,01150.jpg,NO_EXACT_MATCH,,,
train,01151.jpg,NO_EXACT_MATCH,,,
train,01152.jpg,NO_EXACT_MATCH,,,
train,01153.jpg,NO_EXACT_MATCH,,,
train,01154.jpg,NO_EXACT_MATCH,,,
train,01155.jpg,NO_EXACT_MATCH,,,
train,01156.jpg,NO_EXACT_MATCH,,,
train,01157.jpg,NO_EXACT_MATCH,,,
train,01158.jpg,NO_EXACT_MATCH,,,
train,01159.jpg,NO_EXACT_MATCH,,,
train,01160.jpg,NO_EXACT_MATCH,,,
train,01161.jpg,NO_EXACT_MATCH,,,
train,01162.jpg,NO_EXACT_MATCH,,,
train,01163.jpg,NO_EXACT_MATCH,,,
train,01164.jpg,NO_EXACT_MATCH,,,
train,01165.jpg,NO_EXACT_MATCH,,,
train,01166.jpg,NO_EXACT_MATCH,,,
train,01167.jpg,NO_EXACT_MATCH,,,
train,01168.jpg,NO_EXACT_MATCH,,,
train,01169.jpg,NO_EXACT_MATCH,,,
train,01170.jpg,NO_EXACT_MATCH,,,
train,01171.jpg,NO_EXACT_MATCH,,,
train,01172.jpg,NO_EXACT_MATCH,,,
train,01173.jpg,NO_EXACT_MATCH,,,
train,01174.jpg,NO_EXACT_MATCH,,,
train,01175.jpg,NO_EXACT_MATCH,,,
train,01176.jpg,NO_EXACT_MATCH,,,
train,01177.jpg,NO_EXACT_MATCH,,,
train,01178.jpg,NO_EXACT_MATCH,,,
train,01179.jpg,NO_EXACT_MATCH,,,
train,01180.jpg,NO_EXACT_MATCH,,,
train,01181.jpg,NO_EXACT_MATCH,,,
train,01182.jpg,NO_EXACT_MATCH,,,
train,01183.jpg,NO_EXACT_MATCH,,,
train,01184.jpg,NO_EXACT_MATCH,,,
train,01185.jpg,NO_EXACT_MATCH,,,
train,01186.jpg,NO_EXACT_MATCH,,,
train,01187.jpg,NO_EXACT_MATCH,,,
train,01188.jpg,NO_EXACT_MATCH,,,
train,01189.jpg,NO_EXACT_MATCH,,,
train,01190.jpg,NO_EXACT_MATCH,,,
train,01191.jpg,NO_EXACT_MATCH,,,
train,01192.jpg,NO_EXACT_MATCH,,,
train,01193.jpg,NO_EXACT_MATCH,,,
train,01194.jpg,NO_EXACT_MATCH,,,
train,01195.jpg,NO_EXACT_MATCH,,,
train,01196.jpg,NO_EXACT_MATCH,,,
train,01197.jpg,NO_EXACT_MATCH,,,
train,01198.jpg,NO_EXACT_MATCH,,,
train,01199.jpg,NO_EXACT_MATCH,,,
train,01200.jpg,NO_EXACT_MATCH,,,
train,01201.jpg,NO_EXACT_MATCH,,,
train,01202.jpg,NO_EXACT_MATCH,,,
train,01203.jpg,NO_EXACT_MATCH,,,
train,01204.jpg,NO_EXACT_MATCH,,,
train,01205.jpg,NO_EXACT_MATCH,,,
train,01206.jpg,NO_EXACT_MATCH,,,
train,01207.jpg,NO_EXACT_MATCH,,,
train,01208.jpg,NO_EXACT_MATCH,,,
train,01209.jpg,NO_EXACT_MATCH,,,
train,01210.jpg,NO_EXACT_MATCH,,,
train,01211.jpg,NO_EXACT_MATCH,,,
train,01212.jpg,NO_EXACT_MATCH,,,
train,01213.jpg,NO_EXACT_MATCH,,,
train,01214.jpg,NO_EXACT_MATCH,,,
train,01215.jpg,NO_EXACT_MATCH,,,
train,01216.jpg,NO_EXACT_MATCH,,,
train,01217.jpg,NO_EXACT_MATCH,,,
train,01218.jpg,NO_EXACT_MATCH,,,
train,01219.jpg,NO_EXACT_MATCH,,,
train,01220.jpg,NO_EXACT_MATCH,,,
train,01221.jpg,NO_EXACT_MATCH,,,
train,01222.jpg,NO_EXACT_MATCH,,,
train,01223.jpg,NO_EXACT_MATCH,,,
train,01224.jpg,NO_EXACT_MATCH,,,
train,01225.jpg,NO_EXACT_MATCH,,,
train,01226.jpg,NO_EXACT_MATCH,,,
train,01227.jpg,NO_EXACT_MATCH,,,
train,01228.jpg,NO_EXACT_MATCH,,,
train,01229.jpg,NO_EXACT_MATCH,,,
train,01230.jpg,NO_EXACT_MATCH,,,
train,01231.jpg,NO_EXACT_MATCH,,,
train,01232.jpg,NO_EXACT_MATCH,,,
train,01233.jpg,NO_EXACT_MATCH,,,
train,01234.jpg,NO_EXACT_MATCH,,,
train,01235.jpg,NO_EXACT_MATCH,,,
train,01236.jpg,NO_EXACT_MATCH,,,
train,01237.jpg,NO_EXACT_MATCH,,,
train,01238.jpg,NO_EXACT_MATCH,,,
train,01239.jpg,NO_EXACT_MATCH,,,
train,01240.jpg,NO_EXACT_MATCH,,,
train,01241.jpg,NO_EXACT_MATCH,,,
train,01242.jpg,NO_EXACT_MATCH,,,
train,01243.jpg,NO_EXACT_MATCH,,,
train,01244.jpg,NO_EXACT_MATCH,,,
train,01245.jpg,NO_EXACT_MATCH,,,
train,01246.jpg,NO_EXACT_MATCH,,,
train,01247.jpg,NO_EXACT_MATCH,,,
train,01248.jpg,NO_EXACT_MATCH,,,
train,01249.jpg,NO_EXACT_MATCH,,,
train,01250.jpg,NO_EXACT_MATCH,,,
train,01251.jpg,NO_EXACT_MATCH,,,
train,01252.jpg,NO_EXACT_MATCH,,,
train,01253.jpg,NO_EXACT_MATCH,,,
train,01254.jpg,NO_EXACT_MATCH,,,
train,01255.jpg,NO_EXACT_MATCH,,,
train,01256.jpg,NO_EXACT_MATCH,,,
train,01257.jpg,NO_EXACT_MATCH,,,
train,01258.jpg,NO_EXACT_MATCH,,,
train,01259.jpg,NO_EXACT_MATCH,,,
train,01260.jpg,NO_EXACT_MATCH,,,
train,01261.jpg,NO_EXACT_MATCH,,,
train,01262.jpg,NO_EXACT_MATCH,,,
train,01263.jpg,NO_EXACT_MATCH,,,
train,01264.jpg,NO_EXACT_MATCH,,,
train,01265.jpg,NO_EXACT_MATCH,,,
train,01266.jpg,NO_EXACT_MATCH,,,
train,01267.jpg,NO_EXACT_MATCH,,,
train,01268.jpg,NO_EXACT_MATCH,,,
train,01269.jpg,NO_EXACT_MATCH,,,
train,01270.jpg,NO_EXACT_MATCH,,,
train,01271.jpg,NO_EXACT_MATCH,,,
train,01272.jpg,NO_EXACT_MATCH,,,
train,01273.jpg,NO_EXACT_MATCH,,,
train,01274.jpg,NO_EXACT_MATCH,,,
train,01275.jpg,NO_EXACT_MATCH,,,
train,01276.jpg,NO_EXACT_MATCH,,,
train,01277.jpg,NO_EXACT_MATCH,,,
train,01278.jpg,NO_EXACT_MATCH,,,
train,01279.jpg,NO_EXACT_MATCH,,,
train,01280.jpg,NO_EXACT_MATCH,,,
train,01281.jpg,NO_EXACT_MATCH,,,
train,01282.jpg,NO_EXACT_MATCH,,,
train,01283.jpg,NO_EXACT_MATCH,,,
train,01284.jpg,NO_EXACT_MATCH,,,
train,01285.jpg,NO_EXACT_MATCH,,,
train,01286.jpg,NO_EXACT_MATCH,,,
train,01287.jpg,NO_EXACT_MATCH,,,
train,01288.jpg,NO_EXACT_MATCH,,,
train,01289.jpg,NO_EXACT_MATCH,,,
train,01290.jpg,NO_EXACT_MATCH,,,
train,01291.jpg,NO_EXACT_MATCH,,,
train,01292.jpg,NO_EXACT_MATCH,,,
train,01293.jpg,NO_EXACT_MATCH,,,
train,01294.jpg,NO_EXACT_MATCH,,,
train,01295.jpg,NO_EXACT_MATCH,,,
train,01296.jpg,NO_EXACT_MATCH,,,
train,01297.jpg,NO_EXACT_MATCH,,,
train,01298.jpg,NO_EXACT_MATCH,,,
train,01299.jpg,NO_EXACT_MATCH,,,
train,01300.jpg,NO_EXACT_MATCH,,,
train,01301.jpg,NO_EXACT_MATCH,,,
train,01302.jpg,NO_EXACT_MATCH,,,
train,01303.jpg,NO_EXACT_MATCH,,,
train,01304.jpg,NO_EXACT_MATCH,,,
train,01305.jpg,NO_EXACT_MATCH,,,
train,01306.jpg,NO_EXACT_MATCH,,,
train,01307.jpg,NO_EXACT_MATCH,,,
train,01308.jpg,NO_EXACT_MATCH,,,
train,01309.jpg,NO_EXACT_MATCH,,,
train,01310.jpg,NO_EXACT_MATCH,,,
train,01311.jpg,NO_EXACT_MATCH,,,
train,01312.jpg,NO_EXACT_MATCH,,,
train,01313.jpg,NO_EXACT_MATCH,,,
train,01314.jpg,NO_EXACT_MATCH,,,
train,01315.jpg,NO_EXACT_MATCH,,,
train,01316.jpg,NO_EXACT_MATCH,,,
train,01317.jpg,NO_EXACT_MATCH,,,
train,01318.jpg,NO_EXACT_MATCH,,,
train,01319.jpg,NO_EXACT_MATCH,,,
train,01320.jpg,NO_EXACT_MATCH,,,
train,01321.jpg,NO_EXACT_MATCH,,,
train,01322.jpg,NO_EXACT_MATCH,,,
train,01323.jpg,NO_EXACT_MATCH,,,
train,01324.jpg,NO_EXACT_MATCH,,,
train,01325.jpg,NO_EXACT_MATCH,,,
train,01326.jpg,NO_EXACT_MATCH,,,
train,01327.jpg,NO_EXACT_MATCH,,,
train,01328.jpg,NO_EXACT_MATCH,,,
train,01329.jpg,NO_EXACT_MATCH,,,
train,01330.jpg,NO_EXACT_MATCH,,,
train,01331.jpg,NO_EXACT_MATCH,,,
train,01332.jpg,NO_EXACT_MATCH,,,
train,01333.jpg,NO_EXACT_MATCH,,,
train,01334.jpg,NO_EXACT_MATCH,,,
train,01335.jpg,NO_EXACT_MATCH,,,
train,01336.jpg,NO_EXACT_MATCH,,,
train,01337.jpg,NO_EXACT_MATCH,,,
train,01338.jpg,NO_EXACT_MATCH,,,
train,01339.jpg,NO_EXACT_MATCH,,,
train,01340.jpg,NO_EXACT_MATCH,,,
train,01341.jpg,NO_EXACT_MATCH,,,
train,01342.jpg,NO_EXACT_MATCH,,,
train,01343.jpg,NO_EXACT_MATCH,,,
train,01344.jpg,NO_EXACT_MATCH,,,
train,01345.jpg,NO_EXACT_MATCH,,,
train,01346.jpg,NO_EXACT_MATCH,,,
train,01347.jpg,NO_EXACT_MATCH,,,
train,01348.jpg,NO_EXACT_MATCH,,,
train,01349.jpg,NO_EXACT_MATCH,,,
train,01350.jpg,NO_EXACT_MATCH,,,
train,01351.jpg,NO_EXACT_MATCH,,,
train,01352.jpg,NO_EXACT_MATCH,,,
train,01353.jpg,NO_EXACT_MATCH,,,
train,01354.jpg,NO_EXACT_MATCH,,,
train,01355.jpg,NO_EXACT_MATCH,,,
train,01356.jpg,NO_EXACT_MATCH,,,
train,01357.jpg,NO_EXACT_MATCH,,,
train,01358.jpg,NO_EXACT_MATCH,,,
train,01359.jpg,NO_EXACT_MATCH,,,
train,01360.jpg,NO_EXACT_MATCH,,,
train,01361.jpg,NO_EXACT_MATCH,,,
train,01362.jpg,NO_EXACT_MATCH,,,
train,01363.jpg,NO_EXACT_MATCH,,,
train,01364.jpg,NO_EXACT_MATCH,,,
train,01365.jpg,NO_EXACT_MATCH,,,
train,01366.jpg,NO_EXACT_MATCH,,,
train,01367.jpg,NO_EXACT_MATCH,,,
train,01368.jpg,NO_EXACT_MATCH,,,
train,01369.jpg,NO_EXACT_MATCH,,,
train,01370.jpg,NO_EXACT_MATCH,,,
train,01371.jpg,NO_EXACT_MATCH,,,
train,01372.jpg,NO_EXACT_MATCH,,,
train,01373.jpg,NO_EXACT_MATCH,,,
train,01374.jpg,NO_EXACT_MATCH,,,
train,01375.jpg,NO_EXACT_MATCH,,,
train,01376.jpg,NO_EXACT_MATCH,,,
train,01377.jpg,NO_EXACT_MATCH,,,
train,01378.jpg,NO_EXACT_MATCH,,,
train,01379.jpg,NO_EXACT_MATCH,,,
train,01380.jpg,NO_EXACT_MATCH,,,
train,01381.jpg,NO_EXACT_MATCH,,,
train,01382.jpg,NO_EXACT_MATCH,,,
train,01383.jpg,NO_EXACT_MATCH,,,
train,01384.jpg,NO_EXACT_MATCH,,,
train,01385.jpg,NO_EXACT_MATCH,,,
train,01386.jpg,NO_EXACT_MATCH,,,
train,01387.jpg,NO_EXACT_MATCH,,,
train,01388.jpg,NO_EXACT_MATCH,,,
train,01389.jpg,NO_EXACT_MATCH,,,
train,01390.jpg,NO_EXACT_MATCH,,,
train,01391.jpg,NO_EXACT_MATCH,,,
train,01392.jpg,NO_EXACT_MATCH,,,
train,01393.jpg,NO_EXACT_MATCH,,,
train,01394.jpg,NO_EXACT_MATCH,,,
train,01395.jpg,NO_EXACT_MATCH,,,
train,01396.jpg,NO_EXACT_MATCH,,,
train,01397.jpg,NO_EXACT_MATCH,,,
train,01398.jpg,NO_EXACT_MATCH,,,
train,01399.jpg,NO_EXACT_MATCH,,,
train,01400.jpg,NO_EXACT_MATCH,,,
train,01401.jpg,NO_EXACT_MATCH,,,
train,01402.jpg,NO_EXACT_MATCH,,,
train,01403.jpg,NO_EXACT_MATCH,,,
train,01404.jpg,NO_EXACT_MATCH,,,
train,01405.jpg,NO_EXACT_MATCH,,,
train,01406.jpg,NO_EXACT_MATCH,,,
train,01407.jpg,NO_EXACT_MATCH,,,
train,01408.jpg,NO_EXACT_MATCH,,,
train,01409.jpg,NO_EXACT_MATCH,,,
train,01410.jpg,NO_EXACT_MATCH,,,
train,01411.jpg,NO_EXACT_MATCH,,,
train,01412.jpg,NO_EXACT_MATCH,,,
train,01413.jpg,NO_EXACT_MATCH,,,
train,01414.jpg,NO_EXACT_MATCH,,,
train,01415.jpg,NO_EXACT_MATCH,,,
train,01416.jpg,NO_EXACT_MATCH,,,
train,01417.jpg,NO_EXACT_MATCH,,,
train,01418.jpg,NO_EXACT_MATCH,,,
train,01419.jpg,NO_EXACT_MATCH,,,
train,01420.jpg,NO_EXACT_MATCH,,,
train,01421.jpg,NO_EXACT_MATCH,,,
train,01422.jpg,NO_EXACT_MATCH,,,
train,01423.jpg,NO_EXACT_MATCH,,,
train,01424.jpg,NO_EXACT_MATCH,,,
train,01425.jpg,NO_EXACT_MATCH,,,
train,01426.jpg,NO_EXACT_MATCH,,,
train,01427.jpg,NO_EXACT_MATCH,,,
train,01428.jpg,NO_EXACT_MATCH,,,
train,01429.jpg,NO_EXACT_MATCH,,,
train,01430.jpg,NO_EXACT_MATCH,,,
train,01431.jpg,NO_EXACT_MATCH,,,
train,01432.jpg,NO_EXACT_MATCH,,,
train,01433.jpg,NO_EXACT_MATCH,,,
train,01434.jpg,NO_EXACT_MATCH,,,
train,01435.jpg,NO_EXACT_MATCH,,,
train,01436.jpg,NO_EXACT_MATCH,,,
train,01437.jpg,NO_EXACT_MATCH,,,
train,01438.jpg,NO_EXACT_MATCH,,,
train,01439.jpg,NO_EXACT_MATCH,,,
train,01440.jpg,NO_EXACT_MATCH,,,
train,01441.jpg,NO_EXACT_MATCH,,,
train,01442.jpg,NO_EXACT_MATCH,,,
train,01443.jpg,NO_EXACT_MATCH,,,
train,01444.jpg,NO_EXACT_MATCH,,,
train,01445.jpg,NO_EXACT_MATCH,,,
train,01446.jpg,NO_EXACT_MATCH,,,
train,01447.jpg,NO_EXACT_MATCH,,,
train,01448.jpg,NO_EXACT_MATCH,,,
train,01449.jpg,NO_EXACT_MATCH,,,
train,01450.jpg,NO_EXACT_MATCH,,,
train,01451.jpg,NO_EXACT_MATCH,,,
train,01452.jpg,NO_EXACT_MATCH,,,
train,01453.jpg,NO_EXACT_MATCH,,,
train,01454.jpg,NO_EXACT_MATCH,,,
train,01455.jpg,NO_EXACT_MATCH,,,
train,01456.jpg,NO_EXACT_MATCH,,,
train,01457.jpg,NO_EXACT_MATCH,,,
train,01458.jpg,NO_EXACT_MATCH,,,
train,01459.jpg,NO_EXACT_MATCH,,,
train,01460.jpg,NO_EXACT_MATCH,,,
train,01461.jpg,NO_EXACT_MATCH,,,
train,01462.jpg,NO_EXACT_MATCH,,,
train,01463.jpg,NO_EXACT_MATCH,,,
train,01464.jpg,NO_EXACT_MATCH,,,
train,01465.jpg,NO_EXACT_MATCH,,,
train,01466.jpg,NO_EXACT_MATCH,,,
train,01467.jpg,NO_EXACT_MATCH,,,
train,01468.jpg,NO_EXACT_MATCH,,,
train,01469.jpg,NO_EXACT_MATCH,,,
train,01470.jpg,NO_EXACT_MATCH,,,
train,01471.jpg,NO_EXACT_MATCH,,,
train,01472.jpg,NO_EXACT_MATCH,,,
train,01473.jpg,NO_EXACT_MATCH,,,
train,01474.jpg,NO_EXACT_MATCH,,,
train,01475.jpg,NO_EXACT_MATCH,,,
train,01476.jpg,NO_EXACT_MATCH,,,
train,01477.jpg,NO_EXACT_MATCH,,,
train,01478.jpg,NO_EXACT_MATCH,,,
train,01479.jpg,NO_EXACT_MATCH,,,
train,01480.jpg,NO_EXACT_MATCH,,,
train,01481.jpg,NO_EXACT_MATCH,,,
train,01482.jpg,NO_EXACT_MATCH,,,
train,01483.jpg,NO_EXACT_MATCH,,,
train,01484.jpg,NO_EXACT_MATCH,,,
train,01485.jpg,NO_EXACT_MATCH,,,
train,01486.jpg,NO_EXACT_MATCH,,,
train,01487.jpg,NO_EXACT_MATCH,,,
train,01488.jpg,NO_EXACT_MATCH,,,
train,01489.jpg,NO_EXACT_MATCH,,,
train,01490.jpg,NO_EXACT_MATCH,,,
train,01491.jpg,NO_EXACT_MATCH,,,
train,01492.jpg,NO_EXACT_MATCH,,,
train,01493.jpg,NO_EXACT_MATCH,,,
train,01494.jpg,NO_EXACT_MATCH,,,
train,01495.jpg,NO_EXACT_MATCH,,,
train,01496.jpg,NO_EXACT_MATCH,,,
train,01497.jpg,NO_EXACT_MATCH,,,
train,01498.jpg,NO_EXACT_MATCH,,,
train,01499.jpg,NO_EXACT_MATCH,,,
train,01500.jpg,NO_EXACT_MATCH,,,
train,01501.jpg,NO_EXACT_MATCH,,,
train,01502.jpg,NO_EXACT_MATCH,,,
train,01503.jpg,NO_EXACT_MATCH,,,
train,01504.jpg,NO_EXACT_MATCH,,,
train,01505.jpg,NO_EXACT_MATCH,,,
train,01506.jpg,NO_EXACT_MATCH,,,
train,01507.jpg,NO_EXACT_MATCH,,,
train,01508.jpg,NO_EXACT_MATCH,,,
train,01509.jpg,NO_EXACT_MATCH,,,
train,01510.jpg,NO_EXACT_MATCH,,,
train,01511.jpg,NO_EXACT_MATCH,,,
train,01512.jpg,NO_EXACT_MATCH,,,
train,01513.jpg,NO_EXACT_MATCH,,,
train,01514.jpg,NO_EXACT_MATCH,,,
train,01515.jpg,NO_EXACT_MATCH,,,
train,01516.jpg,NO_EXACT_MATCH,,,
train,01517.jpg,NO_EXACT_MATCH,,,
train,01518.jpg,NO_EXACT_MATCH,,,
train,01519.jpg,NO_EXACT_MATCH,,,
train,01520.jpg,NO_EXACT_MATCH,,,
train,01521.jpg,NO_EXACT_MATCH,,,
train,01522.jpg,NO_EXACT_MATCH,,,
train,01523.jpg,NO_EXACT_MATCH,,,
train,01524.jpg,NO_EXACT_MATCH,,,
train,01525.jpg,NO_EXACT_MATCH,,,
train,01526.jpg,NO_EXACT_MATCH,,,
train,01527.jpg,NO_EXACT_MATCH,,,
train,01528.jpg,NO_EXACT_MATCH,,,
train,01529.jpg,NO_EXACT_MATCH,,,
train,01530.jpg,NO_EXACT_MATCH,,,
train,01531.jpg,NO_EXACT_MATCH,,,
train,01532.jpg,NO_EXACT_MATCH,,,
train,01533.jpg,NO_EXACT_MATCH,,,
train,01534.jpg,NO_EXACT_MATCH,,,
train,01535.jpg,NO_EXACT_MATCH,,,
train,01536.jpg,NO_EXACT_MATCH,,,
train,01537.jpg,NO_EXACT_MATCH,,,
train,01538.jpg,NO_EXACT_MATCH,,,
train,01539.jpg,NO_EXACT_MATCH,,,
train,01540.jpg,NO_EXACT_MATCH,,,
train,01541.jpg,NO_EXACT_MATCH,,,
train,01542.jpg,NO_EXACT_MATCH,,,
train,01543.jpg,NO_EXACT_MATCH,,,
train,01544.jpg,NO_EXACT_MATCH,,,
train,01545.jpg,NO_EXACT_MATCH,,,
train,01546.jpg,NO_EXACT_MATCH,,,
train,01547.jpg,NO_EXACT_MATCH,,,
train,01548.jpg,NO_EXACT_MATCH,,,
train,01549.jpg,NO_EXACT_MATCH,,,
train,01550.jpg,NO_EXACT_MATCH,,,
train,01551.jpg,NO_EXACT_MATCH,,,
train,01552.jpg,NO_EXACT_MATCH,,,
train,01553.jpg,NO_EXACT_MATCH,,,
train,01554.jpg,NO_EXACT_MATCH,,,
train,01555.jpg,NO_EXACT_MATCH,,,
train,01556.jpg,NO_EXACT_MATCH,,,
train,01557.jpg,NO_EXACT_MATCH,,,
train,01558.jpg,NO_EXACT_MATCH,,,
train,01559.jpg,NO_EXACT_MATCH,,,
train,01560.jpg,NO_EXACT_MATCH,,,
train,01561.jpg,NO_EXACT_MATCH,,,
train,01562.jpg,NO_EXACT_MATCH,,,
train,01563.jpg,NO_EXACT_MATCH,,,
train,01564.jpg,NO_EXACT_MATCH,,,
train,01565.jpg,NO_EXACT_MATCH,,,
train,01566.jpg,NO_EXACT_MATCH,,,
train,01567.jpg,NO_EXACT_MATCH,,,
train,01568.jpg,NO_EXACT_MATCH,,,
train,01569.jpg,NO_EXACT_MATCH,,,
train,01570.jpg,NO_EXACT_MATCH,,,
train,01571.jpg,NO_EXACT_MATCH,,,
train,01572.jpg,NO_EXACT_MATCH,,,
train,01573.jpg,NO_EXACT_MATCH,,,
train,01574.jpg,NO_EXACT_MATCH,,,
train,01575.jpg,NO_EXACT_MATCH,,,
train,01576.jpg,NO_EXACT_MATCH,,,
train,01577.jpg,NO_EXACT_MATCH,,,
train,01578.jpg,NO_EXACT_MATCH,,,
train,01579.jpg,NO_EXACT_MATCH,,,
train,01580.jpg,NO_EXACT_MATCH,,,
train,01581.jpg,NO_EXACT_MATCH,,,
train,01582.jpg,NO_EXACT_MATCH,,,
train,01583.jpg,NO_EXACT_MATCH,,,
train,01584.jpg,NO_EXACT_MATCH,,,
train,01585.jpg,NO_EXACT_MATCH,,,
train,01586.jpg,NO_EXACT_MATCH,,,
train,01587.jpg,NO_EXACT_MATCH,,,
train,01588.jpg,NO_EXACT_MATCH,,,
train,01589.jpg,NO_EXACT_MATCH,,,
train,01590.jpg,NO_EXACT_MATCH,,,
train,01591.jpg,NO_EXACT_MATCH,,,
train,01592.jpg,NO_EXACT_MATCH,,,
train,01593.jpg,NO_EXACT_MATCH,,,
train,01594.jpg,NO_EXACT_MATCH,,,
train,01595.jpg,NO_EXACT_MATCH,,,
train,01596.jpg,NO_EXACT_MATCH,,,
train,01597.jpg,NO_EXACT_MATCH,,,
train,01598.jpg,NO_EXACT_MATCH,,,
train,01599.jpg,NO_EXACT_MATCH,,,
train,01600.jpg,NO_EXACT_MATCH,,,
train,01601.jpg,NO_EXACT_MATCH,,,
train,01602.jpg,NO_EXACT_MATCH,,,
train,01603.jpg,NO_EXACT_MATCH,,,
train,01604.jpg,NO_EXACT_MATCH,,,
train,01605.jpg,NO_EXACT_MATCH,,,
train,01606.jpg,NO_EXACT_MATCH,,,
train,01607.jpg,NO_EXACT_MATCH,,,
train,01608.jpg,NO_EXACT_MATCH,,,
train,01609.jpg,NO_EXACT_MATCH,,,
train,01610.jpg,NO_EXACT_MATCH,,,
train,01611.jpg,NO_EXACT_MATCH,,,
train,01612.jpg,NO_EXACT_MATCH,,,
train,01613.jpg,NO_EXACT_MATCH,,,
train,01614.jpg,NO_EXACT_MATCH,,,
train,01615.jpg,NO_EXACT_MATCH,,,
train,01616.jpg,NO_EXACT_MATCH,,,
train,01617.jpg,NO_EXACT_MATCH,,,
train,01618.jpg,NO_EXACT_MATCH,,,
train,01619.jpg,NO_EXACT_MATCH,,,
train,01620.jpg,NO_EXACT_MATCH,,,
train,01621.jpg,NO_EXACT_MATCH,,,
train,01622.jpg,NO_EXACT_MATCH,,,
train,01623.jpg,NO_EXACT_MATCH,,,
train,01624.jpg,NO_EXACT_MATCH,,,
train,01625.jpg,NO_EXACT_MATCH,,,
train,01626.jpg,NO_EXACT_MATCH,,,
train,01627.jpg,NO_EXACT_MATCH,,,
train,01628.jpg,NO_EXACT_MATCH,,,
train,01629.jpg,NO_EXACT_MATCH,,,
train,01630.jpg,NO_EXACT_MATCH,,,
train,01631.jpg,NO_EXACT_MATCH,,,
train,01632.jpg,NO_EXACT_MATCH,,,
train,01633.jpg,NO_EXACT_MATCH,,,
train,01634.jpg,NO_EXACT_MATCH,,,
train,01635.jpg,NO_EXACT_MATCH,,,
train,01636.jpg,NO_EXACT_MATCH,,,
train,01637.jpg,NO_EXACT_MATCH,,,
train,01638.jpg,NO_EXACT_MATCH,,,
train,01639.jpg,NO_EXACT_MATCH,,,
train,01640.jpg,NO_EXACT_MATCH,,,
train,01641.jpg,NO_EXACT_MATCH,,,
train,01642.jpg,NO_EXACT_MATCH,,,
train,01643.jpg,NO_EXACT_MATCH,,,
train,01644.jpg,NO_EXACT_MATCH,,,
train,01645.jpg,NO_EXACT_MATCH,,,
train,01646.jpg,NO_EXACT_MATCH,,,
train,01647.jpg,NO_EXACT_MATCH,,,
train,01648.jpg,NO_EXACT_MATCH,,,
train,01649.jpg,NO_EXACT_MATCH,,,
train,01650.jpg,NO_EXACT_MATCH,,,
train,01651.jpg,NO_EXACT_MATCH,,,
train,01652.jpg,NO_EXACT_MATCH,,,
train,01653.jpg,NO_EXACT_MATCH,,,
train,01654.jpg,NO_EXACT_MATCH,,,
train,01655.jpg,NO_EXACT_MATCH,,,
train,01656.jpg,NO_EXACT_MATCH,,,
train,01657.jpg,NO_EXACT_MATCH,,,
train,01658.jpg,NO_EXACT_MATCH,,,
train,01659.jpg,NO_EXACT_MATCH,,,
train,01660.jpg,NO_EXACT_MATCH,,,
train,01661.jpg,NO_EXACT_MATCH,,,
train,01662.jpg,NO_EXACT_MATCH,,,
train,01663.jpg,NO_EXACT_MATCH,,,
train,01664.jpg,NO_EXACT_MATCH,,,
train,01665.jpg,NO_EXACT_MATCH,,,
train,01666.jpg,NO_EXACT_MATCH,,,
train,01667.jpg,NO_EXACT_MATCH,,,
train,01668.jpg,NO_EXACT_MATCH,,,
train,01669.jpg,NO_EXACT_MATCH,,,
train,01670.jpg,NO_EXACT_MATCH,,,
train,01671.jpg,NO_EXACT_MATCH,,,
train,01672.jpg,NO_EXACT_MATCH,,,
train,01673.jpg,NO_EXACT_MATCH,,,
train,01674.jpg,NO_EXACT_MATCH,,,
train,01675.jpg,NO_EXACT_MATCH,,,
train,01676.jpg,NO_EXACT_MATCH,,,
train,01677.jpg,NO_EXACT_MATCH,,,
train,01678.jpg,NO_EXACT_MATCH,,,
train,01679.jpg,NO_EXACT_MATCH,,,
train,01680.jpg,NO_EXACT_MATCH,,,
train,01681.jpg,NO_EXACT_MATCH,,,
train,01682.jpg,NO_EXACT_MATCH,,,
train,01683.jpg,NO_EXACT_MATCH,,,
train,01684.jpg,NO_EXACT_MATCH,,,
train,01685.jpg,NO_EXACT_MATCH,,,
train,01686.jpg,NO_EXACT_MATCH,,,
train,01687.jpg,NO_EXACT_MATCH,,,
train,01688.jpg,NO_EXACT_MATCH,,,
train,01689.jpg,NO_EXACT_MATCH,,,
train,01690.jpg,NO_EXACT_MATCH,,,
train,01691.jpg,NO_EXACT_MATCH,,,
train,01692.jpg,NO_EXACT_MATCH,,,
train,01693.jpg,NO_EXACT_MATCH,,,
train,01694.jpg,NO_EXACT_MATCH,,,
train,01695.jpg,NO_EXACT_MATCH,,,
train,01696.jpg,NO_EXACT_MATCH,,,
train,01697.jpg,NO_EXACT_MATCH,,,
train,01698.jpg,NO_EXACT_MATCH,,,
train,01699.jpg,NO_EXACT_MATCH,,,
train,01700.jpg,NO_EXACT_MATCH,,,
train,01701.jpg,NO_EXACT_MATCH,,,
train,01702.jpg,NO_EXACT_MATCH,,,
train,01703.jpg,NO_EXACT_MATCH,,,
train,01704.jpg,NO_EXACT_MATCH,,,
train,01705.jpg,NO_EXACT_MATCH,,,
train,01706.jpg,NO_EXACT_MATCH,,,
train,01707.jpg,NO_EXACT_MATCH,,,
train,01708.jpg,NO_EXACT_MATCH,,,
train,01709.jpg,NO_EXACT_MATCH,,,
train,01710.jpg,NO_EXACT_MATCH,,,
train,01711.jpg,NO_EXACT_MATCH,,,
train,01712.jpg,NO_EXACT_MATCH,,,
train,01713.jpg,NO_EXACT_MATCH,,,
train,01714.jpg,NO_EXACT_MATCH,,,
train,01715.jpg,NO_EXACT_MATCH,,,
train,01716.jpg,NO_EXACT_MATCH,,,
train,01717.jpg,NO_EXACT_MATCH,,,
train,01718.jpg,NO_EXACT_MATCH,,,
train,01719.jpg,NO_EXACT_MATCH,,,
train,01720.jpg,NO_EXACT_MATCH,,,
train,01721.jpg,NO_EXACT_MATCH,,,
train,01722.jpg,NO_EXACT_MATCH,,,
train,01723.jpg,NO_EXACT_MATCH,,,
train,01724.jpg,NO_EXACT_MATCH,,,
train,01725.jpg,NO_EXACT_MATCH,,,
train,01726.jpg,NO_EXACT_MATCH,,,
train,01727.jpg,NO_EXACT_MATCH,,,
train,01728.jpg,NO_EXACT_MATCH,,,
train,01729.jpg,NO_EXACT_MATCH,,,
train,01730.jpg,NO_EXACT_MATCH,,,
train,01731.jpg,NO_EXACT_MATCH,,,
train,01732.jpg,NO_EXACT_MATCH,,,
train,01733.jpg,NO_EXACT_MATCH,,,
train,01734.jpg,NO_EXACT_MATCH,,,
train,01735.jpg,NO_EXACT_MATCH,,,
train,01736.jpg,NO_EXACT_MATCH,,,
train,01737.jpg,NO_EXACT_MATCH,,,
train,01738.jpg,NO_EXACT_MATCH,,,
train,01739.jpg,NO_EXACT_MATCH,,,
train,01740.jpg,NO_EXACT_MATCH,,,
train,01741.jpg,NO_EXACT_MATCH,,,
train,01742.jpg,NO_EXACT_MATCH,,,
train,01743.jpg,NO_EXACT_MATCH,,,
train,01744.jpg,NO_EXACT_MATCH,,,
train,01745.jpg,NO_EXACT_MATCH,,,
train,01746.jpg,NO_EXACT_MATCH,,,
train,01747.jpg,NO_EXACT_MATCH,,,
train,01748.jpg,NO_EXACT_MATCH,,,
train,01749.jpg,NO_EXACT_MATCH,,,
train,01750.jpg,NO_EXACT_MATCH,,,
train,01751.jpg,NO_EXACT_MATCH,,,
train,01752.jpg,NO_EXACT_MATCH,,,
train,01753.jpg,NO_EXACT_MATCH,,,
train,01754.jpg,NO_EXACT_MATCH,,,
train,01755.jpg,NO_EXACT_MATCH,,,
train,01756.jpg,NO_EXACT_MATCH,,,
train,01757.jpg,NO_EXACT_MATCH,,,
train,01758.jpg,NO_EXACT_MATCH,,,
train,01759.jpg,NO_EXACT_MATCH,,,
train,01760.jpg,NO_EXACT_MATCH,,,
train,01761.jpg,NO_EXACT_MATCH,,,
train,01762.jpg,NO_EXACT_MATCH,,,
train,01763.jpg,NO_EXACT_MATCH,,,
train,01764.jpg,NO_EXACT_MATCH,,,
train,01765.jpg,NO_EXACT_MATCH,,,
train,01766.jpg,NO_EXACT_MATCH,,,
train,01767.jpg,NO_EXACT_MATCH,,,
train,01768.jpg,NO_EXACT_MATCH,,,
train,01769.jpg,NO_EXACT_MATCH,,,
train,01770.jpg,NO_EXACT_MATCH,,,
train,01771.jpg,NO_EXACT_MATCH,,,
train,01772.jpg,NO_EXACT_MATCH,,,
train,01773.jpg,NO_EXACT_MATCH,,,
train,01774.jpg,NO_EXACT_MATCH,,,
train,01775.jpg,NO_EXACT_MATCH,,,
train,01776.jpg,NO_EXACT_MATCH,,,
train,01777.jpg,NO_EXACT_MATCH,,,
train,01778.jpg,NO_EXACT_MATCH,,,
train,01779.jpg,NO_EXACT_MATCH,,,
train,01780.jpg,NO_EXACT_MATCH,,,
train,01781.jpg,NO_EXACT_MATCH,,,
train,01782.jpg,NO_EXACT_MATCH,,,
train,01783.jpg,NO_EXACT_MATCH,,,
train,01784.jpg,NO_EXACT_MATCH,,,
train,01785.jpg,NO_EXACT_MATCH,,,
train,01786.jpg,NO_EXACT_MATCH,,,
train,01787.jpg,NO_EXACT_MATCH,,,
train,01788.jpg,NO_EXACT_MATCH,,,
train,01789.jpg,NO_EXACT_MATCH,,,
train,01790.jpg,NO_EXACT_MATCH,,,
train,01791.jpg,NO_EXACT_MATCH,,,
train,01792.jpg,NO_EXACT_MATCH,,,
train,01793.jpg,NO_EXACT_MATCH,,,
train,01794.jpg,NO_EXACT_MATCH,,,
train,01795.jpg,NO_EXACT_MATCH,,,
train,01796.jpg,NO_EXACT_MATCH,,,
train,01797.jpg,NO_EXACT_MATCH,,,
train,01798.jpg,NO_EXACT_MATCH,,,
train,01799.jpg,NO_EXACT_MATCH,,,
train,01800.jpg,NO_EXACT_MATCH,,,
train,01801.jpg,NO_EXACT_MATCH,,,
train,01802.jpg,NO_EXACT_MATCH,,,
train,01803.jpg,NO_EXACT_MATCH,,,
train,01804.jpg,NO_EXACT_MATCH,,,
train,01805.jpg,NO_EXACT_MATCH,,,
train,01806.jpg,NO_EXACT_MATCH,,,
train,01807.jpg,NO_EXACT_MATCH,,,
train,01808.jpg,NO_EXACT_MATCH,,,
train,01809.jpg,NO_EXACT_MATCH,,,
train,01810.jpg,NO_EXACT_MATCH,,,
train,01811.jpg,NO_EXACT_MATCH,,,
train,01812.jpg,NO_EXACT_MATCH,,,
train,01813.jpg,NO_EXACT_MATCH,,,
train,01814.jpg,NO_EXACT_MATCH,,,
train,01815.jpg,NO_EXACT_MATCH,,,
train,01816.jpg,NO_EXACT_MATCH,,,
train,01817.jpg,NO_EXACT_MATCH,,,
train,01818.jpg,NO_EXACT_MATCH,,,
train,01819.jpg,NO_EXACT_MATCH,,,
train,01820.jpg,NO_EXACT_MATCH,,,
train,01821.jpg,NO_EXACT_MATCH,,,
train,01822.jpg,NO_EXACT_MATCH,,,
train,01823.jpg,NO_EXACT_MATCH,,,
train,01824.jpg,NO_EXACT_MATCH,,,
train,01825.jpg,NO_EXACT_MATCH,,,
train,01826.jpg,NO_EXACT_MATCH,,,
train,01827.jpg,NO_EXACT_MATCH,,,
train,01828.jpg,NO_EXACT_MATCH,,,
train,01829.jpg,NO_EXACT_MATCH,,,
train,01830.jpg,NO_EXACT_MATCH,,,
train,01831.jpg,NO_EXACT_MATCH,,,
train,01832.jpg,NO_EXACT_MATCH,,,
train,01833.jpg,NO_EXACT_MATCH,,,
train,01834.jpg,NO_EXACT_MATCH,,,
train,01835.jpg,NO_EXACT_MATCH,,,
train,01836.jpg,NO_EXACT_MATCH,,,
train,01837.jpg,NO_EXACT_MATCH,,,
train,01838.jpg,NO_EXACT_MATCH,,,
train,01839.jpg,NO_EXACT_MATCH,,,
train,01840.jpg,NO_EXACT_MATCH,,,
train,01841.jpg,NO_EXACT_MATCH,,,
train,01842.jpg,NO_EXACT_MATCH,,,
train,01843.jpg,NO_EXACT_MATCH,,,
train,01844.jpg,NO_EXACT_MATCH,,,
train,01845.jpg,NO_EXACT_MATCH,,,
train,01846.jpg,NO_EXACT_MATCH,,,
train,01847.jpg,NO_EXACT_MATCH,,,
train,01848.jpg,NO_EXACT_MATCH,,,
train,01849.jpg,NO_EXACT_MATCH,,,
train,01850.jpg,NO_EXACT_MATCH,,,
train,01851.jpg,NO_EXACT_MATCH,,,
train,01852.jpg,NO_EXACT_MATCH,,,
train,01853.jpg,NO_EXACT_MATCH,,,
train,01854.jpg,NO_EXACT_MATCH,,,
train,01855.jpg,NO_EXACT_MATCH,,,
train,01856.jpg,NO_EXACT_MATCH,,,
train,01857.jpg,NO_EXACT_MATCH,,,
train,01858.jpg,NO_EXACT_MATCH,,,
train,01859.jpg,NO_EXACT_MATCH,,,
train,01860.jpg,NO_EXACT_MATCH,,,
train,01861.jpg,NO_EXACT_MATCH,,,
train,01862.jpg,NO_EXACT_MATCH,,,
train,01863.jpg,NO_EXACT_MATCH,,,
train,01864.jpg,NO_EXACT_MATCH,,,
train,01865.jpg,NO_EXACT_MATCH,,,
train,01866.jpg,NO_EXACT_MATCH,,,
train,01867.jpg,NO_EXACT_MATCH,,,
train,01868.jpg,NO_EXACT_MATCH,,,
train,01869.jpg,NO_EXACT_MATCH,,,
train,01870.jpg,NO_EXACT_MATCH,,,
train,01871.jpg,NO_EXACT_MATCH,,,
train,01872.jpg,NO_EXACT_MATCH,,,
train,01873.jpg,NO_EXACT_MATCH,,,
train,01874.jpg,NO_EXACT_MATCH,,,
train,01875.jpg,NO_EXACT_MATCH,,,
train,01876.jpg,NO_EXACT_MATCH,,,
train,01877.jpg,NO_EXACT_MATCH,,,
train,01878.jpg,NO_EXACT_MATCH,,,
train,01879.jpg,NO_EXACT_MATCH,,,
train,01880.jpg,NO_EXACT_MATCH,,,
train,01881.jpg,NO_EXACT_MATCH,,,
train,01882.jpg,NO_EXACT_MATCH,,,
train,01883.jpg,NO_EXACT_MATCH,,,
train,01884.jpg,NO_EXACT_MATCH,,,
train,01885.jpg,NO_EXACT_MATCH,,,
train,01886.jpg,NO_EXACT_MATCH,,,
train,01887.jpg,NO_EXACT_MATCH,,,
train,01888.jpg,NO_EXACT_MATCH,,,
train,01889.jpg,NO_EXACT_MATCH,,,
train,01890.jpg,NO_EXACT_MATCH,,,
train,01891.jpg,NO_EXACT_MATCH,,,
train,01892.jpg,NO_EXACT_MATCH,,,
train,01893.jpg,NO_EXACT_MATCH,,,
train,01894.jpg,NO_EXACT_MATCH,,,
train,01895.jpg,NO_EXACT_MATCH,,,
train,01896.jpg,NO_EXACT_MATCH,,,
train,01897.jpg,NO_EXACT_MATCH,,,
train,01898.jpg,NO_EXACT_MATCH,,,
train,01899.jpg,NO_EXACT_MATCH,,,
train,01900.jpg,NO_EXACT_MATCH,,,
train,01901.jpg,NO_EXACT_MATCH,,,
train,01902.jpg,NO_EXACT_MATCH,,,
train,01903.jpg,NO_EXACT_MATCH,,,
train,01904.jpg,NO_EXACT_MATCH,,,
train,01905.jpg,NO_EXACT_MATCH,,,
train,01906.jpg,NO_EXACT_MATCH,,,
train,01907.jpg,NO_EXACT_MATCH,,,
train,01908.jpg,NO_EXACT_MATCH,,,
train,01909.jpg,NO_EXACT_MATCH,,,
train,01910.jpg,NO_EXACT_MATCH,,,
train,01911.jpg,NO_EXACT_MATCH,,,
train,01912.jpg,NO_EXACT_MATCH,,,
train,01913.jpg,NO_EXACT_MATCH,,,
train,01914.jpg,NO_EXACT_MATCH,,,
train,01915.jpg,NO_EXACT_MATCH,,,
train,01916.jpg,NO_EXACT_MATCH,,,
train,01917.jpg,NO_EXACT_MATCH,,,
train,01918.jpg,NO_EXACT_MATCH,,,
train,01919.jpg,NO_EXACT_MATCH,,,
train,01920.jpg,NO_EXACT_MATCH,,,
train,01921.jpg,NO_EXACT_MATCH,,,
train,01922.jpg,NO_EXACT_MATCH,,,
train,01923.jpg,NO_EXACT_MATCH,,,
train,01924.jpg,NO_EXACT_MATCH,,,
train,01925.jpg,NO_EXACT_MATCH,,,
train,01926.jpg,NO_EXACT_MATCH,,,
train,01927.jpg,NO_EXACT_MATCH,,,
train,01928.jpg,NO_EXACT_MATCH,,,
train,01929.jpg,NO_EXACT_MATCH,,,
train,01930.jpg,NO_EXACT_MATCH,,,
train,01931.jpg,NO_EXACT_MATCH,,,
train,01932.jpg,NO_EXACT_MATCH,,,
train,01933.jpg,NO_EXACT_MATCH,,,
train,01934.jpg,NO_EXACT_MATCH,,,
train,01935.jpg,NO_EXACT_MATCH,,,
train,01936.jpg,NO_EXACT_MATCH,,,
train,01937.jpg,NO_EXACT_MATCH,,,
train,01938.jpg,NO_EXACT_MATCH,,,
train,01939.jpg,NO_EXACT_MATCH,,,
train,01940.jpg,NO_EXACT_MATCH,,,
train,01941.jpg,NO_EXACT_MATCH,,,
train,01942.jpg,NO_EXACT_MATCH,,,
train,01943.jpg,NO_EXACT_MATCH,,,
train,01944.jpg,NO_EXACT_MATCH,,,
train,01945.jpg,NO_EXACT_MATCH,,,
train,01946.jpg,NO_EXACT_MATCH,,,
train,01947.jpg,NO_EXACT_MATCH,,,
train,01948.jpg,NO_EXACT_MATCH,,,
train,01949.jpg,NO_EXACT_MATCH,,,
train,01950.jpg,NO_EXACT_MATCH,,,
train,01951.jpg,NO_EXACT_MATCH,,,
train,01952.jpg,NO_EXACT_MATCH,,,
train,01953.jpg,NO_EXACT_MATCH,,,
train,01954.jpg,NO_EXACT_MATCH,,,
train,01955.jpg,NO_EXACT_MATCH,,,
train,01956.jpg,NO_EXACT_MATCH,,,
train,01957.jpg,NO_EXACT_MATCH,,,
train,01958.jpg,NO_EXACT_MATCH,,,
train,01959.jpg,NO_EXACT_MATCH,,,
train,01960.jpg,NO_EXACT_MATCH,,,
train,01961.jpg,NO_EXACT_MATCH,,,
train,01962.jpg,NO_EXACT_MATCH,,,
train,01963.jpg,NO_EXACT_MATCH,,,
train,01964.jpg,NO_EXACT_MATCH,,,
train,01965.jpg,NO_EXACT_MATCH,,,
train,01966.jpg,NO_EXACT_MATCH,,,
train,01967.jpg,NO_EXACT_MATCH,,,
train,01968.jpg,NO_EXACT_MATCH,,,
train,01969.jpg,NO_EXACT_MATCH,,,
train,01970.jpg,NO_EXACT_MATCH,,,
train,01971.jpg,NO_EXACT_MATCH,,,
train,01972.jpg,NO_EXACT_MATCH,,,
train,01973.jpg,NO_EXACT_MATCH,,,
train,01974.jpg,NO_EXACT_MATCH,,,
train,01975.jpg,NO_EXACT_MATCH,,,
train,01976.jpg,NO_EXACT_MATCH,,,
train,01977.jpg,NO_EXACT_MATCH,,,
train,01978.jpg,NO_EXACT_MATCH,,,
train,01979.jpg,NO_EXACT_MATCH,,,
train,01980.jpg,NO_EXACT_MATCH,,,
train,01981.jpg,NO_EXACT_MATCH,,,
train,01982.jpg,NO_EXACT_MATCH,,,
train,01983.jpg,NO_EXACT_MATCH,,,
train,01984.jpg,NO_EXACT_MATCH,,,
train,01985.jpg,NO_EXACT_MATCH,,,
train,01986.jpg,NO_EXACT_MATCH,,,
train,01987.jpg,NO_EXACT_MATCH,,,
train,01988.jpg,NO_EXACT_MATCH,,,
train,01989.jpg,NO_EXACT_MATCH,,,
train,01990.jpg,NO_EXACT_MATCH,,,
train,01991.jpg,NO_EXACT_MATCH,,,
train,01992.jpg,NO_EXACT_MATCH,,,
train,01993.jpg,NO_EXACT_MATCH,,,
train,01994.jpg,NO_EXACT_MATCH,,,
train,01995.jpg,NO_EXACT_MATCH,,,
train,01996.jpg,NO_EXACT_MATCH,,,
train,01997.jpg,NO_EXACT_MATCH,,,
train,01998.jpg,NO_EXACT_MATCH,,,
train,01999.jpg,NO_EXACT_MATCH,,,
train,02000.jpg,NO_EXACT_MATCH,,,
train,02001.jpg,NO_EXACT_MATCH,,,
train,02002.jpg,NO_EXACT_MATCH,,,
train,02003.jpg,NO_EXACT_MATCH,,,
train,02004.jpg,NO_EXACT_MATCH,,,
train,02005.jpg,NO_EXACT_MATCH,,,
train,02006.jpg,NO_EXACT_MATCH,,,
train,02007.jpg,NO_EXACT_MATCH,,,
train,02008.jpg,NO_EXACT_MATCH,,,
train,02009.jpg,NO_EXACT_MATCH,,,
train,02010.jpg,NO_EXACT_MATCH,,,
train,02011.jpg,NO_EXACT_MATCH,,,
train,02012.jpg,NO_EXACT_MATCH,,,
train,02013.jpg,NO_EXACT_MATCH,,,
train,02014.jpg,NO_EXACT_MATCH,,,
train,02015.jpg,NO_EXACT_MATCH,,,
train,02016.jpg,NO_EXACT_MATCH,,,
train,02017.jpg,NO_EXACT_MATCH,,,
train,02018.jpg,NO_EXACT_MATCH,,,
train,02019.jpg,NO_EXACT_MATCH,,,
train,02020.jpg,NO_EXACT_MATCH,,,
train,02021.jpg,NO_EXACT_MATCH,,,
train,02022.jpg,NO_EXACT_MATCH,,,
train,02023.jpg,NO_EXACT_MATCH,,,
train,02024.jpg,NO_EXACT_MATCH,,,
train,02025.jpg,NO_EXACT_MATCH,,,
train,02026.jpg,NO_EXACT_MATCH,,,
train,02027.jpg,NO_EXACT_MATCH,,,
train,02028.jpg,NO_EXACT_MATCH,,,
train,02029.jpg,NO_EXACT_MATCH,,,
train,02030.jpg,NO_EXACT_MATCH,,,
train,02031.jpg,NO_EXACT_MATCH,,,
train,02032.jpg,NO_EXACT_MATCH,,,
train,02033.jpg,NO_EXACT_MATCH,,,
train,02034.jpg,NO_EXACT_MATCH,,,
train,02035.jpg,NO_EXACT_MATCH,,,
train,02036.jpg,NO_EXACT_MATCH,,,
train,02037.jpg,NO_EXACT_MATCH,,,
train,02038.jpg,NO_EXACT_MATCH,,,
train,02039.jpg,NO_EXACT_MATCH,,,
train,02040.jpg,NO_EXACT_MATCH,,,
train,02041.jpg,NO_EXACT_MATCH,,,
train,02042.jpg,NO_EXACT_MATCH,,,
train,02043.jpg,NO_EXACT_MATCH,,,
train,02044.jpg,NO_EXACT_MATCH,,,
train,02045.jpg,NO_EXACT_MATCH,,,
train,02046.jpg,NO_EXACT_MATCH,,,
train,02047.jpg,NO_EXACT_MATCH,,,
train,02048.jpg,NO_EXACT_MATCH,,,
train,02049.jpg,NO_EXACT_MATCH,,,
train,02050.jpg,NO_EXACT_MATCH,,,
train,02051.jpg,NO_EXACT_MATCH,,,
train,02052.jpg,NO_EXACT_MATCH,,,
train,02053.jpg,NO_EXACT_MATCH,,,
train,02054.jpg,NO_EXACT_MATCH,,,
train,02055.jpg,NO_EXACT_MATCH,,,
train,02056.jpg,NO_EXACT_MATCH,,,
train,02057.jpg,NO_EXACT_MATCH,,,
train,02058.jpg,NO_EXACT_MATCH,,,
train,02059.jpg,NO_EXACT_MATCH,,,
train,02060.jpg,NO_EXACT_MATCH,,,
train,02061.jpg,NO_EXACT_MATCH,,,
train,02062.jpg,NO_EXACT_MATCH,,,
train,02063.jpg,NO_EXACT_MATCH,,,
train,02064.jpg,NO_EXACT_MATCH,,,
train,02065.jpg,NO_EXACT_MATCH,,,
train,02066.jpg,NO_EXACT_MATCH,,,
train,02067.jpg,NO_EXACT_MATCH,,,
train,02068.jpg,NO_EXACT_MATCH,,,
train,02069.jpg,NO_EXACT_MATCH,,,
train,02070.jpg,NO_EXACT_MATCH,,,
train,02071.jpg,NO_EXACT_MATCH,,,
train,02072.jpg,NO_EXACT_MATCH,,,
train,02073.jpg,NO_EXACT_MATCH,,,
train,02074.jpg,NO_EXACT_MATCH,,,
train,02075.jpg,NO_EXACT_MATCH,,,
train,02076.jpg,NO_EXACT_MATCH,,,
train,02077.jpg,NO_EXACT_MATCH,,,
train,02078.jpg,NO_EXACT_MATCH,,,
train,02079.jpg,NO_EXACT_MATCH,,,
train,02080.jpg,NO_EXACT_MATCH,,,
train,02081.jpg,NO_EXACT_MATCH,,,
train,02082.jpg,NO_EXACT_MATCH,,,
train,02083.jpg,NO_EXACT_MATCH,,,
train,02084.jpg,NO_EXACT_MATCH,,,
train,02085.jpg,NO_EXACT_MATCH,,,
train,02086.jpg,NO_EXACT_MATCH,,,
train,02087.jpg,NO_EXACT_MATCH,,,
train,02088.jpg,NO_EXACT_MATCH,,,
train,02089.jpg,NO_EXACT_MATCH,,,
train,02090.jpg,NO_EXACT_MATCH,,,
train,02091.jpg,NO_EXACT_MATCH,,,
train,02092.jpg,NO_EXACT_MATCH,,,
train,02093.jpg,NO_EXACT_MATCH,,,
train,02094.jpg,NO_EXACT_MATCH,,,
train,02095.jpg,NO_EXACT_MATCH,,,
train,02096.jpg,NO_EXACT_MATCH,,,
train,02097.jpg,NO_EXACT_MATCH,,,
train,02098.jpg,NO_EXACT_MATCH,,,
train,02099.jpg,NO_EXACT_MATCH,,,
train,02100.jpg,NO_EXACT_MATCH,,,
train,02101.jpg,NO_EXACT_MATCH,,,
train,02102.jpg,NO_EXACT_MATCH,,,
train,02103.jpg,NO_EXACT_MATCH,,,
train,02104.jpg,NO_EXACT_MATCH,,,
train,02105.jpg,NO_EXACT_MATCH,,,
train,02106.jpg,NO_EXACT_MATCH,,,
train,02107.jpg,NO_EXACT_MATCH,,,
train,02108.jpg,NO_EXACT_MATCH,,,
train,02109.jpg,NO_EXACT_MATCH,,,
train,02110.jpg,NO_EXACT_MATCH,,,
train,02111.jpg,NO_EXACT_MATCH,,,
train,02112.jpg,NO_EXACT_MATCH,,,
train,02113.jpg,NO_EXACT_MATCH,,,
train,02114.jpg,NO_EXACT_MATCH,,,
train,02115.jpg,NO_EXACT_MATCH,,,
train,02116.jpg,NO_EXACT_MATCH,,,
train,02117.jpg,NO_EXACT_MATCH,,,
train,02118.jpg,NO_EXACT_MATCH,,,
train,02119.jpg,NO_EXACT_MATCH,,,
train,02120.jpg,NO_EXACT_MATCH,,,
train,02121.jpg,NO_EXACT_MATCH,,,
train,02122.jpg,NO_EXACT_MATCH,,,
train,02123.jpg,NO_EXACT_MATCH,,,
train,02124.jpg,NO_EXACT_MATCH,,,
train,02125.jpg,NO_EXACT_MATCH,,,
train,02126.jpg,NO_EXACT_MATCH,,,
train,02127.jpg,NO_EXACT_MATCH,,,
train,02128.jpg,NO_EXACT_MATCH,,,
train,02129.jpg,NO_EXACT_MATCH,,,
train,02130.jpg,NO_EXACT_MATCH,,,
train,02131.jpg,NO_EXACT_MATCH,,,
train,02132.jpg,NO_EXACT_MATCH,,,
train,02133.jpg,NO_EXACT_MATCH,,,
train,02134.jpg,NO_EXACT_MATCH,,,
train,02135.jpg,NO_EXACT_MATCH,,,
train,02136.jpg,NO_EXACT_MATCH,,,
train,02137.jpg,NO_EXACT_MATCH,,,
train,02138.jpg,NO_EXACT_MATCH,,,
train,02139.jpg,NO_EXACT_MATCH,,,
train,02140.jpg,NO_EXACT_MATCH,,,
train,02141.jpg,NO_EXACT_MATCH,,,
train,02142.jpg,NO_EXACT_MATCH,,,
train,02143.jpg,NO_EXACT_MATCH,,,
train,02144.jpg,NO_EXACT_MATCH,,,
train,02145.jpg,NO_EXACT_MATCH,,,
train,02146.jpg,NO_EXACT_MATCH,,,
train,02147.jpg,NO_EXACT_MATCH,,,
train,02148.jpg,NO_EXACT_MATCH,,,
train,02149.jpg,NO_EXACT_MATCH,,,
train,02150.jpg,NO_EXACT_MATCH,,,
train,02151.jpg,NO_EXACT_MATCH,,,
train,02152.jpg,NO_EXACT_MATCH,,,
train,02153.jpg,NO_EXACT_MATCH,,,
train,02154.jpg,NO_EXACT_MATCH,,,
train,02155.jpg,NO_EXACT_MATCH,,,
train,02156.jpg,NO_EXACT_MATCH,,,
train,02157.jpg,NO_EXACT_MATCH,,,
train,02158.jpg,NO_EXACT_MATCH,,,
train,02159.jpg,NO_EXACT_MATCH,,,
train,02160.jpg,NO_EXACT_MATCH,,,
train,02161.jpg,NO_EXACT_MATCH,,,
train,02162.jpg,NO_EXACT_MATCH,,,
train,02163.jpg,NO_EXACT_MATCH,,,
train,02164.jpg,NO_EXACT_MATCH,,,
train,02165.jpg,NO_EXACT_MATCH,,,
train,02166.jpg,NO_EXACT_MATCH,,,
train,02167.jpg,NO_EXACT_MATCH,,,
train,02168.jpg,NO_EXACT_MATCH,,,
train,02169.jpg,NO_EXACT_MATCH,,,
train,02170.jpg,NO_EXACT_MATCH,,,
train,02171.jpg,NO_EXACT_MATCH,,,
train,02172.jpg,NO_EXACT_MATCH,,,
train,02173.jpg,NO_EXACT_MATCH,,,
train,02174.jpg,NO_EXACT_MATCH,,,
train,02175.jpg,NO_EXACT_MATCH,,,
train,02176.jpg,NO_EXACT_MATCH,,,
train,02177.jpg,NO_EXACT_MATCH,,,
train,02178.jpg,NO_EXACT_MATCH,,,
train,02179.jpg,NO_EXACT_MATCH,,,
train,02180.jpg,NO_EXACT_MATCH,,,
train,02181.jpg,NO_EXACT_MATCH,,,
train,02182.jpg,NO_EXACT_MATCH,,,
train,02183.jpg,NO_EXACT_MATCH,,,
train,02184.jpg,NO_EXACT_MATCH,,,
train,02185.jpg,NO_EXACT_MATCH,,,
train,02186.jpg,NO_EXACT_MATCH,,,
train,02187.jpg,NO_EXACT_MATCH,,,
train,02188.jpg,NO_EXACT_MATCH,,,
train,02189.jpg,NO_EXACT_MATCH,,,
train,02190.jpg,NO_EXACT_MATCH,,,
train,02191.jpg,NO_EXACT_MATCH,,,
train,02192.jpg,NO_EXACT_MATCH,,,
train,02193.jpg,NO_EXACT_MATCH,,,
train,02194.jpg,NO_EXACT_MATCH,,,
train,02195.jpg,NO_EXACT_MATCH,,,
train,02196.jpg,NO_EXACT_MATCH,,,
train,02197.jpg,NO_EXACT_MATCH,,,
train,02198.jpg,NO_EXACT_MATCH,,,
train,02199.jpg,NO_EXACT_MATCH,,,
train,02200.jpg,NO_EXACT_MATCH,,,
train,02201.jpg,NO_EXACT_MATCH,,,
train,02202.jpg,NO_EXACT_MATCH,,,
train,02203.jpg,NO_EXACT_MATCH,,,
train,02204.jpg,NO_EXACT_MATCH,,,
train,02205.jpg,NO_EXACT_MATCH,,,
train,02206.jpg,NO_EXACT_MATCH,,,
train,02207.jpg,NO_EXACT_MATCH,,,
train,02208.jpg,NO_EXACT_MATCH,,,
train,02209.jpg,NO_EXACT_MATCH,,,
train,02210.jpg,NO_EXACT_MATCH,,,
train,02211.jpg,NO_EXACT_MATCH,,,
train,02212.jpg,NO_EXACT_MATCH,,,
train,02213.jpg,NO_EXACT_MATCH,,,
train,02214.jpg,NO_EXACT_MATCH,,,
train,02215.jpg,NO_EXACT_MATCH,,,
train,02216.jpg,NO_EXACT_MATCH,,,
train,02217.jpg,NO_EXACT_MATCH,,,
train,02218.jpg,NO_EXACT_MATCH,,,
train,02219.jpg,NO_EXACT_MATCH,,,
train,02220.jpg,NO_EXACT_MATCH,,,
train,02221.jpg,NO_EXACT_MATCH,,,
train,02222.jpg,NO_EXACT_MATCH,,,
train,02223.jpg,NO_EXACT_MATCH,,,
train,02224.jpg,NO_EXACT_MATCH,,,
train,02225.jpg,NO_EXACT_MATCH,,,
train,02226.jpg,NO_EXACT_MATCH,,,
train,02227.jpg,NO_EXACT_MATCH,,,
train,02228.jpg,NO_EXACT_MATCH,,,
train,02229.jpg,NO_EXACT_MATCH,,,
train,02230.jpg,NO_EXACT_MATCH,,,
train,02231.jpg,NO_EXACT_MATCH,,,
train,02232.jpg,NO_EXACT_MATCH,,,
train,02233.jpg,NO_EXACT_MATCH,,,
train,02234.jpg,NO_EXACT_MATCH,,,
train,02235.jpg,NO_EXACT_MATCH,,,
train,02236.jpg,NO_EXACT_MATCH,,,
train,02237.jpg,NO_EXACT_MATCH,,,
train,02238.jpg,NO_EXACT_MATCH,,,
train,02239.jpg,NO_EXACT_MATCH,,,
train,02240.jpg,NO_EXACT_MATCH,,,
train,02241.jpg,NO_EXACT_MATCH,,,
train,02242.jpg,NO_EXACT_MATCH,,,
train,02243.jpg,NO_EXACT_MATCH,,,
train,02244.jpg,NO_EXACT_MATCH,,,
train,02245.jpg,NO_EXACT_MATCH,,,
train,02246.jpg,NO_EXACT_MATCH,,,
train,02247.jpg,NO_EXACT_MATCH,,,
train,02248.jpg,NO_EXACT_MATCH,,,
train,02249.jpg,NO_EXACT_MATCH,,,
train,02250.jpg,NO_EXACT_MATCH,,,
train,02251.jpg,NO_EXACT_MATCH,,,
train,02252.jpg,NO_EXACT_MATCH,,,
train,02253.jpg,NO_EXACT_MATCH,,,
train,02254.jpg,NO_EXACT_MATCH,,,
train,02255.jpg,NO_EXACT_MATCH,,,
train,02256.jpg,NO_EXACT_MATCH,,,
train,02257.jpg,NO_EXACT_MATCH,,,
train,02258.jpg,NO_EXACT_MATCH,,,
train,02259.jpg,NO_EXACT_MATCH,,,
train,02260.jpg,NO_EXACT_MATCH,,,
train,02261.jpg,NO_EXACT_MATCH,,,
train,02262.jpg,NO_EXACT_MATCH,,,
train,02263.jpg,NO_EXACT_MATCH,,,
train,02264.jpg,NO_EXACT_MATCH,,,
train,02265.jpg,NO_EXACT_MATCH,,,
train,02266.jpg,NO_EXACT_MATCH,,,
train,02267.jpg,NO_EXACT_MATCH,,,
train,02268.jpg,NO_EXACT_MATCH,,,
train,02269.jpg,NO_EXACT_MATCH,,,
train,02270.jpg,NO_EXACT_MATCH,,,
train,02271.jpg,NO_EXACT_MATCH,,,
train,02272.jpg,NO_EXACT_MATCH,,,
train,02273.jpg,NO_EXACT_MATCH,,,
train,02274.jpg,NO_EXACT_MATCH,,,
train,02275.jpg,NO_EXACT_MATCH,,,
train,02276.jpg,NO_EXACT_MATCH,,,
train,02277.jpg,NO_EXACT_MATCH,,,
train,02278.jpg,NO_EXACT_MATCH,,,
train,02279.jpg,NO_EXACT_MATCH,,,
train,02280.jpg,NO_EXACT_MATCH,,,
train,02281.jpg,NO_EXACT_MATCH,,,
train,02282.jpg,NO_EXACT_MATCH,,,
train,02283.jpg,NO_EXACT_MATCH,,,
train,02284.jpg,NO_EXACT_MATCH,,,
train,02285.jpg,NO_EXACT_MATCH,,,
train,02286.jpg,NO_EXACT_MATCH,,,
train,02287.jpg,NO_EXACT_MATCH,,,
train,02288.jpg,NO_EXACT_MATCH,,,
train,02289.jpg,NO_EXACT_MATCH,,,
train,02290.jpg,NO_EXACT_MATCH,,,
train,02291.jpg,NO_EXACT_MATCH,,,
train,02292.jpg,NO_EXACT_MATCH,,,
train,02293.jpg,NO_EXACT_MATCH,,,
train,02294.jpg,NO_EXACT_MATCH,,,
train,02295.jpg,NO_EXACT_MATCH,,,
train,02296.jpg,NO_EXACT_MATCH,,,
train,02297.jpg,NO_EXACT_MATCH,,,
train,02298.jpg,NO_EXACT_MATCH,,,
train,02299.jpg,NO_EXACT_MATCH,,,
train,02300.jpg,NO_EXACT_MATCH,,,
train,02301.jpg,NO_EXACT_MATCH,,,
train,02302.jpg,NO_EXACT_MATCH,,,
train,02303.jpg,NO_EXACT_MATCH,,,
train,02304.jpg,NO_EXACT_MATCH,,,
train,02305.jpg,NO_EXACT_MATCH,,,
train,02306.jpg,NO_EXACT_MATCH,,,
train,02307.jpg,NO_EXACT_MATCH,,,
train,02308.jpg,NO_EXACT_MATCH,,,
train,02309.jpg,NO_EXACT_MATCH,,,
train,02310.jpg,NO_EXACT_MATCH,,,
train,02311.jpg,NO_EXACT_MATCH,,,
train,02312.jpg,NO_EXACT_MATCH,,,
train,02313.jpg,NO_EXACT_MATCH,,,
train,02314.jpg,NO_EXACT_MATCH,,,
train,02315.jpg,NO_EXACT_MATCH,,,
train,02316.jpg,NO_EXACT_MATCH,,,
train,02317.jpg,NO_EXACT_MATCH,,,
train,02318.jpg,NO_EXACT_MATCH,,,
train,02319.jpg,NO_EXACT_MATCH,,,
train,02320.jpg,NO_EXACT_MATCH,,,
train,02321.jpg,NO_EXACT_MATCH,,,
train,02322.jpg,NO_EXACT_MATCH,,,
train,02323.jpg,NO_EXACT_MATCH,,,
train,02324.jpg,NO_EXACT_MATCH,,,
train,02325.jpg,NO_EXACT_MATCH,,,
train,02326.jpg,NO_EXACT_MATCH,,,
train,02327.jpg,NO_EXACT_MATCH,,,
train,02328.jpg,NO_EXACT_MATCH,,,
train,02329.jpg,NO_EXACT_MATCH,,,
train,02330.jpg,NO_EXACT_MATCH,,,
train,02331.jpg,NO_EXACT_MATCH,,,
train,02332.jpg,NO_EXACT_MATCH,,,
train,02333.jpg,NO_EXACT_MATCH,,,
train,02334.jpg,NO_EXACT_MATCH,,,
train,02335.jpg,NO_EXACT_MATCH,,,
train,02336.jpg,NO_EXACT_MATCH,,,
train,02337.jpg,NO_EXACT_MATCH,,,
train,02338.jpg,NO_EXACT_MATCH,,,
train,02339.jpg,NO_EXACT_MATCH,,,
train,02340.jpg,NO_EXACT_MATCH,,,
train,02341.jpg,NO_EXACT_MATCH,,,
train,02342.jpg,NO_EXACT_MATCH,,,
train,02343.jpg,NO_EXACT_MATCH,,,
train,02344.jpg,NO_EXACT_MATCH,,,
train,02345.jpg,NO_EXACT_MATCH,,,
train,02346.jpg,NO_EXACT_MATCH,,,
train,02347.jpg,NO_EXACT_MATCH,,,
train,02348.jpg,NO_EXACT_MATCH,,,
train,02349.jpg,NO_EXACT_MATCH,,,
train,02350.jpg,NO_EXACT_MATCH,,,
train,02351.jpg,NO_EXACT_MATCH,,,
train,02352.jpg,NO_EXACT_MATCH,,,
train,02353.jpg,NO_EXACT_MATCH,,,
train,02354.jpg,NO_EXACT_MATCH,,,
train,02355.jpg,NO_EXACT_MATCH,,,
train,02356.jpg,NO_EXACT_MATCH,,,
train,02357.jpg,NO_EXACT_MATCH,,,
train,02358.jpg,NO_EXACT_MATCH,,,
train,02359.jpg,NO_EXACT_MATCH,,,
train,02360.jpg,NO_EXACT_MATCH,,,
train,02361.jpg,NO_EXACT_MATCH,,,
train,02362.jpg,NO_EXACT_MATCH,,,
train,02363.jpg,NO_EXACT_MATCH,,,
train,02364.jpg,NO_EXACT_MATCH,,,
train,02365.jpg,NO_EXACT_MATCH,,,
train,02366.jpg,NO_EXACT_MATCH,,,
train,02367.jpg,NO_EXACT_MATCH,,,
train,02368.jpg,NO_EXACT_MATCH,,,
train,02369.jpg,NO_EXACT_MATCH,,,
train,02370.jpg,NO_EXACT_MATCH,,,
train,02371.jpg,NO_EXACT_MATCH,,,
train,02372.jpg,NO_EXACT_MATCH,,,
train,02373.jpg,NO_EXACT_MATCH,,,
train,02374.jpg,NO_EXACT_MATCH,,,
train,02375.jpg,NO_EXACT_MATCH,,,
train,02376.jpg,NO_EXACT_MATCH,,,
train,02377.jpg,NO_EXACT_MATCH,,,
train,02378.jpg,NO_EXACT_MATCH,,,
train,02379.jpg,NO_EXACT_MATCH,,,
train,02380.jpg,NO_EXACT_MATCH,,,
train,02381.jpg,NO_EXACT_MATCH,,,
train,02382.jpg,NO_EXACT_MATCH,,,
train,02383.jpg,NO_EXACT_MATCH,,,
train,02384.jpg,NO_EXACT_MATCH,,,
train,02385.jpg,NO_EXACT_MATCH,,,
train,02386.jpg,NO_EXACT_MATCH,,,
train,02387.jpg,NO_EXACT_MATCH,,,
train,02388.jpg,NO_EXACT_MATCH,,,
train,02389.jpg,NO_EXACT_MATCH,,,
train,02390.jpg,NO_EXACT_MATCH,,,
train,02391.jpg,NO_EXACT_MATCH,,,
train,02392.jpg,NO_EXACT_MATCH,,,
train,02393.jpg,NO_EXACT_MATCH,,,
train,02394.jpg,NO_EXACT_MATCH,,,
train,02395.jpg,NO_EXACT_MATCH,,,
train,02396.jpg,NO_EXACT_MATCH,,,
train,02397.jpg,NO_EXACT_MATCH,,,
train,02398.jpg,NO_EXACT_MATCH,,,
train,02399.jpg,NO_EXACT_MATCH,,,
train,02400.jpg,NO_EXACT_MATCH,,,
train,02401.jpg,NO_EXACT_MATCH,,,
train,02402.jpg,NO_EXACT_MATCH,,,
train,02403.jpg,NO_EXACT_MATCH,,,
train,02404.jpg,NO_EXACT_MATCH,,,
train,02405.jpg,NO_EXACT_MATCH,,,
train,02406.jpg,NO_EXACT_MATCH,,,
train,02407.jpg,NO_EXACT_MATCH,,,
train,02408.jpg,NO_EXACT_MATCH,,,
train,02409.jpg,NO_EXACT_MATCH,,,
train,02410.jpg,NO_EXACT_MATCH,,,
train,02411.jpg,NO_EXACT_MATCH,,,
train,02412.jpg,NO_EXACT_MATCH,,,
train,02413.jpg,NO_EXACT_MATCH,,,
train,02414.jpg,NO_EXACT_MATCH,,,
train,02415.jpg,NO_EXACT_MATCH,,,
train,02416.jpg,NO_EXACT_MATCH,,,
train,02417.jpg,NO_EXACT_MATCH,,,
train,02418.jpg,NO_EXACT_MATCH,,,
train,02419.jpg,NO_EXACT_MATCH,,,
train,02420.jpg,NO_EXACT_MATCH,,,
train,02421.jpg,NO_EXACT_MATCH,,,
train,02422.jpg,NO_EXACT_MATCH,,,
train,02423.jpg,NO_EXACT_MATCH,,,
train,02424.jpg,NO_EXACT_MATCH,,,
train,02425.jpg,NO_EXACT_MATCH,,,
train,02426.jpg,NO_EXACT_MATCH,,,
train,02427.jpg,NO_EXACT_MATCH,,,
train,02428.jpg,NO_EXACT_MATCH,,,
train,02429.jpg,NO_EXACT_MATCH,,,
train,02430.jpg,NO_EXACT_MATCH,,,
train,02431.jpg,NO_EXACT_MATCH,,,
train,02432.jpg,NO_EXACT_MATCH,,,
train,02433.jpg,NO_EXACT_MATCH,,,
train,02434.jpg,NO_EXACT_MATCH,,,
train,02435.jpg,NO_EXACT_MATCH,,,
train,02436.jpg,NO_EXACT_MATCH,,,
train,02437.jpg,NO_EXACT_MATCH,,,
train,02438.jpg,NO_EXACT_MATCH,,,
train,02439.jpg,NO_EXACT_MATCH,,,
train,02440.jpg,NO_EXACT_MATCH,,,
train,02441.jpg,NO_EXACT_MATCH,,,
train,02442.jpg,NO_EXACT_MATCH,,,
train,02443.jpg,NO_EXACT_MATCH,,,
train,02444.jpg,NO_EXACT_MATCH,,,
train,02445.jpg,NO_EXACT_MATCH,,,
train,02446.jpg,NO_EXACT_MATCH,,,
train,02447.jpg,NO_EXACT_MATCH,,,
train,02448.jpg,NO_EXACT_MATCH,,,
train,02449.jpg,NO_EXACT_MATCH,,,
train,02450.jpg,NO_EXACT_MATCH,,,
train,02451.jpg,NO_EXACT_MATCH,,,
train,02452.jpg,NO_EXACT_MATCH,,,
train,02453.jpg,NO_EXACT_MATCH,,,
train,02454.jpg,NO_EXACT_MATCH,,,
train,02455.jpg,NO_EXACT_MATCH,,,
train,02456.jpg,NO_EXACT_MATCH,,,
train,02457.jpg,NO_EXACT_MATCH,,,
train,02458.jpg,NO_EXACT_MATCH,,,
train,02459.jpg,NO_EXACT_MATCH,,,
train,02460.jpg,NO_EXACT_MATCH,,,
train,02461.jpg,NO_EXACT_MATCH,,,
train,02462.jpg,NO_EXACT_MATCH,,,
train,02463.jpg,NO_EXACT_MATCH,,,
train,02464.jpg,NO_EXACT_MATCH,,,
train,02465.jpg,NO_EXACT_MATCH,,,
train,02466.jpg,NO_EXACT_MATCH,,,
train,02467.jpg,NO_EXACT_MATCH,,,
train,02468.jpg,NO_EXACT_MATCH,,,
train,02469.jpg,NO_EXACT_MATCH,,,
train,02470.jpg,NO_EXACT_MATCH,,,
train,02471.jpg,NO_EXACT_MATCH,,,
train,02472.jpg,NO_EXACT_MATCH,,,
train,02473.jpg,NO_EXACT_MATCH,,,
train,02474.jpg,NO_EXACT_MATCH,,,
train,02475.jpg,NO_EXACT_MATCH,,,
train,02476.jpg,NO_EXACT_MATCH,,,
train,02477.jpg,NO_EXACT_MATCH,,,
train,02478.jpg,NO_EXACT_MATCH,,,
train,02479.jpg,NO_EXACT_MATCH,,,
train,02480.jpg,NO_EXACT_MATCH,,,
train,02481.jpg,NO_EXACT_MATCH,,,
train,02482.jpg,NO_EXACT_MATCH,,,
train,02483.jpg,NO_EXACT_MATCH,,,
train,02484.jpg,NO_EXACT_MATCH,,,
train,02485.jpg,NO_EXACT_MATCH,,,
train,02486.jpg,NO_EXACT_MATCH,,,
train,02487.jpg,NO_EXACT_MATCH,,,
train,02488.jpg,NO_EXACT_MATCH,,,
train,02489.jpg,NO_EXACT_MATCH,,,
train,02490.jpg,NO_EXACT_MATCH,,,
train,02491.jpg,NO_EXACT_MATCH,,,
train,02492.jpg,NO_EXACT_MATCH,,,
train,02493.jpg,NO_EXACT_MATCH,,,
train,02494.jpg,NO_EXACT_MATCH,,,
train,02495.jpg,NO_EXACT_MATCH,,,
train,02496.jpg,NO_EXACT_MATCH,,,
train,02497.jpg,NO_EXACT_MATCH,,,
train,02498.jpg,NO_EXACT_MATCH,,,
train,02499.jpg,NO_EXACT_MATCH,,,
train,02500.jpg,NO_EXACT_MATCH,,,
train,02501.jpg,NO_EXACT_MATCH,,,
train,02502.jpg,NO_EXACT_MATCH,,,
train,02503.jpg,NO_EXACT_MATCH,,,
train,02504.jpg,NO_EXACT_MATCH,,,
train,02505.jpg,NO_EXACT_MATCH,,,
train,02506.jpg,NO_EXACT_MATCH,,,
train,02507.jpg,NO_EXACT_MATCH,,,
train,02508.jpg,NO_EXACT_MATCH,,,
train,02509.jpg,NO_EXACT_MATCH,,,
train,02510.jpg,NO_EXACT_MATCH,,,
train,02511.jpg,NO_EXACT_MATCH,,,
train,02512.jpg,NO_EXACT_MATCH,,,
train,02513.jpg,NO_EXACT_MATCH,,,
train,02514.jpg,NO_EXACT_MATCH,,,
train,02515.jpg,NO_EXACT_MATCH,,,
train,02516.jpg,NO_EXACT_MATCH,,,
train,02517.jpg,NO_EXACT_MATCH,,,
train,02518.jpg,NO_EXACT_MATCH,,,
train,02519.jpg,NO_EXACT_MATCH,,,
train,02520.jpg,NO_EXACT_MATCH,,,
train,02521.jpg,NO_EXACT_MATCH,,,
train,02522.jpg,NO_EXACT_MATCH,,,
train,02523.jpg,NO_EXACT_MATCH,,,
train,02524.jpg,NO_EXACT_MATCH,,,
train,02525.jpg,NO_EXACT_MATCH,,,
train,02526.jpg,NO_EXACT_MATCH,,,
train,02527.jpg,NO_EXACT_MATCH,,,
train,02528.jpg,NO_EXACT_MATCH,,,
train,02529.jpg,NO_EXACT_MATCH,,,
train,02530.jpg,NO_EXACT_MATCH,,,
train,02531.jpg,NO_EXACT_MATCH,,,
train,02532.jpg,NO_EXACT_MATCH,,,
train,02533.jpg,NO_EXACT_MATCH,,,
train,02534.jpg,NO_EXACT_MATCH,,,
train,02535.jpg,NO_EXACT_MATCH,,,
train,02536.jpg,NO_EXACT_MATCH,,,
train,02537.jpg,NO_EXACT_MATCH,,,
train,02538.jpg,NO_EXACT_MATCH,,,
train,02539.jpg,NO_EXACT_MATCH,,,
train,02540.jpg,NO_EXACT_MATCH,,,
train,02541.jpg,NO_EXACT_MATCH,,,
train,02542.jpg,NO_EXACT_MATCH,,,
train,02543.jpg,NO_EXACT_MATCH,,,
train,02544.jpg,NO_EXACT_MATCH,,,
train,02545.jpg,NO_EXACT_MATCH,,,
train,02546.jpg,NO_EXACT_MATCH,,,
train,02547.jpg,NO_EXACT_MATCH,,,
train,02548.jpg,NO_EXACT_MATCH,,,
train,02549.jpg,NO_EXACT_MATCH,,,
train,02550.jpg,NO_EXACT_MATCH,,,
train,02551.jpg,NO_EXACT_MATCH,,,
train,02552.jpg,NO_EXACT_MATCH,,,
train,02553.jpg,NO_EXACT_MATCH,,,
train,02554.jpg,NO_EXACT_MATCH,,,
train,02555.jpg,NO_EXACT_MATCH,,,
train,02556.jpg,NO_EXACT_MATCH,,,
train,02557.jpg,NO_EXACT_MATCH,,,
train,02558.jpg,NO_EXACT_MATCH,,,
train,02559.jpg,NO_EXACT_MATCH,,,
train,02560.jpg,NO_EXACT_MATCH,,,
train,02561.jpg,NO_EXACT_MATCH,,,
train,02562.jpg,NO_EXACT_MATCH,,,
train,02563.jpg,NO_EXACT_MATCH,,,
train,02564.jpg,NO_EXACT_MATCH,,,
train,02565.jpg,NO_EXACT_MATCH,,,
train,02566.jpg,NO_EXACT_MATCH,,,
train,02567.jpg,NO_EXACT_MATCH,,,
train,02568.jpg,NO_EXACT_MATCH,,,
train,02569.jpg,NO_EXACT_MATCH,,,
train,02570.jpg,NO_EXACT_MATCH,,,
train,02571.jpg,NO_EXACT_MATCH,,,
train,02572.jpg,NO_EXACT_MATCH,,,
train,02573.jpg,NO_EXACT_MATCH,,,
train,02574.jpg,NO_EXACT_MATCH,,,
train,02575.jpg,NO_EXACT_MATCH,,,
train,02576.jpg,NO_EXACT_MATCH,,,
train,02577.jpg,NO_EXACT_MATCH,,,
train,02578.jpg,NO_EXACT_MATCH,,,
train,02579.jpg,NO_EXACT_MATCH,,,
train,02580.jpg,NO_EXACT_MATCH,,,
train,02581.jpg,NO_EXACT_MATCH,,,
train,02582.jpg,NO_EXACT_MATCH,,,
train,02583.jpg,NO_EXACT_MATCH,,,
train,02584.jpg,NO_EXACT_MATCH,,,
train,02585.jpg,NO_EXACT_MATCH,,,
train,02586.jpg,NO_EXACT_MATCH,,,
train,02587.jpg,NO_EXACT_MATCH,,,
train,02588.jpg,NO_EXACT_MATCH,,,
train,02589.jpg,NO_EXACT_MATCH,,,
train,02590.jpg,NO_EXACT_MATCH,,,
train,02591.jpg,NO_EXACT_MATCH,,,
train,02592.jpg,NO_EXACT_MATCH,,,
train,02593.jpg,NO_EXACT_MATCH,,,
train,02594.jpg,NO_EXACT_MATCH,,,
train,02595.jpg,NO_EXACT_MATCH,,,
train,02596.jpg,NO_EXACT_MATCH,,,
train,02597.jpg,NO_EXACT_MATCH,,,
train,02598.jpg,NO_EXACT_MATCH,,,
train,02599.jpg,NO_EXACT_MATCH,,,
train,02600.jpg,NO_EXACT_MATCH,,,
train,02601.jpg,NO_EXACT_MATCH,,,
train,02602.jpg,NO_EXACT_MATCH,,,
train,02603.jpg,NO_EXACT_MATCH,,,
train,02604.jpg,NO_EXACT_MATCH,,,
train,02605.jpg,NO_EXACT_MATCH,,,
train,02606.jpg,NO_EXACT_MATCH,,,
train,02607.jpg,NO_EXACT_MATCH,,,
train,02608.jpg,NO_EXACT_MATCH,,,
train,02609.jpg,NO_EXACT_MATCH,,,
train,02610.jpg,NO_EXACT_MATCH,,,
train,02611.jpg,NO_EXACT_MATCH,,,
train,02612.jpg,NO_EXACT_MATCH,,,
train,02613.jpg,NO_EXACT_MATCH,,,
train,02614.jpg,NO_EXACT_MATCH,,,
train,02615.jpg,NO_EXACT_MATCH,,,
train,02616.jpg,NO_EXACT_MATCH,,,
train,02617.jpg,NO_EXACT_MATCH,,,
train,02618.jpg,NO_EXACT_MATCH,,,
train,02619.jpg,NO_EXACT_MATCH,,,
train,02620.jpg,NO_EXACT_MATCH,,,
train,02621.jpg,NO_EXACT_MATCH,,,
train,02622.jpg,NO_EXACT_MATCH,,,
train,02623.jpg,NO_EXACT_MATCH,,,
train,02624.jpg,NO_EXACT_MATCH,,,
train,02625.jpg,NO_EXACT_MATCH,,,
train,02626.jpg,NO_EXACT_MATCH,,,
train,02627.jpg,NO_EXACT_MATCH,,,
train,02628.jpg,NO_EXACT_MATCH,,,
train,02629.jpg,NO_EXACT_MATCH,,,
train,02630.jpg,NO_EXACT_MATCH,,,
train,02631.jpg,NO_EXACT_MATCH,,,
train,02632.jpg,NO_EXACT_MATCH,,,
train,02633.jpg,NO_EXACT_MATCH,,,
train,02634.jpg,NO_EXACT_MATCH,,,
train,02635.jpg,NO_EXACT_MATCH,,,
train,02636.jpg,NO_EXACT_MATCH,,,
train,02637.jpg,NO_EXACT_MATCH,,,
train,02638.jpg,NO_EXACT_MATCH,,,
train,02639.jpg,NO_EXACT_MATCH,,,
train,02640.jpg,NO_EXACT_MATCH,,,
train,02641.jpg,NO_EXACT_MATCH,,,
train,02642.jpg,NO_EXACT_MATCH,,,
train,02643.jpg,NO_EXACT_MATCH,,,
train,02644.jpg,NO_EXACT_MATCH,,,
train,02645.jpg,NO_EXACT_MATCH,,,
train,02646.jpg,NO_EXACT_MATCH,,,
train,02647.jpg,NO_EXACT_MATCH,,,
train,02648.jpg,NO_EXACT_MATCH,,,
train,02649.jpg,NO_EXACT_MATCH,,,
train,02650.jpg,NO_EXACT_MATCH,,,
train,02651.jpg,NO_EXACT_MATCH,,,
train,02652.jpg,NO_EXACT_MATCH,,,
train,02653.jpg,NO_EXACT_MATCH,,,
train,02654.jpg,NO_EXACT_MATCH,,,
train,02655.jpg,NO_EXACT_MATCH,,,
train,02656.jpg,NO_EXACT_MATCH,,,
train,02657.jpg,NO_EXACT_MATCH,,,
train,02658.jpg,NO_EXACT_MATCH,,,
train,02659.jpg,NO_EXACT_MATCH,,,
train,02660.jpg,NO_EXACT_MATCH,,,
train,02661.jpg,NO_EXACT_MATCH,,,
train,02662.jpg,NO_EXACT_MATCH,,,
train,02663.jpg,NO_EXACT_MATCH,,,
train,02664.jpg,NO_EXACT_MATCH,,,
train,02665.jpg,NO_EXACT_MATCH,,,
train,02666.jpg,NO_EXACT_MATCH,,,
train,02667.jpg,NO_EXACT_MATCH,,,
train,02668.jpg,NO_EXACT_MATCH,,,
train,02669.jpg,NO_EXACT_MATCH,,,
train,02670.jpg,NO_EXACT_MATCH,,,
train,02671.jpg,NO_EXACT_MATCH,,,
train,02672.jpg,NO_EXACT_MATCH,,,
train,02673.jpg,NO_EXACT_MATCH,,,
train,02674.jpg,NO_EXACT_MATCH,,,
train,02675.jpg,NO_EXACT_MATCH,,,
train,02676.jpg,NO_EXACT_MATCH,,,
train,02677.jpg,NO_EXACT_MATCH,,,
train,02678.jpg,NO_EXACT_MATCH,,,
train,02679.jpg,NO_EXACT_MATCH,,,
train,02680.jpg,NO_EXACT_MATCH,,,
train,02681.jpg,NO_EXACT_MATCH,,,
train,02682.jpg,NO_EXACT_MATCH,,,
train,02683.jpg,NO_EXACT_MATCH,,,
train,02684.jpg,NO_EXACT_MATCH,,,
train,02685.jpg,NO_EXACT_MATCH,,,
train,02686.jpg,NO_EXACT_MATCH,,,
train,02687.jpg,NO_EXACT_MATCH,,,
train,02688.jpg,NO_EXACT_MATCH,,,
train,02689.jpg,NO_EXACT_MATCH,,,
train,02690.jpg,NO_EXACT_MATCH,,,
train,02691.jpg,NO_EXACT_MATCH,,,
train,02692.jpg,NO_EXACT_MATCH,,,
train,02693.jpg,NO_EXACT_MATCH,,,
train,02694.jpg,NO_EXACT_MATCH,,,
train,02695.jpg,NO_EXACT_MATCH,,,
train,02696.jpg,NO_EXACT_MATCH,,,
train,02697.jpg,NO_EXACT_MATCH,,,
train,02698.jpg,NO_EXACT_MATCH,,,
train,02699.jpg,NO_EXACT_MATCH,,,
train,02700.jpg,NO_EXACT_MATCH,,,
train,02701.jpg,NO_EXACT_MATCH,,,
train,02702.jpg,NO_EXACT_MATCH,,,
train,02703.jpg,NO_EXACT_MATCH,,,
train,02704.jpg,NO_EXACT_MATCH,,,
train,02705.jpg,NO_EXACT_MATCH,,,
train,02706.jpg,NO_EXACT_MATCH,,,
train,02707.jpg,NO_EXACT_MATCH,,,
train,02708.jpg,NO_EXACT_MATCH,,,
train,02709.jpg,NO_EXACT_MATCH,,,
train,02710.jpg,NO_EXACT_MATCH,,,
train,02711.jpg,NO_EXACT_MATCH,,,
train,02712.jpg,NO_EXACT_MATCH,,,
train,02713.jpg,NO_EXACT_MATCH,,,
train,02714.jpg,NO_EXACT_MATCH,,,
train,02715.jpg,NO_EXACT_MATCH,,,
train,02716.jpg,NO_EXACT_MATCH,,,
train,02717.jpg,NO_EXACT_MATCH,,,
train,02718.jpg,NO_EXACT_MATCH,,,
train,02719.jpg,NO_EXACT_MATCH,,,
train,02720.jpg,NO_EXACT_MATCH,,,
train,02721.jpg,NO_EXACT_MATCH,,,
train,02722.jpg,NO_EXACT_MATCH,,,
train,02723.jpg,NO_EXACT_MATCH,,,
train,02724.jpg,NO_EXACT_MATCH,,,
train,02725.jpg,NO_EXACT_MATCH,,,
train,02726.jpg,NO_EXACT_MATCH,,,
train,02727.jpg,NO_EXACT_MATCH,,,
train,02728.jpg,NO_EXACT_MATCH,,,
train,02729.jpg,NO_EXACT_MATCH,,,
train,02730.jpg,NO_EXACT_MATCH,,,
train,02731.jpg,NO_EXACT_MATCH,,,
train,02732.jpg,NO_EXACT_MATCH,,,
train,02733.jpg,NO_EXACT_MATCH,,,
train,02734.jpg,NO_EXACT_MATCH,,,
train,02735.jpg,NO_EXACT_MATCH,,,
train,02736.jpg,NO_EXACT_MATCH,,,
train,02737.jpg,NO_EXACT_MATCH,,,
train,02738.jpg,NO_EXACT_MATCH,,,
train,02739.jpg,NO_EXACT_MATCH,,,
train,02740.jpg,NO_EXACT_MATCH,,,
train,02741.jpg,NO_EXACT_MATCH,,,
train,02742.jpg,NO_EXACT_MATCH,,,
train,02743.jpg,NO_EXACT_MATCH,,,
train,02744.jpg,NO_EXACT_MATCH,,,
train,02745.jpg,NO_EXACT_MATCH,,,
train,02746.jpg,NO_EXACT_MATCH,,,
train,02747.jpg,NO_EXACT_MATCH,,,
train,02748.jpg,NO_EXACT_MATCH,,,
train,02749.jpg,NO_EXACT_MATCH,,,
train,02750.jpg,NO_EXACT_MATCH,,,
train,02751.jpg,NO_EXACT_MATCH,,,
train,02752.jpg,NO_EXACT_MATCH,,,
train,02753.jpg,NO_EXACT_MATCH,,,
train,02754.jpg,NO_EXACT_MATCH,,,
train,02755.jpg,NO_EXACT_MATCH,,,
train,02756.jpg,NO_EXACT_MATCH,,,
train,02757.jpg,NO_EXACT_MATCH,,,
train,02758.jpg,NO_EXACT_MATCH,,,
train,02759.jpg,NO_EXACT_MATCH,,,
train,02760.jpg,NO_EXACT_MATCH,,,
train,02761.jpg,NO_EXACT_MATCH,,,
train,02762.jpg,NO_EXACT_MATCH,,,
train,02763.jpg,NO_EXACT_MATCH,,,
train,02764.jpg,NO_EXACT_MATCH,,,
train,02765.jpg,NO_EXACT_MATCH,,,
train,02766.jpg,NO_EXACT_MATCH,,,
train,02767.jpg,NO_EXACT_MATCH,,,
train,02768.jpg,NO_EXACT_MATCH,,,
train,02769.jpg,NO_EXACT_MATCH,,,
train,02770.jpg,NO_EXACT_MATCH,,,
train,02771.jpg,NO_EXACT_MATCH,,,
train,02772.jpg,NO_EXACT_MATCH,,,
train,02773.jpg,NO_EXACT_MATCH,,,
train,02774.jpg,NO_EXACT_MATCH,,,
train,02775.jpg,NO_EXACT_MATCH,,,
train,02776.jpg,NO_EXACT_MATCH,,,
train,02777.jpg,NO_EXACT_MATCH,,,
train,02778.jpg,NO_EXACT_MATCH,,,
train,02779.jpg,NO_EXACT_MATCH,,,
train,02780.jpg,NO_EXACT_MATCH,,,
train,02781.jpg,NO_EXACT_MATCH,,,
train,02782.jpg,NO_EXACT_MATCH,,,
train,02783.jpg,NO_EXACT_MATCH,,,
train,02784.jpg,NO_EXACT_MATCH,,,
train,02785.jpg,NO_EXACT_MATCH,,,
train,02786.jpg,NO_EXACT_MATCH,,,
train,02787.jpg,NO_EXACT_MATCH,,,
train,02788.jpg,NO_EXACT_MATCH,,,
train,02789.jpg,NO_EXACT_MATCH,,,
train,02790.jpg,NO_EXACT_MATCH,,,
train,02791.jpg,NO_EXACT_MATCH,,,
train,02792.jpg,NO_EXACT_MATCH,,,
train,02793.jpg,NO_EXACT_MATCH,,,
train,02794.jpg,NO_EXACT_MATCH,,,
train,02795.jpg,NO_EXACT_MATCH,,,
train,02796.jpg,NO_EXACT_MATCH,,,
train,02797.jpg,NO_EXACT_MATCH,,,
train,02798.jpg,NO_EXACT_MATCH,,,
train,02799.jpg,NO_EXACT_MATCH,,,
train,02800.jpg,NO_EXACT_MATCH,,,
train,02801.jpg,NO_EXACT_MATCH,,,
train,02802.jpg,NO_EXACT_MATCH,,,
train,02803.jpg,NO_EXACT_MATCH,,,
train,02804.jpg,NO_EXACT_MATCH,,,
train,02805.jpg,NO_EXACT_MATCH,,,
train,02806.jpg,NO_EXACT_MATCH,,,
train,02807.jpg,NO_EXACT_MATCH,,,
train,02808.jpg,NO_EXACT_MATCH,,,
train,02809.jpg,NO_EXACT_MATCH,,,
train,02810.jpg,NO_EXACT_MATCH,,,
train,02811.jpg,NO_EXACT_MATCH,,,
train,02812.jpg,NO_EXACT_MATCH,,,
train,02813.jpg,NO_EXACT_MATCH,,,
train,02814.jpg,NO_EXACT_MATCH,,,
train,02815.jpg,NO_EXACT_MATCH,,,
train,02816.jpg,NO_EXACT_MATCH,,,
train,02817.jpg,NO_EXACT_MATCH,,,
train,02818.jpg,NO_EXACT_MATCH,,,
train,02819.jpg,NO_EXACT_MATCH,,,
train,02820.jpg,NO_EXACT_MATCH,,,
train,02821.jpg,NO_EXACT_MATCH,,,
train,02822.jpg,NO_EXACT_MATCH,,,
train,02823.jpg,NO_EXACT_MATCH,,,
train,02824.jpg,NO_EXACT_MATCH,,,
train,02825.jpg,NO_EXACT_MATCH,,,
train,02826.jpg,NO_EXACT_MATCH,,,
train,02827.jpg,NO_EXACT_MATCH,,,
train,02828.jpg,NO_EXACT_MATCH,,,
train,02829.jpg,NO_EXACT_MATCH,,,
train,02830.jpg,NO_EXACT_MATCH,,,
train,02831.jpg,NO_EXACT_MATCH,,,
train,02832.jpg,NO_EXACT_MATCH,,,
train,02833.jpg,NO_EXACT_MATCH,,,
train,02834.jpg,NO_EXACT_MATCH,,,
train,02835.jpg,NO_EXACT_MATCH,,,
train,02836.jpg,NO_EXACT_MATCH,,,
train,02837.jpg,NO_EXACT_MATCH,,,
train,02838.jpg,NO_EXACT_MATCH,,,
train,02839.jpg,NO_EXACT_MATCH,,,
train,02840.jpg,NO_EXACT_MATCH,,,
train,02841.jpg,NO_EXACT_MATCH,,,
train,02842.jpg,NO_EXACT_MATCH,,,
train,02843.jpg,NO_EXACT_MATCH,,,
train,02844.jpg,NO_EXACT_MATCH,,,
train,02845.jpg,NO_EXACT_MATCH,,,
train,02846.jpg,NO_EXACT_MATCH,,,
train,02847.jpg,NO_EXACT_MATCH,,,
train,02848.jpg,NO_EXACT_MATCH,,,
train,02849.jpg,NO_EXACT_MATCH,,,
train,02850.jpg,NO_EXACT_MATCH,,,
train,02851.jpg,NO_EXACT_MATCH,,,
train,02852.jpg,NO_EXACT_MATCH,,,
train,02853.jpg,NO_EXACT_MATCH,,,
train,02854.jpg,NO_EXACT_MATCH,,,
train,02855.jpg,NO_EXACT_MATCH,,,
train,02856.jpg,NO_EXACT_MATCH,,,
train,02857.jpg,NO_EXACT_MATCH,,,
train,02858.jpg,NO_EXACT_MATCH,,,
train,02859.jpg,NO_EXACT_MATCH,,,
train,02860.jpg,NO_EXACT_MATCH,,,
train,02861.jpg,NO_EXACT_MATCH,,,
train,02862.jpg,NO_EXACT_MATCH,,,
train,02863.jpg,NO_EXACT_MATCH,,,
train,02864.jpg,NO_EXACT_MATCH,,,
train,02865.jpg,NO_EXACT_MATCH,,,
train,02866.jpg,NO_EXACT_MATCH,,,
train,02867.jpg,NO_EXACT_MATCH,,,
train,02868.jpg,NO_EXACT_MATCH,,,
train,02869.jpg,NO_EXACT_MATCH,,,
train,02870.jpg,NO_EXACT_MATCH,,,
train,02871.jpg,NO_EXACT_MATCH,,,
train,02872.jpg,NO_EXACT_MATCH,,,
train,02873.jpg,NO_EXACT_MATCH,,,
train,02874.jpg,NO_EXACT_MATCH,,,
train,02875.jpg,NO_EXACT_MATCH,,,
train,02876.jpg,NO_EXACT_MATCH,,,
train,02877.jpg,NO_EXACT_MATCH,,,
train,02878.jpg,NO_EXACT_MATCH,,,
train,02879.jpg,NO_EXACT_MATCH,,,
train,02880.jpg,NO_EXACT_MATCH,,,
train,02881.jpg,NO_EXACT_MATCH,,,
train,02882.jpg,NO_EXACT_MATCH,,,
train,02883.jpg,NO_EXACT_MATCH,,,
train,02884.jpg,NO_EXACT_MATCH,,,
train,02885.jpg,NO_EXACT_MATCH,,,
train,02886.jpg,NO_EXACT_MATCH,,,
train,02887.jpg,NO_EXACT_MATCH,,,
train,02888.jpg,NO_EXACT_MATCH,,,
train,02889.jpg,NO_EXACT_MATCH,,,
train,02890.jpg,NO_EXACT_MATCH,,,
train,02891.jpg,NO_EXACT_MATCH,,,
train,02892.jpg,NO_EXACT_MATCH,,,
train,02893.jpg,NO_EXACT_MATCH,,,
train,02894.jpg,NO_EXACT_MATCH,,,
train,02895.jpg,NO_EXACT_MATCH,,,
train,02896.jpg,NO_EXACT_MATCH,,,
train,02897.jpg,NO_EXACT_MATCH,,,
train,02898.jpg,NO_EXACT_MATCH,,,
train,02899.jpg,NO_EXACT_MATCH,,,
train,02900.jpg,NO_EXACT_MATCH,,,
train,02901.jpg,NO_EXACT_MATCH,,,
train,02902.jpg,NO_EXACT_MATCH,,,
train,02903.jpg,NO_EXACT_MATCH,,,
train,02904.jpg,NO_EXACT_MATCH,,,
train,02905.jpg,NO_EXACT_MATCH,,,
train,02906.jpg,NO_EXACT_MATCH,,,
train,02907.jpg,NO_EXACT_MATCH,,,
train,02908.jpg,NO_EXACT_MATCH,,,
train,02909.jpg,NO_EXACT_MATCH,,,
train,02910.jpg,NO_EXACT_MATCH,,,
train,02911.jpg,NO_EXACT_MATCH,,,
train,02912.jpg,NO_EXACT_MATCH,,,
train,02913.jpg,NO_EXACT_MATCH,,,
train,02914.jpg,NO_EXACT_MATCH,,,
train,02915.jpg,NO_EXACT_MATCH,,,
train,02916.jpg,NO_EXACT_MATCH,,,
train,02917.jpg,NO_EXACT_MATCH,,,
train,02918.jpg,NO_EXACT_MATCH,,,
train,02919.jpg,NO_EXACT_MATCH,,,
train,02920.jpg,NO_EXACT_MATCH,,,
train,02921.jpg,NO_EXACT_MATCH,,,
train,02922.jpg,NO_EXACT_MATCH,,,
train,02923.jpg,NO_EXACT_MATCH,,,
train,02924.jpg,NO_EXACT_MATCH,,,
train,02925.jpg,NO_EXACT_MATCH,,,
train,02926.jpg,NO_EXACT_MATCH,,,
train,02927.jpg,NO_EXACT_MATCH,,,
train,02928.jpg,NO_EXACT_MATCH,,,
train,02929.jpg,NO_EXACT_MATCH,,,
train,02930.jpg,NO_EXACT_MATCH,,,
train,02931.jpg,NO_EXACT_MATCH,,,
train,02932.jpg,NO_EXACT_MATCH,,,
train,02933.jpg,NO_EXACT_MATCH,,,
train,02934.jpg,NO_EXACT_MATCH,,,
train,02935.jpg,NO_EXACT_MATCH,,,
train,02936.jpg,NO_EXACT_MATCH,,,
train,02937.jpg,NO_EXACT_MATCH,,,
train,02938.jpg,NO_EXACT_MATCH,,,
train,02939.jpg,NO_EXACT_MATCH,,,
train,02940.jpg,NO_EXACT_MATCH,,,
train,02941.jpg,NO_EXACT_MATCH,,,
train,02942.jpg,NO_EXACT_MATCH,,,
train,02943.jpg,NO_EXACT_MATCH,,,
train,02944.jpg,NO_EXACT_MATCH,,,
train,02945.jpg,NO_EXACT_MATCH,,,
train,02946.jpg,NO_EXACT_MATCH,,,
train,02947.jpg,NO_EXACT_MATCH,,,
train,02948.jpg,NO_EXACT_MATCH,,,
train,02949.jpg,NO_EXACT_MATCH,,,
train,02950.jpg,NO_EXACT_MATCH,,,
train,02951.jpg,NO_EXACT_MATCH,,,
train,02952.jpg,NO_EXACT_MATCH,,,
train,02953.jpg,NO_EXACT_MATCH,,,
train,02954.jpg,NO_EXACT_MATCH,,,
train,02955.jpg,NO_EXACT_MATCH,,,
train,02956.jpg,NO_EXACT_MATCH,,,
train,02957.jpg,NO_EXACT_MATCH,,,
train,02958.jpg,NO_EXACT_MATCH,,,
train,02959.jpg,NO_EXACT_MATCH,,,
train,02960.jpg,NO_EXACT_MATCH,,,
train,02961.jpg,NO_EXACT_MATCH,,,
train,02962.jpg,NO_EXACT_MATCH,,,
train,02963.jpg,NO_EXACT_MATCH,,,
train,02964.jpg,NO_EXACT_MATCH,,,
train,02965.jpg,NO_EXACT_MATCH,,,
train,02966.jpg,NO_EXACT_MATCH,,,
train,02967.jpg,NO_EXACT_MATCH,,,
train,02968.jpg,NO_EXACT_MATCH,,,
train,02969.jpg,NO_EXACT_MATCH,,,
train,02970.jpg,NO_EXACT_MATCH,,,
train,02971.jpg,NO_EXACT_MATCH,,,
train,02972.jpg,NO_EXACT_MATCH,,,
train,02973.jpg,NO_EXACT_MATCH,,,
train,02974.jpg,NO_EXACT_MATCH,,,
train,02975.jpg,NO_EXACT_MATCH,,,
train,02976.jpg,NO_EXACT_MATCH,,,
train,02977.jpg,NO_EXACT_MATCH,,,
train,02978.jpg,NO_EXACT_MATCH,,,
train,02979.jpg,NO_EXACT_MATCH,,,
train,02980.jpg,NO_EXACT_MATCH,,,
train,02981.jpg,NO_EXACT_MATCH,,,
train,02982.jpg,NO_EXACT_MATCH,,,
train,02983.jpg,NO_EXACT_MATCH,,,
train,02984.jpg,NO_EXACT_MATCH,,,
train,02985.jpg,NO_EXACT_MATCH,,,
train,02986.jpg,NO_EXACT_MATCH,,,
train,02987.jpg,NO_EXACT_MATCH,,,
train,02988.jpg,NO_EXACT_MATCH,,,
train,02989.jpg,NO_EXACT_MATCH,,,
train,02990.jpg,NO_EXACT_MATCH,,,
train,02991.jpg,NO_EXACT_MATCH,,,
train,02992.jpg,NO_EXACT_MATCH,,,
train,02993.jpg,NO_EXACT_MATCH,,,
train,02994.jpg,NO_EXACT_MATCH,,,
train,02995.jpg,NO_EXACT_MATCH,,,
train,02996.jpg,NO_EXACT_MATCH,,,
train,02997.jpg,NO_EXACT_MATCH,,,
train,02998.jpg,NO_EXACT_MATCH,,,
train,02999.jpg,NO_EXACT_MATCH,,,
train,03000.jpg,NO_EXACT_MATCH,,,
train,03001.jpg,NO_EXACT_MATCH,,,
train,03002.jpg,NO_EXACT_MATCH,,,
train,03003.jpg,NO_EXACT_MATCH,,,
train,03004.jpg,NO_EXACT_MATCH,,,
train,03005.jpg,NO_EXACT_MATCH,,,
train,03006.jpg,NO_EXACT_MATCH,,,
train,03007.jpg,NO_EXACT_MATCH,,,
train,03008.jpg,NO_EXACT_MATCH,,,
train,03009.jpg,NO_EXACT_MATCH,,,
train,03010.jpg,NO_EXACT_MATCH,,,
train,03011.jpg,NO_EXACT_MATCH,,,
train,03012.jpg,NO_EXACT_MATCH,,,
train,03013.jpg,NO_EXACT_MATCH,,,
train,03014.jpg,NO_EXACT_MATCH,,,
train,03015.jpg,NO_EXACT_MATCH,,,
train,03016.jpg,NO_EXACT_MATCH,,,
train,03017.jpg,NO_EXACT_MATCH,,,
train,03018.jpg,NO_EXACT_MATCH,,,
train,03019.jpg,NO_EXACT_MATCH,,,
train,03020.jpg,NO_EXACT_MATCH,,,
train,03021.jpg,NO_EXACT_MATCH,,,
train,03022.jpg,NO_EXACT_MATCH,,,
train,03023.jpg,NO_EXACT_MATCH,,,
train,03024.jpg,NO_EXACT_MATCH,,,
train,03025.jpg,NO_EXACT_MATCH,,,
train,03026.jpg,NO_EXACT_MATCH,,,
train,03027.jpg,NO_EXACT_MATCH,,,
train,03028.jpg,NO_EXACT_MATCH,,,
train,03029.jpg,NO_EXACT_MATCH,,,
train,03030.jpg,NO_EXACT_MATCH,,,
train,03031.jpg,NO_EXACT_MATCH,,,
train,03032.jpg,NO_EXACT_MATCH,,,
train,03033.jpg,NO_EXACT_MATCH,,,
train,03034.jpg,NO_EXACT_MATCH,,,
train,03035.jpg,NO_EXACT_MATCH,,,
train,03036.jpg,NO_EXACT_MATCH,,,
train,03037.jpg,NO_EXACT_MATCH,,,
train,03038.jpg,NO_EXACT_MATCH,,,
train,03039.jpg,NO_EXACT_MATCH,,,
train,03040.jpg,NO_EXACT_MATCH,,,
train,03041.jpg,NO_EXACT_MATCH,,,
train,03042.jpg,NO_EXACT_MATCH,,,
train,03043.jpg,NO_EXACT_MATCH,,,
train,03044.jpg,NO_EXACT_MATCH,,,
train,03045.jpg,NO_EXACT_MATCH,,,
train,03046.jpg,NO_EXACT_MATCH,,,
train,03047.jpg,NO_EXACT_MATCH,,,
train,03048.jpg,NO_EXACT_MATCH,,,
train,03049.jpg,NO_EXACT_MATCH,,,
train,03050.jpg,NO_EXACT_MATCH,,,
train,03051.jpg,NO_EXACT_MATCH,,,
train,03052.jpg,NO_EXACT_MATCH,,,
train,03053.jpg,NO_EXACT_MATCH,,,
train,03054.jpg,NO_EXACT_MATCH,,,
train,03055.jpg,NO_EXACT_MATCH,,,
train,03056.jpg,NO_EXACT_MATCH,,,
train,03057.jpg,NO_EXACT_MATCH,,,
train,03058.jpg,NO_EXACT_MATCH,,,
train,03059.jpg,NO_EXACT_MATCH,,,
train,03060.jpg,NO_EXACT_MATCH,,,
train,03061.jpg,NO_EXACT_MATCH,,,
train,03062.jpg,NO_EXACT_MATCH,,,
train,03063.jpg,NO_EXACT_MATCH,,,
train,03064.jpg,NO_EXACT_MATCH,,,
train,03065.jpg,NO_EXACT_MATCH,,,
train,03066.jpg,NO_EXACT_MATCH,,,
train,03067.jpg,NO_EXACT_MATCH,,,
train,03068.jpg,NO_EXACT_MATCH,,,
train,03069.jpg,NO_EXACT_MATCH,,,
train,03070.jpg,NO_EXACT_MATCH,,,
train,03071.jpg,NO_EXACT_MATCH,,,
train,03072.jpg,NO_EXACT_MATCH,,,
train,03073.jpg,NO_EXACT_MATCH,,,
train,03074.jpg,NO_EXACT_MATCH,,,
train,03075.jpg,NO_EXACT_MATCH,,,
train,03076.jpg,NO_EXACT_MATCH,,,
train,03077.jpg,NO_EXACT_MATCH,,,
train,03078.jpg,NO_EXACT_MATCH,,,
train,03079.jpg,NO_EXACT_MATCH,,,
train,03080.jpg,NO_EXACT_MATCH,,,
train,03081.jpg,NO_EXACT_MATCH,,,
train,03082.jpg,NO_EXACT_MATCH,,,
train,03083.jpg,NO_EXACT_MATCH,,,
train,03084.jpg,NO_EXACT_MATCH,,,
train,03085.jpg,NO_EXACT_MATCH,,,
train,03086.jpg,NO_EXACT_MATCH,,,
train,03087.jpg,NO_EXACT_MATCH,,,
train,03088.jpg,NO_EXACT_MATCH,,,
train,03089.jpg,NO_EXACT_MATCH,,,
train,03090.jpg,NO_EXACT_MATCH,,,
train,03091.jpg,NO_EXACT_MATCH,,,
train,03092.jpg,NO_EXACT_MATCH,,,
train,03093.jpg,NO_EXACT_MATCH,,,
train,03094.jpg,NO_EXACT_MATCH,,,
train,03095.jpg,NO_EXACT_MATCH,,,
train,03096.jpg,NO_EXACT_MATCH,,,
train,03097.jpg,NO_EXACT_MATCH,,,
train,03098.jpg,NO_EXACT_MATCH,,,
train,03099.jpg,NO_EXACT_MATCH,,,
train,03100.jpg,NO_EXACT_MATCH,,,
train,03101.jpg,NO_EXACT_MATCH,,,
train,03102.jpg,NO_EXACT_MATCH,,,
train,03103.jpg,NO_EXACT_MATCH,,,
train,03104.jpg,NO_EXACT_MATCH,,,
train,03105.jpg,NO_EXACT_MATCH,,,
train,03106.jpg,NO_EXACT_MATCH,,,
train,03107.jpg,NO_EXACT_MATCH,,,
train,03108.jpg,NO_EXACT_MATCH,,,
train,03109.jpg,NO_EXACT_MATCH,,,
train,03110.jpg,NO_EXACT_MATCH,,,
train,03111.jpg,NO_EXACT_MATCH,,,
train,03112.jpg,NO_EXACT_MATCH,,,
train,03113.jpg,NO_EXACT_MATCH,,,
train,03114.jpg,NO_EXACT_MATCH,,,
train,03115.jpg,NO_EXACT_MATCH,,,
train,03116.jpg,NO_EXACT_MATCH,,,
train,03117.jpg,NO_EXACT_MATCH,,,
train,03118.jpg,NO_EXACT_MATCH,,,
train,03119.jpg,NO_EXACT_MATCH,,,
train,03120.jpg,NO_EXACT_MATCH,,,
train,03121.jpg,NO_EXACT_MATCH,,,
train,03122.jpg,NO_EXACT_MATCH,,,
train,03123.jpg,NO_EXACT_MATCH,,,
train,03124.jpg,NO_EXACT_MATCH,,,
train,03125.jpg,NO_EXACT_MATCH,,,
train,03126.jpg,NO_EXACT_MATCH,,,
train,03127.jpg,NO_EXACT_MATCH,,,
train,03128.jpg,NO_EXACT_MATCH,,,
train,03129.jpg,NO_EXACT_MATCH,,,
train,03130.jpg,NO_EXACT_MATCH,,,
train,03131.jpg,NO_EXACT_MATCH,,,
train,03132.jpg,NO_EXACT_MATCH,,,
train,03133.jpg,NO_EXACT_MATCH,,,
train,03134.jpg,NO_EXACT_MATCH,,,
train,03135.jpg,NO_EXACT_MATCH,,,
train,03136.jpg,NO_EXACT_MATCH,,,
train,03137.jpg,NO_EXACT_MATCH,,,
train,03138.jpg,NO_EXACT_MATCH,,,
train,03139.jpg,NO_EXACT_MATCH,,,
train,03140.jpg,NO_EXACT_MATCH,,,
train,03141.jpg,NO_EXACT_MATCH,,,
train,03142.jpg,NO_EXACT_MATCH,,,
train,03143.jpg,NO_EXACT_MATCH,,,
train,03144.jpg,NO_EXACT_MATCH,,,
train,03145.jpg,NO_EXACT_MATCH,,,
train,03146.jpg,NO_EXACT_MATCH,,,
train,03147.jpg,NO_EXACT_MATCH,,,
train,03148.jpg,NO_EXACT_MATCH,,,
train,03149.jpg,NO_EXACT_MATCH,,,
train,03150.jpg,NO_EXACT_MATCH,,,
train,03151.jpg,NO_EXACT_MATCH,,,
train,03152.jpg,NO_EXACT_MATCH,,,
train,03153.jpg,NO_EXACT_MATCH,,,
train,03154.jpg,NO_EXACT_MATCH,,,
train,03155.jpg,NO_EXACT_MATCH,,,
train,03156.jpg,NO_EXACT_MATCH,,,
train,03157.jpg,NO_EXACT_MATCH,,,
train,03158.jpg,NO_EXACT_MATCH,,,
train,03159.jpg,NO_EXACT_MATCH,,,
train,03160.jpg,NO_EXACT_MATCH,,,
train,03161.jpg,NO_EXACT_MATCH,,,
train,03162.jpg,NO_EXACT_MATCH,,,
train,03163.jpg,NO_EXACT_MATCH,,,
train,03164.jpg,NO_EXACT_MATCH,,,
train,03165.jpg,NO_EXACT_MATCH,,,
train,03166.jpg,NO_EXACT_MATCH,,,
train,03167.jpg,NO_EXACT_MATCH,,,
train,03168.jpg,NO_EXACT_MATCH,,,
train,03169.jpg,NO_EXACT_MATCH,,,
train,03170.jpg,NO_EXACT_MATCH,,,
train,03171.jpg,NO_EXACT_MATCH,,,
train,03172.jpg,NO_EXACT_MATCH,,,
train,03173.jpg,NO_EXACT_MATCH,,,
train,03174.jpg,NO_EXACT_MATCH,,,
train,03175.jpg,NO_EXACT_MATCH,,,
train,03176.jpg,NO_EXACT_MATCH,,,
train,03177.jpg,NO_EXACT_MATCH,,,
train,03178.jpg,NO_EXACT_MATCH,,,
train,03179.jpg,NO_EXACT_MATCH,,,
train,03180.jpg,NO_EXACT_MATCH,,,
train,03181.jpg,NO_EXACT_MATCH,,,
train,03182.jpg,NO_EXACT_MATCH,,,
train,03183.jpg,NO_EXACT_MATCH,,,
train,03184.jpg,NO_EXACT_MATCH,,,
train,03185.jpg,NO_EXACT_MATCH,,,
train,03186.jpg,NO_EXACT_MATCH,,,
train,03187.jpg,NO_EXACT_MATCH,,,
train,03188.jpg,NO_EXACT_MATCH,,,
train,03189.jpg,NO_EXACT_MATCH,,,
train,03190.jpg,NO_EXACT_MATCH,,,
train,03191.jpg,NO_EXACT_MATCH,,,
train,03192.jpg,NO_EXACT_MATCH,,,
train,03193.jpg,NO_EXACT_MATCH,,,
train,03194.jpg,NO_EXACT_MATCH,,,
train,03195.jpg,NO_EXACT_MATCH,,,
train,03196.jpg,NO_EXACT_MATCH,,,
train,03197.jpg,NO_EXACT_MATCH,,,
train,03198.jpg,NO_EXACT_MATCH,,,
train,03199.jpg,NO_EXACT_MATCH,,,
train,03200.jpg,NO_EXACT_MATCH,,,
train,03201.jpg,NO_EXACT_MATCH,,,
train,03202.jpg,NO_EXACT_MATCH,,,
train,03203.jpg,NO_EXACT_MATCH,,,
train,03204.jpg,NO_EXACT_MATCH,,,
train,03205.jpg,NO_EXACT_MATCH,,,
train,03206.jpg,NO_EXACT_MATCH,,,
train,03207.jpg,NO_EXACT_MATCH,,,
train,03208.jpg,NO_EXACT_MATCH,,,
train,03209.jpg,NO_EXACT_MATCH,,,
train,03210.jpg,NO_EXACT_MATCH,,,
train,03211.jpg,NO_EXACT_MATCH,,,
train,03212.jpg,NO_EXACT_MATCH,,,
train,03213.jpg,NO_EXACT_MATCH,,,
train,03214.jpg,NO_EXACT_MATCH,,,
train,03215.jpg,NO_EXACT_MATCH,,,
train,03216.jpg,NO_EXACT_MATCH,,,
train,03217.jpg,NO_EXACT_MATCH,,,
train,03218.jpg,NO_EXACT_MATCH,,,
train,03219.jpg,NO_EXACT_MATCH,,,
train,03220.jpg,NO_EXACT_MATCH,,,
train,03221.jpg,NO_EXACT_MATCH,,,
train,03222.jpg,NO_EXACT_MATCH,,,
train,03223.jpg,NO_EXACT_MATCH,,,
train,03224.jpg,NO_EXACT_MATCH,,,
train,03225.jpg,NO_EXACT_MATCH,,,
train,03226.jpg,NO_EXACT_MATCH,,,
train,03227.jpg,NO_EXACT_MATCH,,,
train,03228.jpg,NO_EXACT_MATCH,,,
train,03229.jpg,NO_EXACT_MATCH,,,
train,03230.jpg,NO_EXACT_MATCH,,,
train,03231.jpg,NO_EXACT_MATCH,,,
train,03232.jpg,NO_EXACT_MATCH,,,
train,03233.jpg,NO_EXACT_MATCH,,,
train,03234.jpg,NO_EXACT_MATCH,,,
train,03235.jpg,NO_EXACT_MATCH,,,
train,03236.jpg,NO_EXACT_MATCH,,,
train,03237.jpg,NO_EXACT_MATCH,,,
train,03238.jpg,NO_EXACT_MATCH,,,
train,03239.jpg,NO_EXACT_MATCH,,,
train,03240.jpg,NO_EXACT_MATCH,,,
train,03241.jpg,NO_EXACT_MATCH,,,
train,03242.jpg,NO_EXACT_MATCH,,,
train,03243.jpg,NO_EXACT_MATCH,,,
train,03244.jpg,NO_EXACT_MATCH,,,
train,03245.jpg,NO_EXACT_MATCH,,,
train,03246.jpg,NO_EXACT_MATCH,,,
train,03247.jpg,NO_EXACT_MATCH,,,
train,03248.jpg,NO_EXACT_MATCH,,,
train,03249.jpg,NO_EXACT_MATCH,,,
train,03250.jpg,NO_EXACT_MATCH,,,
train,03251.jpg,NO_EXACT_MATCH,,,
train,03252.jpg,NO_EXACT_MATCH,,,
train,03253.jpg,NO_EXACT_MATCH,,,
train,03254.jpg,NO_EXACT_MATCH,,,
train,03255.jpg,NO_EXACT_MATCH,,,
train,03256.jpg,NO_EXACT_MATCH,,,
train,03257.jpg,NO_EXACT_MATCH,,,
train,03258.jpg,NO_EXACT_MATCH,,,
train,03259.jpg,NO_EXACT_MATCH,,,
train,03260.jpg,NO_EXACT_MATCH,,,
train,03261.jpg,NO_EXACT_MATCH,,,
train,03262.jpg,NO_EXACT_MATCH,,,
train,03263.jpg,NO_EXACT_MATCH,,,
train,03264.jpg,NO_EXACT_MATCH,,,
train,03265.jpg,NO_EXACT_MATCH,,,
train,03266.jpg,NO_EXACT_MATCH,,,
train,03267.jpg,NO_EXACT_MATCH,,,
train,03268.jpg,NO_EXACT_MATCH,,,
train,03269.jpg,NO_EXACT_MATCH,,,
train,03270.jpg,NO_EXACT_MATCH,,,
train,03271.jpg,NO_EXACT_MATCH,,,
train,03272.jpg,NO_EXACT_MATCH,,,
train,03273.jpg,NO_EXACT_MATCH,,,
train,03274.jpg,NO_EXACT_MATCH,,,
train,03275.jpg,NO_EXACT_MATCH,,,
train,03276.jpg,NO_EXACT_MATCH,,,
train,03277.jpg,NO_EXACT_MATCH,,,
train,03278.jpg,NO_EXACT_MATCH,,,
train,03279.jpg,NO_EXACT_MATCH,,,
train,03280.jpg,NO_EXACT_MATCH,,,
train,03281.jpg,NO_EXACT_MATCH,,,
train,03282.jpg,NO_EXACT_MATCH,,,
train,03283.jpg,NO_EXACT_MATCH,,,
train,03284.jpg,NO_EXACT_MATCH,,,
train,03285.jpg,NO_EXACT_MATCH,,,
train,03286.jpg,NO_EXACT_MATCH,,,
train,03287.jpg,NO_EXACT_MATCH,,,
train,03288.jpg,NO_EXACT_MATCH,,,
train,03289.jpg,NO_EXACT_MATCH,,,
train,03290.jpg,NO_EXACT_MATCH,,,
train,03291.jpg,NO_EXACT_MATCH,,,
train,03292.jpg,NO_EXACT_MATCH,,,
train,03293.jpg,NO_EXACT_MATCH,,,
train,03294.jpg,NO_EXACT_MATCH,,,
train,03295.jpg,NO_EXACT_MATCH,,,
train,03296.jpg,NO_EXACT_MATCH,,,
train,03297.jpg,NO_EXACT_MATCH,,,
train,03298.jpg,NO_EXACT_MATCH,,,
train,03299.jpg,NO_EXACT_MATCH,,,
train,03300.jpg,NO_EXACT_MATCH,,,
train,03301.jpg,NO_EXACT_MATCH,,,
train,03302.jpg,NO_EXACT_MATCH,,,
train,03303.jpg,NO_EXACT_MATCH,,,
train,03304.jpg,NO_EXACT_MATCH,,,
train,03305.jpg,NO_EXACT_MATCH,,,
train,03306.jpg,NO_EXACT_MATCH,,,
train,03307.jpg,NO_EXACT_MATCH,,,
train,03308.jpg,NO_EXACT_MATCH,,,
train,03309.jpg,NO_EXACT_MATCH,,,
train,03310.jpg,NO_EXACT_MATCH,,,
train,03311.jpg,NO_EXACT_MATCH,,,
train,03312.jpg,NO_EXACT_MATCH,,,
train,03313.jpg,NO_EXACT_MATCH,,,
train,03314.jpg,NO_EXACT_MATCH,,,
train,03315.jpg,NO_EXACT_MATCH,,,
train,03316.jpg,NO_EXACT_MATCH,,,
train,03317.jpg,NO_EXACT_MATCH,,,
train,03318.jpg,NO_EXACT_MATCH,,,
train,03319.jpg,NO_EXACT_MATCH,,,
train,03320.jpg,NO_EXACT_MATCH,,,
train,03321.jpg,NO_EXACT_MATCH,,,
train,03322.jpg,NO_EXACT_MATCH,,,
train,03323.jpg,NO_EXACT_MATCH,,,
train,03324.jpg,NO_EXACT_MATCH,,,
train,03325.jpg,NO_EXACT_MATCH,,,
train,03326.jpg,NO_EXACT_MATCH,,,
train,03327.jpg,NO_EXACT_MATCH,,,
train,03328.jpg,NO_EXACT_MATCH,,,
train,03329.jpg,NO_EXACT_MATCH,,,
train,03330.jpg,NO_EXACT_MATCH,,,
train,03331.jpg,NO_EXACT_MATCH,,,
train,03332.jpg,NO_EXACT_MATCH,,,
train,03333.jpg,NO_EXACT_MATCH,,,
train,03334.jpg,NO_EXACT_MATCH,,,
train,03335.jpg,NO_EXACT_MATCH,,,
train,03336.jpg,NO_EXACT_MATCH,,,
train,03337.jpg,NO_EXACT_MATCH,,,
train,03338.jpg,NO_EXACT_MATCH,,,
train,03339.jpg,NO_EXACT_MATCH,,,
train,03340.jpg,NO_EXACT_MATCH,,,
train,03341.jpg,NO_EXACT_MATCH,,,
train,03342.jpg,NO_EXACT_MATCH,,,
train,03343.jpg,NO_EXACT_MATCH,,,
train,03344.jpg,NO_EXACT_MATCH,,,
train,03345.jpg,NO_EXACT_MATCH,,,
train,03346.jpg,NO_EXACT_MATCH,,,
train,03347.jpg,NO_EXACT_MATCH,,,
train,03348.jpg,NO_EXACT_MATCH,,,
train,03349.jpg,NO_EXACT_MATCH,,,
train,03350.jpg,NO_EXACT_MATCH,,,
train,03351.jpg,NO_EXACT_MATCH,,,
train,03352.jpg,NO_EXACT_MATCH,,,
train,03353.jpg,NO_EXACT_MATCH,,,
train,03354.jpg,NO_EXACT_MATCH,,,
train,03355.jpg,NO_EXACT_MATCH,,,
train,03356.jpg,NO_EXACT_MATCH,,,
train,03357.jpg,NO_EXACT_MATCH,,,
train,03358.jpg,NO_EXACT_MATCH,,,
train,03359.jpg,NO_EXACT_MATCH,,,
train,03360.jpg,NO_EXACT_MATCH,,,
train,03361.jpg,NO_EXACT_MATCH,,,
train,03362.jpg,NO_EXACT_MATCH,,,
train,03363.jpg,NO_EXACT_MATCH,,,
train,03364.jpg,NO_EXACT_MATCH,,,
train,03365.jpg,NO_EXACT_MATCH,,,
train,03366.jpg,NO_EXACT_MATCH,,,
train,03367.jpg,NO_EXACT_MATCH,,,
train,03368.jpg,NO_EXACT_MATCH,,,
train,03369.jpg,NO_EXACT_MATCH,,,
train,03370.jpg,NO_EXACT_MATCH,,,
train,03371.jpg,NO_EXACT_MATCH,,,
train,03372.jpg,NO_EXACT_MATCH,,,
train,03373.jpg,NO_EXACT_MATCH,,,
train,03374.jpg,NO_EXACT_MATCH,,,
train,03375.jpg,NO_EXACT_MATCH,,,
train,03376.jpg,NO_EXACT_MATCH,,,
train,03377.jpg,NO_EXACT_MATCH,,,
train,03378.jpg,NO_EXACT_MATCH,,,
train,03379.jpg,NO_EXACT_MATCH,,,
train,03380.jpg,NO_EXACT_MATCH,,,
train,03381.jpg,NO_EXACT_MATCH,,,
train,03382.jpg,NO_EXACT_MATCH,,,
train,03383.jpg,NO_EXACT_MATCH,,,
train,03384.jpg,NO_EXACT_MATCH,,,
train,03385.jpg,NO_EXACT_MATCH,,,
train,03386.jpg,NO_EXACT_MATCH,,,
train,03387.jpg,NO_EXACT_MATCH,,,
train,03388.jpg,NO_EXACT_MATCH,,,
train,03389.jpg,NO_EXACT_MATCH,,,
train,03390.jpg,NO_EXACT_MATCH,,,
train,03391.jpg,NO_EXACT_MATCH,,,
train,03392.jpg,NO_EXACT_MATCH,,,
train,03393.jpg,NO_EXACT_MATCH,,,
train,03394.jpg,NO_EXACT_MATCH,,,
train,03395.jpg,NO_EXACT_MATCH,,,
train,03396.jpg,NO_EXACT_MATCH,,,
train,03397.jpg,NO_EXACT_MATCH,,,
train,03398.jpg,NO_EXACT_MATCH,,,
train,03399.jpg,NO_EXACT_MATCH,,,
train,03400.jpg,NO_EXACT_MATCH,,,
train,03401.jpg,NO_EXACT_MATCH,,,
train,03402.jpg,NO_EXACT_MATCH,,,
train,03403.jpg,NO_EXACT_MATCH,,,
train,03404.jpg,NO_EXACT_MATCH,,,
train,03405.jpg,NO_EXACT_MATCH,,,
train,03406.jpg,NO_EXACT_MATCH,,,
train,03407.jpg,NO_EXACT_MATCH,,,
train,03408.jpg,NO_EXACT_MATCH,,,
train,03409.jpg,NO_EXACT_MATCH,,,
train,03410.jpg,NO_EXACT_MATCH,,,
train,03411.jpg,NO_EXACT_MATCH,,,
train,03412.jpg,NO_EXACT_MATCH,,,
train,03413.jpg,NO_EXACT_MATCH,,,
train,03414.jpg,NO_EXACT_MATCH,,,
train,03415.jpg,NO_EXACT_MATCH,,,
train,03416.jpg,NO_EXACT_MATCH,,,
train,03417.jpg,NO_EXACT_MATCH,,,
train,03418.jpg,NO_EXACT_MATCH,,,
train,03419.jpg,NO_EXACT_MATCH,,,
train,03420.jpg,NO_EXACT_MATCH,,,
train,03421.jpg,NO_EXACT_MATCH,,,
train,03422.jpg,NO_EXACT_MATCH,,,
train,03423.jpg,NO_EXACT_MATCH,,,
train,03424.jpg,NO_EXACT_MATCH,,,
train,03425.jpg,NO_EXACT_MATCH,,,
train,03426.jpg,NO_EXACT_MATCH,,,
train,03427.jpg,NO_EXACT_MATCH,,,
train,03428.jpg,NO_EXACT_MATCH,,,
train,03429.jpg,NO_EXACT_MATCH,,,
train,03430.jpg,NO_EXACT_MATCH,,,
train,03431.jpg,NO_EXACT_MATCH,,,
train,03432.jpg,NO_EXACT_MATCH,,,
train,03433.jpg,NO_EXACT_MATCH,,,
train,03434.jpg,NO_EXACT_MATCH,,,
train,03435.jpg,NO_EXACT_MATCH,,,
train,03436.jpg,NO_EXACT_MATCH,,,
train,03437.jpg,NO_EXACT_MATCH,,,
train,03438.jpg,NO_EXACT_MATCH,,,
train,03439.jpg,NO_EXACT_MATCH,,,
train,03440.jpg,NO_EXACT_MATCH,,,
train,03441.jpg,NO_EXACT_MATCH,,,
train,03442.jpg,NO_EXACT_MATCH,,,
train,03443.jpg,NO_EXACT_MATCH,,,
train,03444.jpg,NO_EXACT_MATCH,,,
train,03445.jpg,NO_EXACT_MATCH,,,
train,03446.jpg,NO_EXACT_MATCH,,,
train,03447.jpg,NO_EXACT_MATCH,,,
train,03448.jpg,NO_EXACT_MATCH,,,
train,03449.jpg,NO_EXACT_MATCH,,,
train,03450.jpg,NO_EXACT_MATCH,,,
train,03451.jpg,NO_EXACT_MATCH,,,
train,03452.jpg,NO_EXACT_MATCH,,,
train,03453.jpg,NO_EXACT_MATCH,,,
train,03454.jpg,NO_EXACT_MATCH,,,
train,03455.jpg,NO_EXACT_MATCH,,,
train,03456.jpg,NO_EXACT_MATCH,,,
train,03457.jpg,NO_EXACT_MATCH,,,
train,03458.jpg,NO_EXACT_MATCH,,,
train,03459.jpg,NO_EXACT_MATCH,,,
train,03460.jpg,NO_EXACT_MATCH,,,
train,03461.jpg,NO_EXACT_MATCH,,,
train,03462.jpg,NO_EXACT_MATCH,,,
train,03463.jpg,NO_EXACT_MATCH,,,
train,03464.jpg,NO_EXACT_MATCH,,,
train,03465.jpg,NO_EXACT_MATCH,,,
train,03466.jpg,NO_EXACT_MATCH,,,
train,03467.jpg,NO_EXACT_MATCH,,,
train,03468.jpg,NO_EXACT_MATCH,,,
train,03469.jpg,NO_EXACT_MATCH,,,
train,03470.jpg,NO_EXACT_MATCH,,,
train,03471.jpg,NO_EXACT_MATCH,,,
train,03472.jpg,NO_EXACT_MATCH,,,
train,03473.jpg,NO_EXACT_MATCH,,,
train,03474.jpg,NO_EXACT_MATCH,,,
train,03475.jpg,NO_EXACT_MATCH,,,
train,03476.jpg,NO_EXACT_MATCH,,,
train,03477.jpg,NO_EXACT_MATCH,,,
train,03478.jpg,NO_EXACT_MATCH,,,
train,03479.jpg,NO_EXACT_MATCH,,,
train,03480.jpg,NO_EXACT_MATCH,,,
train,03481.jpg,NO_EXACT_MATCH,,,
train,03482.jpg,NO_EXACT_MATCH,,,
train,03483.jpg,NO_EXACT_MATCH,,,
train,03484.jpg,NO_EXACT_MATCH,,,
train,03485.jpg,NO_EXACT_MATCH,,,
train,03486.jpg,NO_EXACT_MATCH,,,
train,03487.jpg,NO_EXACT_MATCH,,,
train,03488.jpg,NO_EXACT_MATCH,,,
train,03489.jpg,NO_EXACT_MATCH,,,
train,03490.jpg,NO_EXACT_MATCH,,,
train,03491.jpg,NO_EXACT_MATCH,,,
train,03492.jpg,NO_EXACT_MATCH,,,
train,03493.jpg,NO_EXACT_MATCH,,,
train,03494.jpg,NO_EXACT_MATCH,,,
train,03495.jpg,NO_EXACT_MATCH,,,
train,03496.jpg,NO_EXACT_MATCH,,,
train,03497.jpg,NO_EXACT_MATCH,,,
train,03498.jpg,NO_EXACT_MATCH,,,
train,03499.jpg,NO_EXACT_MATCH,,,
train,03500.jpg,NO_EXACT_MATCH,,,
train,03501.jpg,NO_EXACT_MATCH,,,
train,03502.jpg,NO_EXACT_MATCH,,,
train,03503.jpg,NO_EXACT_MATCH,,,
train,03504.jpg,NO_EXACT_MATCH,,,
train,03505.jpg,NO_EXACT_MATCH,,,
train,03506.jpg,NO_EXACT_MATCH,,,
train,03507.jpg,NO_EXACT_MATCH,,,
train,03508.jpg,NO_EXACT_MATCH,,,
train,03509.jpg,NO_EXACT_MATCH,,,
train,03510.jpg,NO_EXACT_MATCH,,,
train,03511.jpg,NO_EXACT_MATCH,,,
train,03512.jpg,NO_EXACT_MATCH,,,
train,03513.jpg,NO_EXACT_MATCH,,,
train,03514.jpg,NO_EXACT_MATCH,,,
train,03515.jpg,NO_EXACT_MATCH,,,
train,03516.jpg,NO_EXACT_MATCH,,,
train,03517.jpg,NO_EXACT_MATCH,,,
train,03518.jpg,NO_EXACT_MATCH,,,
train,03519.jpg,NO_EXACT_MATCH,,,
train,03520.jpg,NO_EXACT_MATCH,,,
train,03521.jpg,NO_EXACT_MATCH,,,
train,03522.jpg,NO_EXACT_MATCH,,,
train,03523.jpg,NO_EXACT_MATCH,,,
train,03524.jpg,NO_EXACT_MATCH,,,
train,03525.jpg,NO_EXACT_MATCH,,,
train,03526.jpg,NO_EXACT_MATCH,,,
train,03527.jpg,NO_EXACT_MATCH,,,
train,03528.jpg,NO_EXACT_MATCH,,,
train,03529.jpg,NO_EXACT_MATCH,,,
train,03530.jpg,NO_EXACT_MATCH,,,
train,03531.jpg,NO_EXACT_MATCH,,,
train,03532.jpg,NO_EXACT_MATCH,,,
train,03533.jpg,NO_EXACT_MATCH,,,
train,03534.jpg,NO_EXACT_MATCH,,,
train,03535.jpg,NO_EXACT_MATCH,,,
train,03536.jpg,NO_EXACT_MATCH,,,
train,03537.jpg,NO_EXACT_MATCH,,,
train,03538.jpg,NO_EXACT_MATCH,,,
train,03539.jpg,NO_EXACT_MATCH,,,
train,03540.jpg,NO_EXACT_MATCH,,,
train,03541.jpg,NO_EXACT_MATCH,,,
train,03542.jpg,NO_EXACT_MATCH,,,
train,03543.jpg,NO_EXACT_MATCH,,,
train,03544.jpg,NO_EXACT_MATCH,,,
train,03545.jpg,NO_EXACT_MATCH,,,
train,03546.jpg,NO_EXACT_MATCH,,,
train,03547.jpg,NO_EXACT_MATCH,,,
train,03548.jpg,NO_EXACT_MATCH,,,
train,03549.jpg,NO_EXACT_MATCH,,,
train,03550.jpg,NO_EXACT_MATCH,,,
train,03551.jpg,NO_EXACT_MATCH,,,
train,03552.jpg,NO_EXACT_MATCH,,,
train,03553.jpg,NO_EXACT_MATCH,,,
train,03554.jpg,NO_EXACT_MATCH,,,
train,03555.jpg,NO_EXACT_MATCH,,,
train,03556.jpg,NO_EXACT_MATCH,,,
train,03557.jpg,NO_EXACT_MATCH,,,
train,03558.jpg,NO_EXACT_MATCH,,,
train,03559.jpg,NO_EXACT_MATCH,,,
train,03560.jpg,NO_EXACT_MATCH,,,
train,03561.jpg,NO_EXACT_MATCH,,,
train,03562.jpg,NO_EXACT_MATCH,,,
train,03563.jpg,NO_EXACT_MATCH,,,
train,03564.jpg,NO_EXACT_MATCH,,,
train,03565.jpg,NO_EXACT_MATCH,,,
train,03566.jpg,NO_EXACT_MATCH,,,
train,03567.jpg,NO_EXACT_MATCH,,,
train,03568.jpg,NO_EXACT_MATCH,,,
train,03569.jpg,NO_EXACT_MATCH,,,
train,03570.jpg,NO_EXACT_MATCH,,,
train,03571.jpg,NO_EXACT_MATCH,,,
train,03572.jpg,NO_EXACT_MATCH,,,
train,03573.jpg,NO_EXACT_MATCH,,,
train,03574.jpg,NO_EXACT_MATCH,,,
train,03575.jpg,NO_EXACT_MATCH,,,
train,03576.jpg,NO_EXACT_MATCH,,,
train,03577.jpg,NO_EXACT_MATCH,,,
train,03578.jpg,NO_EXACT_MATCH,,,
train,03579.jpg,NO_EXACT_MATCH,,,
train,03580.jpg,NO_EXACT_MATCH,,,
train,03581.jpg,NO_EXACT_MATCH,,,
train,03582.jpg,NO_EXACT_MATCH,,,
train,03583.jpg,NO_EXACT_MATCH,,,
train,03584.jpg,NO_EXACT_MATCH,,,
train,03585.jpg,NO_EXACT_MATCH,,,
train,03586.jpg,NO_EXACT_MATCH,,,
train,03587.jpg,NO_EXACT_MATCH,,,
train,03588.jpg,NO_EXACT_MATCH,,,
train,03589.jpg,NO_EXACT_MATCH,,,
train,03590.jpg,NO_EXACT_MATCH,,,
train,03591.jpg,NO_EXACT_MATCH,,,
train,03592.jpg,NO_EXACT_MATCH,,,
train,03593.jpg,NO_EXACT_MATCH,,,
train,03594.jpg,NO_EXACT_MATCH,,,
train,03595.jpg,NO_EXACT_MATCH,,,
train,03596.jpg,NO_EXACT_MATCH,,,
train,03597.jpg,NO_EXACT_MATCH,,,
train,03598.jpg,NO_EXACT_MATCH,,,
train,03599.jpg,NO_EXACT_MATCH,,,
train,03600.jpg,NO_EXACT_MATCH,,,
train,03601.jpg,NO_EXACT_MATCH,,,
train,03602.jpg,NO_EXACT_MATCH,,,
train,03603.jpg,NO_EXACT_MATCH,,,
train,03604.jpg,NO_EXACT_MATCH,,,
train,03605.jpg,NO_EXACT_MATCH,,,
train,03606.jpg,NO_EXACT_MATCH,,,
train,03607.jpg,NO_EXACT_MATCH,,,
train,03608.jpg,NO_EXACT_MATCH,,,
train,03609.jpg,NO_EXACT_MATCH,,,
train,03610.jpg,NO_EXACT_MATCH,,,
train,03611.jpg,NO_EXACT_MATCH,,,
train,03612.jpg,NO_EXACT_MATCH,,,
train,03613.jpg,NO_EXACT_MATCH,,,
train,03614.jpg,NO_EXACT_MATCH,,,
train,03615.jpg,NO_EXACT_MATCH,,,
train,03616.jpg,NO_EXACT_MATCH,,,
train,03617.jpg,NO_EXACT_MATCH,,,
train,03618.jpg,NO_EXACT_MATCH,,,
train,03619.jpg,NO_EXACT_MATCH,,,
train,03620.jpg,NO_EXACT_MATCH,,,
train,03621.jpg,NO_EXACT_MATCH,,,
train,03622.jpg,NO_EXACT_MATCH,,,
train,03623.jpg,NO_EXACT_MATCH,,,
train,03624.jpg,NO_EXACT_MATCH,,,
train,03625.jpg,NO_EXACT_MATCH,,,
train,03626.jpg,NO_EXACT_MATCH,,,
train,03627.jpg,NO_EXACT_MATCH,,,
train,03628.jpg,NO_EXACT_MATCH,,,
train,03629.jpg,NO_EXACT_MATCH,,,
train,03630.jpg,NO_EXACT_MATCH,,,
train,03631.jpg,NO_EXACT_MATCH,,,
train,03632.jpg,NO_EXACT_MATCH,,,
train,03633.jpg,NO_EXACT_MATCH,,,
train,03634.jpg,NO_EXACT_MATCH,,,
train,03635.jpg,NO_EXACT_MATCH,,,
train,03636.jpg,NO_EXACT_MATCH,,,
train,03637.jpg,NO_EXACT_MATCH,,,
train,03638.jpg,NO_EXACT_MATCH,,,
train,03639.jpg,NO_EXACT_MATCH,,,
train,03640.jpg,NO_EXACT_MATCH,,,
train,03641.jpg,NO_EXACT_MATCH,,,
train,03642.jpg,NO_EXACT_MATCH,,,
train,03643.jpg,NO_EXACT_MATCH,,,
train,03644.jpg,NO_EXACT_MATCH,,,
train,03645.jpg,NO_EXACT_MATCH,,,
train,03646.jpg,NO_EXACT_MATCH,,,
train,03647.jpg,NO_EXACT_MATCH,,,
train,03648.jpg,NO_EXACT_MATCH,,,
train,03649.jpg,NO_EXACT_MATCH,,,
train,03650.jpg,NO_EXACT_MATCH,,,
train,03651.jpg,NO_EXACT_MATCH,,,
train,03652.jpg,NO_EXACT_MATCH,,,
train,03653.jpg,NO_EXACT_MATCH,,,
train,03654.jpg,NO_EXACT_MATCH,,,
train,03655.jpg,NO_EXACT_MATCH,,,
train,03656.jpg,NO_EXACT_MATCH,,,
train,03657.jpg,NO_EXACT_MATCH,,,
train,03658.jpg,NO_EXACT_MATCH,,,
train,03659.jpg,NO_EXACT_MATCH,,,
train,03660.jpg,NO_EXACT_MATCH,,,
train,03661.jpg,NO_EXACT_MATCH,,,
train,03662.jpg,NO_EXACT_MATCH,,,
train,03663.jpg,NO_EXACT_MATCH,,,
train,03664.jpg,NO_EXACT_MATCH,,,
train,03665.jpg,NO_EXACT_MATCH,,,
train,03666.jpg,NO_EXACT_MATCH,,,
train,03667.jpg,NO_EXACT_MATCH,,,
train,03668.jpg,NO_EXACT_MATCH,,,
train,03669.jpg,NO_EXACT_MATCH,,,
train,03670.jpg,NO_EXACT_MATCH,,,
train,03671.jpg,NO_EXACT_MATCH,,,
train,03672.jpg,NO_EXACT_MATCH,,,
train,03673.jpg,NO_EXACT_MATCH,,,
train,03674.jpg,NO_EXACT_MATCH,,,
train,03675.jpg,NO_EXACT_MATCH,,,
train,03676.jpg,NO_EXACT_MATCH,,,
train,03677.jpg,NO_EXACT_MATCH,,,
train,03678.jpg,NO_EXACT_MATCH,,,
train,03679.jpg,NO_EXACT_MATCH,,,
train,03680.jpg,NO_EXACT_MATCH,,,
train,03681.jpg,NO_EXACT_MATCH,,,
train,03682.jpg,NO_EXACT_MATCH,,,
train,03683.jpg,NO_EXACT_MATCH,,,
train,03684.jpg,NO_EXACT_MATCH,,,
train,03685.jpg,NO_EXACT_MATCH,,,
train,03686.jpg,NO_EXACT_MATCH,,,
train,03687.jpg,NO_EXACT_MATCH,,,
train,03688.jpg,NO_EXACT_MATCH,,,
train,03689.jpg,NO_EXACT_MATCH,,,
train,03690.jpg,NO_EXACT_MATCH,,,
train,03691.jpg,NO_EXACT_MATCH,,,
train,03692.jpg,NO_EXACT_MATCH,,,
train,03693.jpg,NO_EXACT_MATCH,,,
train,03694.jpg,NO_EXACT_MATCH,,,
train,03695.jpg,NO_EXACT_MATCH,,,
train,03696.jpg,NO_EXACT_MATCH,,,
train,03697.jpg,NO_EXACT_MATCH,,,
train,03698.jpg,NO_EXACT_MATCH,,,
train,03699.jpg,NO_EXACT_MATCH,,,
train,03700.jpg,NO_EXACT_MATCH,,,
train,03701.jpg,NO_EXACT_MATCH,,,
train,03702.jpg,NO_EXACT_MATCH,,,
train,03703.jpg,NO_EXACT_MATCH,,,
train,03704.jpg,NO_EXACT_MATCH,,,
train,03705.jpg,NO_EXACT_MATCH,,,
train,03706.jpg,NO_EXACT_MATCH,,,
train,03707.jpg,NO_EXACT_MATCH,,,
train,03708.jpg,NO_EXACT_MATCH,,,
train,03709.jpg,NO_EXACT_MATCH,,,
train,03710.jpg,NO_EXACT_MATCH,,,
train,03711.jpg,NO_EXACT_MATCH,,,
train,03712.jpg,NO_EXACT_MATCH,,,
train,03713.jpg,NO_EXACT_MATCH,,,
train,03714.jpg,NO_EXACT_MATCH,,,
train,03715.jpg,NO_EXACT_MATCH,,,
train,03716.jpg,NO_EXACT_MATCH,,,
train,03717.jpg,NO_EXACT_MATCH,,,
train,03718.jpg,NO_EXACT_MATCH,,,
train,03719.jpg,NO_EXACT_MATCH,,,
train,03720.jpg,NO_EXACT_MATCH,,,
train,03721.jpg,NO_EXACT_MATCH,,,
train,03722.jpg,NO_EXACT_MATCH,,,
train,03723.jpg,NO_EXACT_MATCH,,,
train,03724.jpg,NO_EXACT_MATCH,,,
train,03725.jpg,NO_EXACT_MATCH,,,
train,03726.jpg,NO_EXACT_MATCH,,,
train,03727.jpg,NO_EXACT_MATCH,,,
train,03728.jpg,NO_EXACT_MATCH,,,
train,03729.jpg,NO_EXACT_MATCH,,,
train,03730.jpg,NO_EXACT_MATCH,,,
train,03731.jpg,NO_EXACT_MATCH,,,
train,03732.jpg,NO_EXACT_MATCH,,,
train,03733.jpg,NO_EXACT_MATCH,,,
train,03734.jpg,NO_EXACT_MATCH,,,
train,03735.jpg,NO_EXACT_MATCH,,,
train,03736.jpg,NO_EXACT_MATCH,,,
train,03737.jpg,NO_EXACT_MATCH,,,
train,03738.jpg,NO_EXACT_MATCH,,,
train,03739.jpg,NO_EXACT_MATCH,,,
train,03740.jpg,NO_EXACT_MATCH,,,
train,03741.jpg,NO_EXACT_MATCH,,,
train,03742.jpg,NO_EXACT_MATCH,,,
train,03743.jpg,NO_EXACT_MATCH,,,
train,03744.jpg,NO_EXACT_MATCH,,,
train,03745.jpg,NO_EXACT_MATCH,,,
train,03746.jpg,NO_EXACT_MATCH,,,
train,03747.jpg,NO_EXACT_MATCH,,,
train,03748.jpg,NO_EXACT_MATCH,,,
train,03749.jpg,NO_EXACT_MATCH,,,
train,03750.jpg,NO_EXACT_MATCH,,,
train,03751.jpg,NO_EXACT_MATCH,,,
train,03752.jpg,NO_EXACT_MATCH,,,
train,03753.jpg,NO_EXACT_MATCH,,,
train,03754.jpg,NO_EXACT_MATCH,,,
train,03755.jpg,NO_EXACT_MATCH,,,
train,03756.jpg,NO_EXACT_MATCH,,,
train,03757.jpg,NO_EXACT_MATCH,,,
train,03758.jpg,NO_EXACT_MATCH,,,
train,03759.jpg,NO_EXACT_MATCH,,,
train,03760.jpg,NO_EXACT_MATCH,,,
train,03761.jpg,NO_EXACT_MATCH,,,
train,03762.jpg,NO_EXACT_MATCH,,,
train,03763.jpg,NO_EXACT_MATCH,,,
train,03764.jpg,NO_EXACT_MATCH,,,
train,03765.jpg,NO_EXACT_MATCH,,,
train,03766.jpg,NO_EXACT_MATCH,,,
train,03767.jpg,NO_EXACT_MATCH,,,
train,03768.jpg,NO_EXACT_MATCH,,,
train,03769.jpg,NO_EXACT_MATCH,,,
train,03770.jpg,NO_EXACT_MATCH,,,
train,03771.jpg,NO_EXACT_MATCH,,,
train,03772.jpg,NO_EXACT_MATCH,,,
train,03773.jpg,NO_EXACT_MATCH,,,
train,03774.jpg,NO_EXACT_MATCH,,,
train,03775.jpg,NO_EXACT_MATCH,,,
train,03776.jpg,NO_EXACT_MATCH,,,
train,03777.jpg,NO_EXACT_MATCH,,,
train,03778.jpg,NO_EXACT_MATCH,,,
train,03779.jpg,NO_EXACT_MATCH,,,
train,03780.jpg,NO_EXACT_MATCH,,,
train,03781.jpg,NO_EXACT_MATCH,,,
train,03782.jpg,NO_EXACT_MATCH,,,
train,03783.jpg,NO_EXACT_MATCH,,,
train,03784.jpg,NO_EXACT_MATCH,,,
train,03785.jpg,NO_EXACT_MATCH,,,
train,03786.jpg,NO_EXACT_MATCH,,,
train,03787.jpg,NO_EXACT_MATCH,,,
train,03788.jpg,NO_EXACT_MATCH,,,
train,03789.jpg,NO_EXACT_MATCH,,,
train,03790.jpg,NO_EXACT_MATCH,,,
train,03791.jpg,NO_EXACT_MATCH,,,
train,03792.jpg,NO_EXACT_MATCH,,,
train,03793.jpg,NO_EXACT_MATCH,,,
train,03794.jpg,NO_EXACT_MATCH,,,
train,03795.jpg,NO_EXACT_MATCH,,,
train,03796.jpg,NO_EXACT_MATCH,,,
train,03797.jpg,NO_EXACT_MATCH,,,
train,03798.jpg,NO_EXACT_MATCH,,,
train,03799.jpg,NO_EXACT_MATCH,,,
train,03800.jpg,NO_EXACT_MATCH,,,
train,03801.jpg,NO_EXACT_MATCH,,,
train,03802.jpg,NO_EXACT_MATCH,,,
train,03803.jpg,NO_EXACT_MATCH,,,
train,03804.jpg,NO_EXACT_MATCH,,,
train,03805.jpg,NO_EXACT_MATCH,,,
train,03806.jpg,NO_EXACT_MATCH,,,
train,03807.jpg,NO_EXACT_MATCH,,,
train,03808.jpg,NO_EXACT_MATCH,,,
train,03809.jpg,NO_EXACT_MATCH,,,
train,03810.jpg,NO_EXACT_MATCH,,,
train,03811.jpg,NO_EXACT_MATCH,,,
train,03812.jpg,NO_EXACT_MATCH,,,
train,03813.jpg,NO_EXACT_MATCH,,,
train,03814.jpg,NO_EXACT_MATCH,,,
train,03815.jpg,NO_EXACT_MATCH,,,
train,03816.jpg,NO_EXACT_MATCH,,,
train,03817.jpg,NO_EXACT_MATCH,,,
train,03818.jpg,NO_EXACT_MATCH,,,
train,03819.jpg,NO_EXACT_MATCH,,,
train,03820.jpg,NO_EXACT_MATCH,,,
train,03821.jpg,NO_EXACT_MATCH,,,
train,03822.jpg,NO_EXACT_MATCH,,,
train,03823.jpg,NO_EXACT_MATCH,,,
train,03824.jpg,NO_EXACT_MATCH,,,
train,03825.jpg,NO_EXACT_MATCH,,,
train,03826.jpg,NO_EXACT_MATCH,,,
train,03827.jpg,NO_EXACT_MATCH,,,
train,03828.jpg,NO_EXACT_MATCH,,,
train,03829.jpg,NO_EXACT_MATCH,,,
train,03830.jpg,NO_EXACT_MATCH,,,
train,03831.jpg,NO_EXACT_MATCH,,,
train,03832.jpg,NO_EXACT_MATCH,,,
train,03833.jpg,NO_EXACT_MATCH,,,
train,03834.jpg,NO_EXACT_MATCH,,,
train,03835.jpg,NO_EXACT_MATCH,,,
train,03836.jpg,NO_EXACT_MATCH,,,
train,03837.jpg,NO_EXACT_MATCH,,,
train,03838.jpg,NO_EXACT_MATCH,,,
train,03839.jpg,NO_EXACT_MATCH,,,
train,03840.jpg,NO_EXACT_MATCH,,,
train,03841.jpg,NO_EXACT_MATCH,,,
train,03842.jpg,NO_EXACT_MATCH,,,
train,03843.jpg,NO_EXACT_MATCH,,,
train,03844.jpg,NO_EXACT_MATCH,,,
train,03845.jpg,NO_EXACT_MATCH,,,
train,03846.jpg,NO_EXACT_MATCH,,,
train,03847.jpg,NO_EXACT_MATCH,,,
train,03848.jpg,NO_EXACT_MATCH,,,
train,03849.jpg,NO_EXACT_MATCH,,,
train,03850.jpg,NO_EXACT_MATCH,,,
train,03851.jpg,NO_EXACT_MATCH,,,
train,03852.jpg,NO_EXACT_MATCH,,,
train,03853.jpg,NO_EXACT_MATCH,,,
train,03854.jpg,NO_EXACT_MATCH,,,
train,03855.jpg,NO_EXACT_MATCH,,,
train,03856.jpg,NO_EXACT_MATCH,,,
train,03857.jpg,NO_EXACT_MATCH,,,
train,03858.jpg,NO_EXACT_MATCH,,,
train,03859.jpg,NO_EXACT_MATCH,,,
train,03860.jpg,NO_EXACT_MATCH,,,
train,03861.jpg,NO_EXACT_MATCH,,,
train,03862.jpg,NO_EXACT_MATCH,,,
train,03863.jpg,NO_EXACT_MATCH,,,
train,03864.jpg,NO_EXACT_MATCH,,,
train,03865.jpg,NO_EXACT_MATCH,,,
train,03866.jpg,NO_EXACT_MATCH,,,
train,03867.jpg,NO_EXACT_MATCH,,,
train,03868.jpg,NO_EXACT_MATCH,,,
train,03869.jpg,NO_EXACT_MATCH,,,
train,03870.jpg,NO_EXACT_MATCH,,,
train,03871.jpg,NO_EXACT_MATCH,,,
train,03872.jpg,NO_EXACT_MATCH,,,
train,03873.jpg,NO_EXACT_MATCH,,,
train,03874.jpg,NO_EXACT_MATCH,,,
train,03875.jpg,NO_EXACT_MATCH,,,
train,03876.jpg,NO_EXACT_MATCH,,,
train,03877.jpg,NO_EXACT_MATCH,,,
train,03878.jpg,NO_EXACT_MATCH,,,
train,03879.jpg,NO_EXACT_MATCH,,,
train,03880.jpg,NO_EXACT_MATCH,,,
train,03881.jpg,NO_EXACT_MATCH,,,
train,03882.jpg,NO_EXACT_MATCH,,,
train,03883.jpg,NO_EXACT_MATCH,,,
train,03884.jpg,NO_EXACT_MATCH,,,
train,03885.jpg,NO_EXACT_MATCH,,,
train,03886.jpg,NO_EXACT_MATCH,,,
train,03887.jpg,NO_EXACT_MATCH,,,
train,03888.jpg,NO_EXACT_MATCH,,,
train,03889.jpg,NO_EXACT_MATCH,,,
train,03890.jpg,NO_EXACT_MATCH,,,
train,03891.jpg,NO_EXACT_MATCH,,,
train,03892.jpg,NO_EXACT_MATCH,,,
train,03893.jpg,NO_EXACT_MATCH,,,
train,03894.jpg,NO_EXACT_MATCH,,,
train,03895.jpg,NO_EXACT_MATCH,,,
train,03896.jpg,NO_EXACT_MATCH,,,
train,03897.jpg,NO_EXACT_MATCH,,,
train,03898.jpg,NO_EXACT_MATCH,,,
train,03899.jpg,NO_EXACT_MATCH,,,
train,03900.jpg,NO_EXACT_MATCH,,,
train,03901.jpg,NO_EXACT_MATCH,,,
train,03902.jpg,NO_EXACT_MATCH,,,
train,03903.jpg,NO_EXACT_MATCH,,,
train,03904.jpg,NO_EXACT_MATCH,,,
train,03905.jpg,NO_EXACT_MATCH,,,
train,03906.jpg,NO_EXACT_MATCH,,,
train,03907.jpg,NO_EXACT_MATCH,,,
train,03908.jpg,NO_EXACT_MATCH,,,
train,03909.jpg,NO_EXACT_MATCH,,,
train,03910.jpg,NO_EXACT_MATCH,,,
train,03911.jpg,NO_EXACT_MATCH,,,
train,03912.jpg,NO_EXACT_MATCH,,,
train,03913.jpg,NO_EXACT_MATCH,,,
train,03914.jpg,NO_EXACT_MATCH,,,
train,03915.jpg,NO_EXACT_MATCH,,,
train,03916.jpg,NO_EXACT_MATCH,,,
train,03917.jpg,NO_EXACT_MATCH,,,
train,03918.jpg,NO_EXACT_MATCH,,,
train,03919.jpg,NO_EXACT_MATCH,,,
train,03920.jpg,NO_EXACT_MATCH,,,
train,03921.jpg,NO_EXACT_MATCH,,,
train,03922.jpg,NO_EXACT_MATCH,,,
train,03923.jpg,NO_EXACT_MATCH,,,
train,03924.jpg,NO_EXACT_MATCH,,,
train,03925.jpg,NO_EXACT_MATCH,,,
train,03926.jpg,NO_EXACT_MATCH,,,
train,03927.jpg,NO_EXACT_MATCH,,,
train,03928.jpg,NO_EXACT_MATCH,,,
train,03929.jpg,NO_EXACT_MATCH,,,
train,03930.jpg,NO_EXACT_MATCH,,,
train,03931.jpg,NO_EXACT_MATCH,,,
train,03932.jpg,NO_EXACT_MATCH,,,
train,03933.jpg,NO_EXACT_MATCH,,,
train,03934.jpg,NO_EXACT_MATCH,,,
train,03935.jpg,NO_EXACT_MATCH,,,
train,03936.jpg,NO_EXACT_MATCH,,,
train,03937.jpg,NO_EXACT_MATCH,,,
train,03938.jpg,NO_EXACT_MATCH,,,
train,03939.jpg,NO_EXACT_MATCH,,,
train,03940.jpg,NO_EXACT_MATCH,,,
train,03941.jpg,NO_EXACT_MATCH,,,
train,03942.jpg,NO_EXACT_MATCH,,,
train,03943.jpg,NO_EXACT_MATCH,,,
train,03944.jpg,NO_EXACT_MATCH,,,
train,03945.jpg,NO_EXACT_MATCH,,,
train,03946.jpg,NO_EXACT_MATCH,,,
train,03947.jpg,NO_EXACT_MATCH,,,
train,03948.jpg,NO_EXACT_MATCH,,,
train,03949.jpg,NO_EXACT_MATCH,,,
train,03950.jpg,NO_EXACT_MATCH,,,
train,03951.jpg,NO_EXACT_MATCH,,,
train,03952.jpg,NO_EXACT_MATCH,,,
train,03953.jpg,NO_EXACT_MATCH,,,
train,03954.jpg,NO_EXACT_MATCH,,,
train,03955.jpg,NO_EXACT_MATCH,,,
train,03956.jpg,NO_EXACT_MATCH,,,
train,03957.jpg,NO_EXACT_MATCH,,,
train,03958.jpg,NO_EXACT_MATCH,,,
train,03959.jpg,NO_EXACT_MATCH,,,
train,03960.jpg,NO_EXACT_MATCH,,,
train,03961.jpg,NO_EXACT_MATCH,,,
train,03962.jpg,NO_EXACT_MATCH,,,
train,03963.jpg,NO_EXACT_MATCH,,,
train,03964.jpg,NO_EXACT_MATCH,,,
train,03965.jpg,NO_EXACT_MATCH,,,
train,03966.jpg,NO_EXACT_MATCH,,,
train,03967.jpg,NO_EXACT_MATCH,,,
train,03968.jpg,NO_EXACT_MATCH,,,
train,03969.jpg,NO_EXACT_MATCH,,,
train,03970.jpg,NO_EXACT_MATCH,,,
train,03971.jpg,NO_EXACT_MATCH,,,
train,03972.jpg,NO_EXACT_MATCH,,,
train,03973.jpg,NO_EXACT_MATCH,,,
train,03974.jpg,NO_EXACT_MATCH,,,
train,03975.jpg,NO_EXACT_MATCH,,,
train,03976.jpg,NO_EXACT_MATCH,,,
train,03977.jpg,NO_EXACT_MATCH,,,
train,03978.jpg,NO_EXACT_MATCH,,,
train,03979.jpg,NO_EXACT_MATCH,,,
train,03980.jpg,NO_EXACT_MATCH,,,
train,03981.jpg,NO_EXACT_MATCH,,,
train,03982.jpg,NO_EXACT_MATCH,,,
train,03983.jpg,NO_EXACT_MATCH,,,
train,03984.jpg,NO_EXACT_MATCH,,,
train,03985.jpg,NO_EXACT_MATCH,,,
train,03986.jpg,NO_EXACT_MATCH,,,
train,03987.jpg,NO_EXACT_MATCH,,,
train,03988.jpg,NO_EXACT_MATCH,,,
train,03989.jpg,NO_EXACT_MATCH,,,
train,03990.jpg,NO_EXACT_MATCH,,,
train,03991.jpg,NO_EXACT_MATCH,,,
train,03992.jpg,NO_EXACT_MATCH,,,
train,03993.jpg,NO_EXACT_MATCH,,,
train,03994.jpg,NO_EXACT_MATCH,,,
train,03995.jpg,NO_EXACT_MATCH,,,
train,03996.jpg,NO_EXACT_MATCH,,,
train,03997.jpg,NO_EXACT_MATCH,,,
train,03998.jpg,NO_EXACT_MATCH,,,
train,03999.jpg,NO_EXACT_MATCH,,,
train,04000.jpg,NO_EXACT_MATCH,,,
train,04001.jpg,NO_EXACT_MATCH,,,
train,04002.jpg,NO_EXACT_MATCH,,,
train,04003.jpg,NO_EXACT_MATCH,,,
train,04004.jpg,NO_EXACT_MATCH,,,
train,04005.jpg,NO_EXACT_MATCH,,,
train,04006.jpg,NO_EXACT_MATCH,,,
train,04007.jpg,NO_EXACT_MATCH,,,
train,04008.jpg,NO_EXACT_MATCH,,,
train,04009.jpg,NO_EXACT_MATCH,,,
train,04010.jpg,NO_EXACT_MATCH,,,
train,04011.jpg,NO_EXACT_MATCH,,,
train,04012.jpg,NO_EXACT_MATCH,,,
train,04013.jpg,NO_EXACT_MATCH,,,
train,04014.jpg,NO_EXACT_MATCH,,,
train,04015.jpg,NO_EXACT_MATCH,,,
train,04016.jpg,NO_EXACT_MATCH,,,
train,04017.jpg,NO_EXACT_MATCH,,,
train,04018.jpg,NO_EXACT_MATCH,,,
train,04019.jpg,NO_EXACT_MATCH,,,
train,04020.jpg,NO_EXACT_MATCH,,,
train,04021.jpg,NO_EXACT_MATCH,,,
train,04022.jpg,NO_EXACT_MATCH,,,
train,04023.jpg,NO_EXACT_MATCH,,,
train,04024.jpg,NO_EXACT_MATCH,,,
train,04025.jpg,NO_EXACT_MATCH,,,
train,04026.jpg,NO_EXACT_MATCH,,,
train,04027.jpg,NO_EXACT_MATCH,,,
train,04028.jpg,NO_EXACT_MATCH,,,
train,04029.jpg,NO_EXACT_MATCH,,,
train,04030.jpg,NO_EXACT_MATCH,,,
train,04031.jpg,NO_EXACT_MATCH,,,
train,04032.jpg,NO_EXACT_MATCH,,,
train,04033.jpg,NO_EXACT_MATCH,,,
train,04034.jpg,NO_EXACT_MATCH,,,
train,04035.jpg,NO_EXACT_MATCH,,,
train,04036.jpg,NO_EXACT_MATCH,,,
train,04037.jpg,NO_EXACT_MATCH,,,
train,04038.jpg,NO_EXACT_MATCH,,,
train,04039.jpg,NO_EXACT_MATCH,,,
train,04040.jpg,NO_EXACT_MATCH,,,
train,04041.jpg,NO_EXACT_MATCH,,,
train,04042.jpg,NO_EXACT_MATCH,,,
train,04043.jpg,NO_EXACT_MATCH,,,
train,04044.jpg,NO_EXACT_MATCH,,,
train,04045.jpg,NO_EXACT_MATCH,,,
train,04046.jpg,NO_EXACT_MATCH,,,
train,04047.jpg,NO_EXACT_MATCH,,,
train,04048.jpg,NO_EXACT_MATCH,,,
train,04049.jpg,NO_EXACT_MATCH,,,
train,04050.jpg,NO_EXACT_MATCH,,,
train,04051.jpg,NO_EXACT_MATCH,,,
train,04052.jpg,NO_EXACT_MATCH,,,
train,04053.jpg,NO_EXACT_MATCH,,,
train,04054.jpg,NO_EXACT_MATCH,,,
train,04055.jpg,NO_EXACT_MATCH,,,
train,04056.jpg,NO_EXACT_MATCH,,,
train,04057.jpg,NO_EXACT_MATCH,,,
train,04058.jpg,NO_EXACT_MATCH,,,
train,04059.jpg,NO_EXACT_MATCH,,,
train,04060.jpg,NO_EXACT_MATCH,,,
train,04061.jpg,NO_EXACT_MATCH,,,
train,04062.jpg,NO_EXACT_MATCH,,,
train,04063.jpg,NO_EXACT_MATCH,,,
train,04064.jpg,NO_EXACT_MATCH,,,
train,04065.jpg,NO_EXACT_MATCH,,,
train,04066.jpg,NO_EXACT_MATCH,,,
train,04067.jpg,NO_EXACT_MATCH,,,
train,04068.jpg,NO_EXACT_MATCH,,,
train,04069.jpg,NO_EXACT_MATCH,,,
train,04070.jpg,NO_EXACT_MATCH,,,
train,04071.jpg,NO_EXACT_MATCH,,,
train,04072.jpg,NO_EXACT_MATCH,,,
train,04073.jpg,NO_EXACT_MATCH,,,
train,04074.jpg,NO_EXACT_MATCH,,,
train,04075.jpg,NO_EXACT_MATCH,,,
train,04076.jpg,NO_EXACT_MATCH,,,
train,04077.jpg,NO_EXACT_MATCH,,,
train,04078.jpg,NO_EXACT_MATCH,,,
train,04079.jpg,NO_EXACT_MATCH,,,
train,04080.jpg,NO_EXACT_MATCH,,,
train,04081.jpg,NO_EXACT_MATCH,,,
train,04082.jpg,NO_EXACT_MATCH,,,
train,04083.jpg,NO_EXACT_MATCH,,,
train,04084.jpg,NO_EXACT_MATCH,,,
train,04085.jpg,NO_EXACT_MATCH,,,
train,04086.jpg,NO_EXACT_MATCH,,,
train,04087.jpg,NO_EXACT_MATCH,,,
train,04088.jpg,NO_EXACT_MATCH,,,
train,04089.jpg,NO_EXACT_MATCH,,,
train,04090.jpg,NO_EXACT_MATCH,,,
train,04091.jpg,NO_EXACT_MATCH,,,
train,04092.jpg,NO_EXACT_MATCH,,,
train,04093.jpg,NO_EXACT_MATCH,,,
train,04094.jpg,NO_EXACT_MATCH,,,
train,04095.jpg,NO_EXACT_MATCH,,,
train,04096.jpg,NO_EXACT_MATCH,,,
train,04097.jpg,NO_EXACT_MATCH,,,
train,04098.jpg,NO_EXACT_MATCH,,,
train,04099.jpg,NO_EXACT_MATCH,,,
train,04100.jpg,NO_EXACT_MATCH,,,
train,04101.jpg,NO_EXACT_MATCH,,,
train,04102.jpg,NO_EXACT_MATCH,,,
train,04103.jpg,NO_EXACT_MATCH,,,
train,04104.jpg,NO_EXACT_MATCH,,,
train,04105.jpg,NO_EXACT_MATCH,,,
train,04106.jpg,NO_EXACT_MATCH,,,
train,04107.jpg,NO_EXACT_MATCH,,,
train,04108.jpg,NO_EXACT_MATCH,,,
train,04109.jpg,NO_EXACT_MATCH,,,
train,04110.jpg,NO_EXACT_MATCH,,,
train,04111.jpg,NO_EXACT_MATCH,,,
train,04112.jpg,NO_EXACT_MATCH,,,
train,04113.jpg,NO_EXACT_MATCH,,,
train,04114.jpg,NO_EXACT_MATCH,,,
train,04115.jpg,NO_EXACT_MATCH,,,
train,04116.jpg,NO_EXACT_MATCH,,,
train,04117.jpg,NO_EXACT_MATCH,,,
train,04118.jpg,NO_EXACT_MATCH,,,
train,04119.jpg,NO_EXACT_MATCH,,,
train,04120.jpg,NO_EXACT_MATCH,,,
train,04121.jpg,NO_EXACT_MATCH,,,
train,04122.jpg,NO_EXACT_MATCH,,,
train,04123.jpg,NO_EXACT_MATCH,,,
train,04124.jpg,NO_EXACT_MATCH,,,
train,04125.jpg,NO_EXACT_MATCH,,,
train,04126.jpg,NO_EXACT_MATCH,,,
train,04127.jpg,NO_EXACT_MATCH,,,
train,04128.jpg,NO_EXACT_MATCH,,,
train,04129.jpg,NO_EXACT_MATCH,,,
train,04130.jpg,NO_EXACT_MATCH,,,
train,04131.jpg,NO_EXACT_MATCH,,,
train,04132.jpg,NO_EXACT_MATCH,,,
train,04133.jpg,NO_EXACT_MATCH,,,
train,04134.jpg,NO_EXACT_MATCH,,,
train,04135.jpg,NO_EXACT_MATCH,,,
train,04136.jpg,NO_EXACT_MATCH,,,
train,04137.jpg,NO_EXACT_MATCH,,,
train,04138.jpg,NO_EXACT_MATCH,,,
train,04139.jpg,NO_EXACT_MATCH,,,
train,04140.jpg,NO_EXACT_MATCH,,,
train,04141.jpg,NO_EXACT_MATCH,,,
train,04142.jpg,NO_EXACT_MATCH,,,
train,04143.jpg,NO_EXACT_MATCH,,,
train,04144.jpg,NO_EXACT_MATCH,,,
train,04145.jpg,NO_EXACT_MATCH,,,
train,04146.jpg,NO_EXACT_MATCH,,,
train,04147.jpg,NO_EXACT_MATCH,,,
train,04148.jpg,NO_EXACT_MATCH,,,
train,04149.jpg,NO_EXACT_MATCH,,,
train,04150.jpg,NO_EXACT_MATCH,,,
train,04151.jpg,NO_EXACT_MATCH,,,
train,04152.jpg,NO_EXACT_MATCH,,,
train,04153.jpg,NO_EXACT_MATCH,,,
train,04154.jpg,NO_EXACT_MATCH,,,
train,04155.jpg,NO_EXACT_MATCH,,,
train,04156.jpg,NO_EXACT_MATCH,,,
train,04157.jpg,NO_EXACT_MATCH,,,
train,04158.jpg,NO_EXACT_MATCH,,,
train,04159.jpg,NO_EXACT_MATCH,,,
train,04160.jpg,NO_EXACT_MATCH,,,
train,04161.jpg,NO_EXACT_MATCH,,,
train,04162.jpg,NO_EXACT_MATCH,,,
train,04163.jpg,NO_EXACT_MATCH,,,
train,04164.jpg,NO_EXACT_MATCH,,,
train,04165.jpg,NO_EXACT_MATCH,,,
train,04166.jpg,NO_EXACT_MATCH,,,
train,04167.jpg,NO_EXACT_MATCH,,,
train,04168.jpg,NO_EXACT_MATCH,,,
train,04169.jpg,NO_EXACT_MATCH,,,
train,04170.jpg,NO_EXACT_MATCH,,,
train,04171.jpg,NO_EXACT_MATCH,,,
train,04172.jpg,NO_EXACT_MATCH,,,
train,04173.jpg,NO_EXACT_MATCH,,,
train,04174.jpg,NO_EXACT_MATCH,,,
train,04175.jpg,NO_EXACT_MATCH,,,
train,04176.jpg,NO_EXACT_MATCH,,,
train,04177.jpg,NO_EXACT_MATCH,,,
train,04178.jpg,NO_EXACT_MATCH,,,
train,04179.jpg,NO_EXACT_MATCH,,,
train,04180.jpg,NO_EXACT_MATCH,,,
train,04181.jpg,NO_EXACT_MATCH,,,
train,04182.jpg,NO_EXACT_MATCH,,,
train,04183.jpg,NO_EXACT_MATCH,,,
train,04184.jpg,NO_EXACT_MATCH,,,
train,04185.jpg,NO_EXACT_MATCH,,,
train,04186.jpg,NO_EXACT_MATCH,,,
train,04187.jpg,NO_EXACT_MATCH,,,
train,04188.jpg,NO_EXACT_MATCH,,,
train,04189.jpg,NO_EXACT_MATCH,,,
train,04190.jpg,NO_EXACT_MATCH,,,
train,04191.jpg,NO_EXACT_MATCH,,,
train,04192.jpg,NO_EXACT_MATCH,,,
train,04193.jpg,NO_EXACT_MATCH,,,
train,04194.jpg,NO_EXACT_MATCH,,,
train,04195.jpg,NO_EXACT_MATCH,,,
train,04196.jpg,NO_EXACT_MATCH,,,
train,04197.jpg,NO_EXACT_MATCH,,,
train,04198.jpg,NO_EXACT_MATCH,,,
train,04199.jpg,NO_EXACT_MATCH,,,
train,04200.jpg,NO_EXACT_MATCH,,,
train,04201.jpg,NO_EXACT_MATCH,,,
train,04202.jpg,NO_EXACT_MATCH,,,
train,04203.jpg,NO_EXACT_MATCH,,,
train,04204.jpg,NO_EXACT_MATCH,,,
train,04205.jpg,NO_EXACT_MATCH,,,
train,04206.jpg,NO_EXACT_MATCH,,,
train,04207.jpg,NO_EXACT_MATCH,,,
train,04208.jpg,NO_EXACT_MATCH,,,
train,04209.jpg,NO_EXACT_MATCH,,,
train,04210.jpg,NO_EXACT_MATCH,,,
train,04211.jpg,NO_EXACT_MATCH,,,
train,04212.jpg,NO_EXACT_MATCH,,,
train,04213.jpg,NO_EXACT_MATCH,,,
train,04214.jpg,NO_EXACT_MATCH,,,
train,04215.jpg,NO_EXACT_MATCH,,,
train,04216.jpg,NO_EXACT_MATCH,,,
train,04217.jpg,NO_EXACT_MATCH,,,
train,04218.jpg,NO_EXACT_MATCH,,,
train,04219.jpg,NO_EXACT_MATCH,,,
train,04220.jpg,NO_EXACT_MATCH,,,
train,04221.jpg,NO_EXACT_MATCH,,,
train,04222.jpg,NO_EXACT_MATCH,,,
train,04223.jpg,NO_EXACT_MATCH,,,
train,04224.jpg,NO_EXACT_MATCH,,,
train,04225.jpg,NO_EXACT_MATCH,,,
train,04226.jpg,NO_EXACT_MATCH,,,
train,04227.jpg,NO_EXACT_MATCH,,,
train,04228.jpg,NO_EXACT_MATCH,,,
train,04229.jpg,NO_EXACT_MATCH,,,
train,04230.jpg,NO_EXACT_MATCH,,,
train,04231.jpg,NO_EXACT_MATCH,,,
train,04232.jpg,NO_EXACT_MATCH,,,
train,04233.jpg,NO_EXACT_MATCH,,,
train,04234.jpg,NO_EXACT_MATCH,,,
train,04235.jpg,NO_EXACT_MATCH,,,
train,04236.jpg,NO_EXACT_MATCH,,,
train,04237.jpg,NO_EXACT_MATCH,,,
train,04238.jpg,NO_EXACT_MATCH,,,
train,04239.jpg,NO_EXACT_MATCH,,,
train,04240.jpg,NO_EXACT_MATCH,,,
train,04241.jpg,NO_EXACT_MATCH,,,
train,04242.jpg,NO_EXACT_MATCH,,,
train,04243.jpg,NO_EXACT_MATCH,,,
train,04244.jpg,NO_EXACT_MATCH,,,
train,04245.jpg,NO_EXACT_MATCH,,,
train,04246.jpg,NO_EXACT_MATCH,,,
train,04247.jpg,NO_EXACT_MATCH,,,
train,04248.jpg,NO_EXACT_MATCH,,,
train,04249.jpg,NO_EXACT_MATCH,,,
train,04250.jpg,NO_EXACT_MATCH,,,
train,04251.jpg,NO_EXACT_MATCH,,,
train,04252.jpg,NO_EXACT_MATCH,,,
train,04253.jpg,NO_EXACT_MATCH,,,
train,04254.jpg,NO_EXACT_MATCH,,,
train,04255.jpg,NO_EXACT_MATCH,,,
train,04256.jpg,NO_EXACT_MATCH,,,
train,04257.jpg,NO_EXACT_MATCH,,,
train,04258.jpg,NO_EXACT_MATCH,,,
train,04259.jpg,NO_EXACT_MATCH,,,
train,04260.jpg,NO_EXACT_MATCH,,,
train,04261.jpg,NO_EXACT_MATCH,,,
train,04262.jpg,NO_EXACT_MATCH,,,
train,04263.jpg,NO_EXACT_MATCH,,,
train,04264.jpg,NO_EXACT_MATCH,,,
train,04265.jpg,NO_EXACT_MATCH,,,
train,04266.jpg,NO_EXACT_MATCH,,,
train,04267.jpg,NO_EXACT_MATCH,,,
train,04268.jpg,NO_EXACT_MATCH,,,
train,04269.jpg,NO_EXACT_MATCH,,,
train,04270.jpg,NO_EXACT_MATCH,,,
train,04271.jpg,NO_EXACT_MATCH,,,
train,04272.jpg,NO_EXACT_MATCH,,,
train,04273.jpg,NO_EXACT_MATCH,,,
train,04274.jpg,NO_EXACT_MATCH,,,
train,04275.jpg,NO_EXACT_MATCH,,,
train,04276.jpg,NO_EXACT_MATCH,,,
train,04277.jpg,NO_EXACT_MATCH,,,
train,04278.jpg,NO_EXACT_MATCH,,,
train,04279.jpg,NO_EXACT_MATCH,,,
train,04280.jpg,NO_EXACT_MATCH,,,
train,04281.jpg,NO_EXACT_MATCH,,,
train,04282.jpg,NO_EXACT_MATCH,,,
train,04283.jpg,NO_EXACT_MATCH,,,
train,04284.jpg,NO_EXACT_MATCH,,,
train,04285.jpg,NO_EXACT_MATCH,,,
train,04286.jpg,NO_EXACT_MATCH,,,
train,04287.jpg,NO_EXACT_MATCH,,,
train,04288.jpg,NO_EXACT_MATCH,,,
train,04289.jpg,NO_EXACT_MATCH,,,
train,04290.jpg,NO_EXACT_MATCH,,,
train,04291.jpg,NO_EXACT_MATCH,,,
train,04292.jpg,NO_EXACT_MATCH,,,
train,04293.jpg,NO_EXACT_MATCH,,,
train,04294.jpg,NO_EXACT_MATCH,,,
train,04295.jpg,NO_EXACT_MATCH,,,
train,04296.jpg,NO_EXACT_MATCH,,,
train,04297.jpg,NO_EXACT_MATCH,,,
train,04298.jpg,NO_EXACT_MATCH,,,
train,04299.jpg,NO_EXACT_MATCH,,,
train,04300.jpg,NO_EXACT_MATCH,,,
train,04301.jpg,NO_EXACT_MATCH,,,
train,04302.jpg,NO_EXACT_MATCH,,,
train,04303.jpg,NO_EXACT_MATCH,,,
train,04304.jpg,NO_EXACT_MATCH,,,
train,04305.jpg,NO_EXACT_MATCH,,,
train,04306.jpg,NO_EXACT_MATCH,,,
train,04307.jpg,NO_EXACT_MATCH,,,
train,04308.jpg,NO_EXACT_MATCH,,,
train,04309.jpg,NO_EXACT_MATCH,,,
train,04310.jpg,NO_EXACT_MATCH,,,
train,04311.jpg,NO_EXACT_MATCH,,,
train,04312.jpg,NO_EXACT_MATCH,,,
train,04313.jpg,NO_EXACT_MATCH,,,
train,04314.jpg,NO_EXACT_MATCH,,,
train,04315.jpg,NO_EXACT_MATCH,,,
train,04316.jpg,NO_EXACT_MATCH,,,
train,04317.jpg,NO_EXACT_MATCH,,,
train,04318.jpg,NO_EXACT_MATCH,,,
train,04319.jpg,NO_EXACT_MATCH,,,
train,04320.jpg,NO_EXACT_MATCH,,,
train,04321.jpg,NO_EXACT_MATCH,,,
train,04322.jpg,NO_EXACT_MATCH,,,
train,04323.jpg,NO_EXACT_MATCH,,,
train,04324.jpg,NO_EXACT_MATCH,,,
train,04325.jpg,NO_EXACT_MATCH,,,
train,04326.jpg,NO_EXACT_MATCH,,,
train,04327.jpg,NO_EXACT_MATCH,,,
train,04328.jpg,NO_EXACT_MATCH,,,
train,04329.jpg,NO_EXACT_MATCH,,,
train,04330.jpg,NO_EXACT_MATCH,,,
train,04331.jpg,NO_EXACT_MATCH,,,
train,04332.jpg,NO_EXACT_MATCH,,,
train,04333.jpg,NO_EXACT_MATCH,,,
train,04334.jpg,NO_EXACT_MATCH,,,
train,04335.jpg,NO_EXACT_MATCH,,,
train,04336.jpg,NO_EXACT_MATCH,,,
train,04337.jpg,NO_EXACT_MATCH,,,
train,04338.jpg,NO_EXACT_MATCH,,,
train,04339.jpg,NO_EXACT_MATCH,,,
train,04340.jpg,NO_EXACT_MATCH,,,
train,04341.jpg,NO_EXACT_MATCH,,,
train,04342.jpg,NO_EXACT_MATCH,,,
train,04343.jpg,NO_EXACT_MATCH,,,
train,04344.jpg,NO_EXACT_MATCH,,,
train,04345.jpg,NO_EXACT_MATCH,,,
train,04346.jpg,NO_EXACT_MATCH,,,
train,04347.jpg,NO_EXACT_MATCH,,,
train,04348.jpg,NO_EXACT_MATCH,,,
train,04349.jpg,NO_EXACT_MATCH,,,
train,04350.jpg,NO_EXACT_MATCH,,,
train,04351.jpg,NO_EXACT_MATCH,,,
train,04352.jpg,NO_EXACT_MATCH,,,
train,04353.jpg,NO_EXACT_MATCH,,,
train,04354.jpg,NO_EXACT_MATCH,,,
train,04355.jpg,NO_EXACT_MATCH,,,
train,04356.jpg,NO_EXACT_MATCH,,,
train,04357.jpg,NO_EXACT_MATCH,,,
train,04358.jpg,NO_EXACT_MATCH,,,
train,04359.jpg,NO_EXACT_MATCH,,,
train,04360.jpg,NO_EXACT_MATCH,,,
train,04361.jpg,NO_EXACT_MATCH,,,
train,04362.jpg,NO_EXACT_MATCH,,,
train,04363.jpg,NO_EXACT_MATCH,,,
train,04364.jpg,NO_EXACT_MATCH,,,
train,04365.jpg,NO_EXACT_MATCH,,,
train,04366.jpg,NO_EXACT_MATCH,,,
train,04367.jpg,NO_EXACT_MATCH,,,
train,04368.jpg,NO_EXACT_MATCH,,,
train,04369.jpg,NO_EXACT_MATCH,,,
train,04370.jpg,NO_EXACT_MATCH,,,
train,04371.jpg,NO_EXACT_MATCH,,,
train,04372.jpg,NO_EXACT_MATCH,,,
train,04373.jpg,NO_EXACT_MATCH,,,
train,04374.jpg,NO_EXACT_MATCH,,,
train,04375.jpg,NO_EXACT_MATCH,,,
train,04376.jpg,NO_EXACT_MATCH,,,
train,04377.jpg,NO_EXACT_MATCH,,,
train,04378.jpg,NO_EXACT_MATCH,,,
train,04379.jpg,NO_EXACT_MATCH,,,
train,04380.jpg,NO_EXACT_MATCH,,,
train,04381.jpg,NO_EXACT_MATCH,,,
train,04382.jpg,NO_EXACT_MATCH,,,
train,04383.jpg,NO_EXACT_MATCH,,,
train,04384.jpg,NO_EXACT_MATCH,,,
train,04385.jpg,NO_EXACT_MATCH,,,
train,04386.jpg,NO_EXACT_MATCH,,,
train,04387.jpg,NO_EXACT_MATCH,,,
train,04388.jpg,NO_EXACT_MATCH,,,
train,04389.jpg,NO_EXACT_MATCH,,,
train,04390.jpg,NO_EXACT_MATCH,,,
train,04391.jpg,NO_EXACT_MATCH,,,
train,04392.jpg,NO_EXACT_MATCH,,,
train,04393.jpg,NO_EXACT_MATCH,,,
train,04394.jpg,NO_EXACT_MATCH,,,
train,04395.jpg,NO_EXACT_MATCH,,,
train,04396.jpg,NO_EXACT_MATCH,,,
train,04397.jpg,NO_EXACT_MATCH,,,
train,04398.jpg,NO_EXACT_MATCH,,,
train,04399.jpg,NO_EXACT_MATCH,,,
train,04400.jpg,NO_EXACT_MATCH,,,
train,04401.jpg,NO_EXACT_MATCH,,,
train,04402.jpg,NO_EXACT_MATCH,,,
train,04403.jpg,NO_EXACT_MATCH,,,
train,04404.jpg,NO_EXACT_MATCH,,,
train,04405.jpg,NO_EXACT_MATCH,,,
train,04406.jpg,NO_EXACT_MATCH,,,
train,04407.jpg,NO_EXACT_MATCH,,,
train,04408.jpg,NO_EXACT_MATCH,,,
train,04409.jpg,NO_EXACT_MATCH,,,
train,04410.jpg,NO_EXACT_MATCH,,,
train,04411.jpg,NO_EXACT_MATCH,,,
train,04412.jpg,NO_EXACT_MATCH,,,
train,04413.jpg,NO_EXACT_MATCH,,,
train,04414.jpg,NO_EXACT_MATCH,,,
train,04415.jpg,NO_EXACT_MATCH,,,
train,04416.jpg,NO_EXACT_MATCH,,,
train,04417.jpg,NO_EXACT_MATCH,,,
train,04418.jpg,NO_EXACT_MATCH,,,
train,04419.jpg,NO_EXACT_MATCH,,,
train,04420.jpg,NO_EXACT_MATCH,,,
train,04421.jpg,NO_EXACT_MATCH,,,
train,04422.jpg,NO_EXACT_MATCH,,,
train,04423.jpg,NO_EXACT_MATCH,,,
train,04424.jpg,NO_EXACT_MATCH,,,
train,04425.jpg,NO_EXACT_MATCH,,,
train,04426.jpg,NO_EXACT_MATCH,,,
train,04427.jpg,NO_EXACT_MATCH,,,
train,04428.jpg,NO_EXACT_MATCH,,,
train,04429.jpg,NO_EXACT_MATCH,,,
train,04430.jpg,NO_EXACT_MATCH,,,
train,04431.jpg,NO_EXACT_MATCH,,,
train,04432.jpg,NO_EXACT_MATCH,,,
train,04433.jpg,NO_EXACT_MATCH,,,
train,04434.jpg,NO_EXACT_MATCH,,,
train,04435.jpg,NO_EXACT_MATCH,,,
train,04436.jpg,NO_EXACT_MATCH,,,
train,04437.jpg,NO_EXACT_MATCH,,,
train,04438.jpg,NO_EXACT_MATCH,,,
train,04439.jpg,NO_EXACT_MATCH,,,
train,04440.jpg,NO_EXACT_MATCH,,,
train,04441.jpg,NO_EXACT_MATCH,,,
train,04442.jpg,NO_EXACT_MATCH,,,
train,04443.jpg,NO_EXACT_MATCH,,,
train,04444.jpg,NO_EXACT_MATCH,,,
train,04445.jpg,NO_EXACT_MATCH,,,
train,04446.jpg,NO_EXACT_MATCH,,,
train,04447.jpg,NO_EXACT_MATCH,,,
train,04448.jpg,NO_EXACT_MATCH,,,
train,04449.jpg,NO_EXACT_MATCH,,,
train,04450.jpg,NO_EXACT_MATCH,,,
train,04451.jpg,NO_EXACT_MATCH,,,
train,04452.jpg,NO_EXACT_MATCH,,,
train,04453.jpg,NO_EXACT_MATCH,,,
train,04454.jpg,NO_EXACT_MATCH,,,
train,04455.jpg,NO_EXACT_MATCH,,,
train,04456.jpg,NO_EXACT_MATCH,,,
train,04457.jpg,NO_EXACT_MATCH,,,
train,04458.jpg,NO_EXACT_MATCH,,,
train,04459.jpg,NO_EXACT_MATCH,,,
train,04460.jpg,NO_EXACT_MATCH,,,
train,04461.jpg,NO_EXACT_MATCH,,,
train,04462.jpg,NO_EXACT_MATCH,,,
train,04463.jpg,NO_EXACT_MATCH,,,
train,04464.jpg,NO_EXACT_MATCH,,,
train,04465.jpg,NO_EXACT_MATCH,,,
train,04466.jpg,NO_EXACT_MATCH,,,
train,04467.jpg,NO_EXACT_MATCH,,,
train,04468.jpg,NO_EXACT_MATCH,,,
train,04469.jpg,NO_EXACT_MATCH,,,
train,04470.jpg,NO_EXACT_MATCH,,,
train,04471.jpg,NO_EXACT_MATCH,,,
train,04472.jpg,NO_EXACT_MATCH,,,
train,04473.jpg,NO_EXACT_MATCH,,,
train,04474.jpg,NO_EXACT_MATCH,,,
train,04475.jpg,NO_EXACT_MATCH,,,
train,04476.jpg,NO_EXACT_MATCH,,,
train,04477.jpg,NO_EXACT_MATCH,,,
train,04478.jpg,NO_EXACT_MATCH,,,
train,04479.jpg,NO_EXACT_MATCH,,,
train,04480.jpg,NO_EXACT_MATCH,,,
train,04481.jpg,NO_EXACT_MATCH,,,
train,04482.jpg,NO_EXACT_MATCH,,,
train,04483.jpg,NO_EXACT_MATCH,,,
train,04484.jpg,NO_EXACT_MATCH,,,
train,04485.jpg,NO_EXACT_MATCH,,,
train,04486.jpg,NO_EXACT_MATCH,,,
train,04487.jpg,NO_EXACT_MATCH,,,
train,04488.jpg,NO_EXACT_MATCH,,,
train,04489.jpg,NO_EXACT_MATCH,,,
train,04490.jpg,NO_EXACT_MATCH,,,
train,04491.jpg,NO_EXACT_MATCH,,,
train,04492.jpg,NO_EXACT_MATCH,,,
train,04493.jpg,NO_EXACT_MATCH,,,
train,04494.jpg,NO_EXACT_MATCH,,,
train,04495.jpg,NO_EXACT_MATCH,,,
train,04496.jpg,NO_EXACT_MATCH,,,
train,04497.jpg,NO_EXACT_MATCH,,,
train,04498.jpg,NO_EXACT_MATCH,,,
train,04499.jpg,NO_EXACT_MATCH,,,
train,04500.jpg,NO_EXACT_MATCH,,,
train,04501.jpg,NO_EXACT_MATCH,,,
train,04502.jpg,NO_EXACT_MATCH,,,
train,04503.jpg,NO_EXACT_MATCH,,,
train,04504.jpg,NO_EXACT_MATCH,,,
train,04505.jpg,NO_EXACT_MATCH,,,
train,04506.jpg,NO_EXACT_MATCH,,,
train,04507.jpg,NO_EXACT_MATCH,,,
train,04508.jpg,NO_EXACT_MATCH,,,
train,04509.jpg,NO_EXACT_MATCH,,,
train,04510.jpg,NO_EXACT_MATCH,,,
train,04511.jpg,NO_EXACT_MATCH,,,
train,04512.jpg,NO_EXACT_MATCH,,,
train,04513.jpg,NO_EXACT_MATCH,,,
train,04514.jpg,NO_EXACT_MATCH,,,
train,04515.jpg,NO_EXACT_MATCH,,,
train,04516.jpg,NO_EXACT_MATCH,,,
train,04517.jpg,NO_EXACT_MATCH,,,
train,04518.jpg,NO_EXACT_MATCH,,,
train,04519.jpg,NO_EXACT_MATCH,,,
train,04520.jpg,NO_EXACT_MATCH,,,
train,04521.jpg,NO_EXACT_MATCH,,,
train,04522.jpg,NO_EXACT_MATCH,,,
train,04523.jpg,NO_EXACT_MATCH,,,
train,04524.jpg,NO_EXACT_MATCH,,,
train,04525.jpg,NO_EXACT_MATCH,,,
train,04526.jpg,NO_EXACT_MATCH,,,
train,04527.jpg,NO_EXACT_MATCH,,,
train,04528.jpg,NO_EXACT_MATCH,,,
train,04529.jpg,NO_EXACT_MATCH,,,
train,04530.jpg,NO_EXACT_MATCH,,,
train,04531.jpg,NO_EXACT_MATCH,,,
train,04532.jpg,NO_EXACT_MATCH,,,
train,04533.jpg,NO_EXACT_MATCH,,,
train,04534.jpg,NO_EXACT_MATCH,,,
train,04535.jpg,NO_EXACT_MATCH,,,
train,04536.jpg,NO_EXACT_MATCH,,,
train,04537.jpg,NO_EXACT_MATCH,,,
train,04538.jpg,NO_EXACT_MATCH,,,
train,04539.jpg,NO_EXACT_MATCH,,,
train,04540.jpg,NO_EXACT_MATCH,,,
train,04541.jpg,NO_EXACT_MATCH,,,
train,04542.jpg,NO_EXACT_MATCH,,,
train,04543.jpg,NO_EXACT_MATCH,,,
train,04544.jpg,NO_EXACT_MATCH,,,
train,04545.jpg,NO_EXACT_MATCH,,,
train,04546.jpg,NO_EXACT_MATCH,,,
train,04547.jpg,NO_EXACT_MATCH,,,
train,04548.jpg,NO_EXACT_MATCH,,,
train,04549.jpg,NO_EXACT_MATCH,,,
train,04550.jpg,NO_EXACT_MATCH,,,
train,04551.jpg,NO_EXACT_MATCH,,,
train,04552.jpg,NO_EXACT_MATCH,,,
train,04553.jpg,NO_EXACT_MATCH,,,
train,04554.jpg,NO_EXACT_MATCH,,,
train,04555.jpg,NO_EXACT_MATCH,,,
train,04556.jpg,NO_EXACT_MATCH,,,
train,04557.jpg,NO_EXACT_MATCH,,,
train,04558.jpg,NO_EXACT_MATCH,,,
train,04559.jpg,NO_EXACT_MATCH,,,
train,04560.jpg,NO_EXACT_MATCH,,,
train,04561.jpg,NO_EXACT_MATCH,,,
train,04562.jpg,NO_EXACT_MATCH,,,
train,04563.jpg,NO_EXACT_MATCH,,,
train,04564.jpg,NO_EXACT_MATCH,,,
train,04565.jpg,NO_EXACT_MATCH,,,
train,04566.jpg,NO_EXACT_MATCH,,,
train,04567.jpg,NO_EXACT_MATCH,,,
train,04568.jpg,NO_EXACT_MATCH,,,
train,04569.jpg,NO_EXACT_MATCH,,,
train,04570.jpg,NO_EXACT_MATCH,,,
train,04571.jpg,NO_EXACT_MATCH,,,
train,04572.jpg,NO_EXACT_MATCH,,,
train,04573.jpg,NO_EXACT_MATCH,,,
train,04574.jpg,NO_EXACT_MATCH,,,
train,04575.jpg,NO_EXACT_MATCH,,,
train,04576.jpg,NO_EXACT_MATCH,,,
train,04577.jpg,NO_EXACT_MATCH,,,
train,04578.jpg,NO_EXACT_MATCH,,,
train,04579.jpg,NO_EXACT_MATCH,,,
train,04580.jpg,NO_EXACT_MATCH,,,
train,04581.jpg,NO_EXACT_MATCH,,,
train,04582.jpg,NO_EXACT_MATCH,,,
train,04583.jpg,NO_EXACT_MATCH,,,
train,04584.jpg,NO_EXACT_MATCH,,,
train,04585.jpg,NO_EXACT_MATCH,,,
train,04586.jpg,NO_EXACT_MATCH,,,
train,04587.jpg,NO_EXACT_MATCH,,,
train,04588.jpg,NO_EXACT_MATCH,,,
train,04589.jpg,NO_EXACT_MATCH,,,
train,04590.jpg,NO_EXACT_MATCH,,,
train,04591.jpg,NO_EXACT_MATCH,,,
train,04592.jpg,NO_EXACT_MATCH,,,
train,04593.jpg,NO_EXACT_MATCH,,,
train,04594.jpg,NO_EXACT_MATCH,,,
train,04595.jpg,NO_EXACT_MATCH,,,
train,04596.jpg,NO_EXACT_MATCH,,,
train,04597.jpg,NO_EXACT_MATCH,,,
train,04598.jpg,NO_EXACT_MATCH,,,
train,04599.jpg,NO_EXACT_MATCH,,,
train,04600.jpg,NO_EXACT_MATCH,,,
train,04601.jpg,NO_EXACT_MATCH,,,
train,04602.jpg,NO_EXACT_MATCH,,,
train,04603.jpg,NO_EXACT_MATCH,,,
train,04604.jpg,NO_EXACT_MATCH,,,
train,04605.jpg,NO_EXACT_MATCH,,,
train,04606.jpg,NO_EXACT_MATCH,,,
train,04607.jpg,NO_EXACT_MATCH,,,
train,04608.jpg,NO_EXACT_MATCH,,,
train,04609.jpg,NO_EXACT_MATCH,,,
train,04610.jpg,NO_EXACT_MATCH,,,
train,04611.jpg,NO_EXACT_MATCH,,,
train,04612.jpg,NO_EXACT_MATCH,,,
train,04613.jpg,NO_EXACT_MATCH,,,
train,04614.jpg,NO_EXACT_MATCH,,,
train,04615.jpg,NO_EXACT_MATCH,,,
train,04616.jpg,NO_EXACT_MATCH,,,
train,04617.jpg,NO_EXACT_MATCH,,,
train,04618.jpg,NO_EXACT_MATCH,,,
train,04619.jpg,NO_EXACT_MATCH,,,
train,04620.jpg,NO_EXACT_MATCH,,,
train,04621.jpg,NO_EXACT_MATCH,,,
train,04622.jpg,NO_EXACT_MATCH,,,
train,04623.jpg,NO_EXACT_MATCH,,,
train,04624.jpg,NO_EXACT_MATCH,,,
train,04625.jpg,NO_EXACT_MATCH,,,
train,04626.jpg,NO_EXACT_MATCH,,,
train,04627.jpg,NO_EXACT_MATCH,,,
train,04628.jpg,NO_EXACT_MATCH,,,
train,04629.jpg,NO_EXACT_MATCH,,,
train,04630.jpg,NO_EXACT_MATCH,,,
train,04631.jpg,NO_EXACT_MATCH,,,
train,04632.jpg,NO_EXACT_MATCH,,,
train,04633.jpg,NO_EXACT_MATCH,,,
train,04634.jpg,NO_EXACT_MATCH,,,
train,04635.jpg,NO_EXACT_MATCH,,,
train,04636.jpg,NO_EXACT_MATCH,,,
train,04637.jpg,NO_EXACT_MATCH,,,
train,04638.jpg,NO_EXACT_MATCH,,,
train,04639.jpg,NO_EXACT_MATCH,,,
train,04640.jpg,NO_EXACT_MATCH,,,
train,04641.jpg,NO_EXACT_MATCH,,,
train,04642.jpg,NO_EXACT_MATCH,,,
train,04643.jpg,NO_EXACT_MATCH,,,
train,04644.jpg,NO_EXACT_MATCH,,,
train,04645.jpg,NO_EXACT_MATCH,,,
train,04646.jpg,NO_EXACT_MATCH,,,
train,04647.jpg,NO_EXACT_MATCH,,,
train,04648.jpg,NO_EXACT_MATCH,,,
train,04649.jpg,NO_EXACT_MATCH,,,
train,04650.jpg,NO_EXACT_MATCH,,,
train,04651.jpg,NO_EXACT_MATCH,,,
train,04652.jpg,NO_EXACT_MATCH,,,
train,04653.jpg,NO_EXACT_MATCH,,,
train,04654.jpg,NO_EXACT_MATCH,,,
train,04655.jpg,NO_EXACT_MATCH,,,
train,04656.jpg,NO_EXACT_MATCH,,,
train,04657.jpg,NO_EXACT_MATCH,,,
train,04658.jpg,NO_EXACT_MATCH,,,
train,04659.jpg,NO_EXACT_MATCH,,,
train,04660.jpg,NO_EXACT_MATCH,,,
train,04661.jpg,NO_EXACT_MATCH,,,
train,04662.jpg,NO_EXACT_MATCH,,,
train,04663.jpg,NO_EXACT_MATCH,,,
train,04664.jpg,NO_EXACT_MATCH,,,
train,04665.jpg,NO_EXACT_MATCH,,,
train,04666.jpg,NO_EXACT_MATCH,,,
train,04667.jpg,NO_EXACT_MATCH,,,
train,04668.jpg,NO_EXACT_MATCH,,,
train,04669.jpg,NO_EXACT_MATCH,,,
train,04670.jpg,NO_EXACT_MATCH,,,
train,04671.jpg,NO_EXACT_MATCH,,,
train,04672.jpg,NO_EXACT_MATCH,,,
train,04673.jpg,NO_EXACT_MATCH,,,
train,04674.jpg,NO_EXACT_MATCH,,,
train,04675.jpg,NO_EXACT_MATCH,,,
train,04676.jpg,NO_EXACT_MATCH,,,
train,04677.jpg,NO_EXACT_MATCH,,,
train,04678.jpg,NO_EXACT_MATCH,,,
train,04679.jpg,NO_EXACT_MATCH,,,
train,04680.jpg,NO_EXACT_MATCH,,,
train,04681.jpg,NO_EXACT_MATCH,,,
train,04682.jpg,NO_EXACT_MATCH,,,
train,04683.jpg,NO_EXACT_MATCH,,,
train,04684.jpg,NO_EXACT_MATCH,,,
train,04685.jpg,NO_EXACT_MATCH,,,
train,04686.jpg,NO_EXACT_MATCH,,,
train,04687.jpg,NO_EXACT_MATCH,,,
train,04688.jpg,NO_EXACT_MATCH,,,
train,04689.jpg,NO_EXACT_MATCH,,,
train,04690.jpg,NO_EXACT_MATCH,,,
train,04691.jpg,NO_EXACT_MATCH,,,
train,04692.jpg,NO_EXACT_MATCH,,,
train,04693.jpg,NO_EXACT_MATCH,,,
train,04694.jpg,NO_EXACT_MATCH,,,
train,04695.jpg,NO_EXACT_MATCH,,,
train,04696.jpg,NO_EXACT_MATCH,,,
train,04697.jpg,NO_EXACT_MATCH,,,
train,04698.jpg,NO_EXACT_MATCH,,,
train,04699.jpg,NO_EXACT_MATCH,,,
train,04700.jpg,NO_EXACT_MATCH,,,
train,04701.jpg,NO_EXACT_MATCH,,,
train,04702.jpg,NO_EXACT_MATCH,,,
train,04703.jpg,NO_EXACT_MATCH,,,
train,04704.jpg,NO_EXACT_MATCH,,,
train,04705.jpg,NO_EXACT_MATCH,,,
train,04706.jpg,NO_EXACT_MATCH,,,
train,04707.jpg,NO_EXACT_MATCH,,,
train,04708.jpg,NO_EXACT_MATCH,,,
train,04709.jpg,NO_EXACT_MATCH,,,
train,04710.jpg,NO_EXACT_MATCH,,,
train,04711.jpg,NO_EXACT_MATCH,,,
train,04712.jpg,NO_EXACT_MATCH,,,
train,04713.jpg,NO_EXACT_MATCH,,,
train,04714.jpg,NO_EXACT_MATCH,,,
train,04715.jpg,NO_EXACT_MATCH,,,
train,04716.jpg,NO_EXACT_MATCH,,,
train,04717.jpg,NO_EXACT_MATCH,,,
train,04718.jpg,NO_EXACT_MATCH,,,
train,04719.jpg,NO_EXACT_MATCH,,,
train,04720.jpg,NO_EXACT_MATCH,,,
train,04721.jpg,NO_EXACT_MATCH,,,
train,04722.jpg,NO_EXACT_MATCH,,,
train,04723.jpg,NO_EXACT_MATCH,,,
train,04724.jpg,NO_EXACT_MATCH,,,
train,04725.jpg,NO_EXACT_MATCH,,,
train,04726.jpg,NO_EXACT_MATCH,,,
train,04727.jpg,NO_EXACT_MATCH,,,
train,04728.jpg,NO_EXACT_MATCH,,,
train,04729.jpg,NO_EXACT_MATCH,,,
train,04730.jpg,NO_EXACT_MATCH,,,
train,04731.jpg,NO_EXACT_MATCH,,,
train,04732.jpg,NO_EXACT_MATCH,,,
train,04733.jpg,NO_EXACT_MATCH,,,
train,04734.jpg,NO_EXACT_MATCH,,,
train,04735.jpg,NO_EXACT_MATCH,,,
train,04736.jpg,NO_EXACT_MATCH,,,
train,04737.jpg,NO_EXACT_MATCH,,,
train,04738.jpg,NO_EXACT_MATCH,,,
train,04739.jpg,NO_EXACT_MATCH,,,
train,04740.jpg,NO_EXACT_MATCH,,,
train,04741.jpg,NO_EXACT_MATCH,,,
train,04742.jpg,NO_EXACT_MATCH,,,
train,04743.jpg,NO_EXACT_MATCH,,,
train,04744.jpg,NO_EXACT_MATCH,,,
train,04745.jpg,NO_EXACT_MATCH,,,
train,04746.jpg,NO_EXACT_MATCH,,,
train,04747.jpg,NO_EXACT_MATCH,,,
train,04748.jpg,NO_EXACT_MATCH,,,
train,04749.jpg,NO_EXACT_MATCH,,,
train,04750.jpg,NO_EXACT_MATCH,,,
train,04751.jpg,NO_EXACT_MATCH,,,
train,04752.jpg,NO_EXACT_MATCH,,,
train,04753.jpg,NO_EXACT_MATCH,,,
train,04754.jpg,NO_EXACT_MATCH,,,
train,04755.jpg,NO_EXACT_MATCH,,,
train,04756.jpg,NO_EXACT_MATCH,,,
train,04757.jpg,NO_EXACT_MATCH,,,
train,04758.jpg,NO_EXACT_MATCH,,,
train,04759.jpg,NO_EXACT_MATCH,,,
train,04760.jpg,NO_EXACT_MATCH,,,
train,04761.jpg,NO_EXACT_MATCH,,,
train,04762.jpg,NO_EXACT_MATCH,,,
train,04763.jpg,NO_EXACT_MATCH,,,
train,04764.jpg,NO_EXACT_MATCH,,,
train,04765.jpg,NO_EXACT_MATCH,,,
train,04766.jpg,NO_EXACT_MATCH,,,
train,04767.jpg,NO_EXACT_MATCH,,,
train,04768.jpg,NO_EXACT_MATCH,,,
train,04769.jpg,NO_EXACT_MATCH,,,
train,04770.jpg,NO_EXACT_MATCH,,,
train,04771.jpg,NO_EXACT_MATCH,,,
train,04772.jpg,NO_EXACT_MATCH,,,
train,04773.jpg,NO_EXACT_MATCH,,,
train,04774.jpg,NO_EXACT_MATCH,,,
train,04775.jpg,NO_EXACT_MATCH,,,
train,04776.jpg,NO_EXACT_MATCH,,,
train,04777.jpg,NO_EXACT_MATCH,,,
train,04778.jpg,NO_EXACT_MATCH,,,
train,04779.jpg,NO_EXACT_MATCH,,,
train,04780.jpg,NO_EXACT_MATCH,,,
train,04781.jpg,NO_EXACT_MATCH,,,
train,04782.jpg,NO_EXACT_MATCH,,,
train,04783.jpg,NO_EXACT_MATCH,,,
train,04784.jpg,NO_EXACT_MATCH,,,
train,04785.jpg,NO_EXACT_MATCH,,,
train,04786.jpg,NO_EXACT_MATCH,,,
train,04787.jpg,NO_EXACT_MATCH,,,
train,04788.jpg,NO_EXACT_MATCH,,,
train,04789.jpg,NO_EXACT_MATCH,,,
train,04790.jpg,NO_EXACT_MATCH,,,
train,04791.jpg,NO_EXACT_MATCH,,,
train,04792.jpg,NO_EXACT_MATCH,,,
train,04793.jpg,NO_EXACT_MATCH,,,
train,04794.jpg,NO_EXACT_MATCH,,,
train,04795.jpg,NO_EXACT_MATCH,,,
train,04796.jpg,NO_EXACT_MATCH,,,
train,04797.jpg,NO_EXACT_MATCH,,,
train,04798.jpg,NO_EXACT_MATCH,,,
train,04799.jpg,NO_EXACT_MATCH,,,
train,04800.jpg,NO_EXACT_MATCH,,,
train,04801.jpg,NO_EXACT_MATCH,,,
train,04802.jpg,NO_EXACT_MATCH,,,
train,04803.jpg,NO_EXACT_MATCH,,,
train,04804.jpg,NO_EXACT_MATCH,,,
train,04805.jpg,NO_EXACT_MATCH,,,
train,04806.jpg,NO_EXACT_MATCH,,,
train,04807.jpg,NO_EXACT_MATCH,,,
train,04808.jpg,NO_EXACT_MATCH,,,
train,04809.jpg,NO_EXACT_MATCH,,,
train,04810.jpg,NO_EXACT_MATCH,,,
train,04811.jpg,NO_EXACT_MATCH,,,
train,04812.jpg,NO_EXACT_MATCH,,,
train,04813.jpg,NO_EXACT_MATCH,,,
train,04814.jpg,NO_EXACT_MATCH,,,
train,04815.jpg,NO_EXACT_MATCH,,,
train,04816.jpg,NO_EXACT_MATCH,,,
train,04817.jpg,NO_EXACT_MATCH,,,
train,04818.jpg,NO_EXACT_MATCH,,,
train,04819.jpg,NO_EXACT_MATCH,,,
train,04820.jpg,NO_EXACT_MATCH,,,
train,04821.jpg,NO_EXACT_MATCH,,,
train,04822.jpg,NO_EXACT_MATCH,,,
train,04823.jpg,NO_EXACT_MATCH,,,
train,04824.jpg,NO_EXACT_MATCH,,,
train,04825.jpg,NO_EXACT_MATCH,,,
train,04826.jpg,NO_EXACT_MATCH,,,
train,04827.jpg,NO_EXACT_MATCH,,,
train,04828.jpg,NO_EXACT_MATCH,,,
train,04829.jpg,NO_EXACT_MATCH,,,
train,04830.jpg,NO_EXACT_MATCH,,,
train,04831.jpg,NO_EXACT_MATCH,,,
train,04832.jpg,NO_EXACT_MATCH,,,
train,04833.jpg,NO_EXACT_MATCH,,,
train,04834.jpg,NO_EXACT_MATCH,,,
train,04835.jpg,NO_EXACT_MATCH,,,
train,04836.jpg,NO_EXACT_MATCH,,,
train,04837.jpg,NO_EXACT_MATCH,,,
train,04838.jpg,NO_EXACT_MATCH,,,
train,04839.jpg,NO_EXACT_MATCH,,,
train,04840.jpg,NO_EXACT_MATCH,,,
train,04841.jpg,NO_EXACT_MATCH,,,
train,04842.jpg,NO_EXACT_MATCH,,,
train,04843.jpg,NO_EXACT_MATCH,,,
train,04844.jpg,NO_EXACT_MATCH,,,
train,04845.jpg,NO_EXACT_MATCH,,,
train,04846.jpg,NO_EXACT_MATCH,,,
train,04847.jpg,NO_EXACT_MATCH,,,
train,04848.jpg,NO_EXACT_MATCH,,,
train,04849.jpg,NO_EXACT_MATCH,,,
train,04850.jpg,NO_EXACT_MATCH,,,
train,04851.jpg,NO_EXACT_MATCH,,,
train,04852.jpg,NO_EXACT_MATCH,,,
train,04853.jpg,NO_EXACT_MATCH,,,
train,04854.jpg,NO_EXACT_MATCH,,,
train,04855.jpg,NO_EXACT_MATCH,,,
train,04856.jpg,NO_EXACT_MATCH,,,
train,04857.jpg,NO_EXACT_MATCH,,,
train,04858.jpg,NO_EXACT_MATCH,,,
train,04859.jpg,NO_EXACT_MATCH,,,
train,04860.jpg,NO_EXACT_MATCH,,,
train,04861.jpg,NO_EXACT_MATCH,,,
train,04862.jpg,NO_EXACT_MATCH,,,
train,04863.jpg,NO_EXACT_MATCH,,,
train,04864.jpg,NO_EXACT_MATCH,,,
train,04865.jpg,NO_EXACT_MATCH,,,
train,04866.jpg,NO_EXACT_MATCH,,,
train,04867.jpg,NO_EXACT_MATCH,,,
train,04868.jpg,NO_EXACT_MATCH,,,
train,04869.jpg,NO_EXACT_MATCH,,,
train,04870.jpg,NO_EXACT_MATCH,,,
train,04871.jpg,NO_EXACT_MATCH,,,
train,04872.jpg,NO_EXACT_MATCH,,,
train,04873.jpg,NO_EXACT_MATCH,,,
train,04874.jpg,NO_EXACT_MATCH,,,
train,04875.jpg,NO_EXACT_MATCH,,,
train,04876.jpg,NO_EXACT_MATCH,,,
train,04877.jpg,NO_EXACT_MATCH,,,
train,04878.jpg,NO_EXACT_MATCH,,,
train,04879.jpg,NO_EXACT_MATCH,,,
train,04880.jpg,NO_EXACT_MATCH,,,
train,04881.jpg,NO_EXACT_MATCH,,,
train,04882.jpg,NO_EXACT_MATCH,,,
train,04883.jpg,NO_EXACT_MATCH,,,
train,04884.jpg,NO_EXACT_MATCH,,,
train,04885.jpg,NO_EXACT_MATCH,,,
train,04886.jpg,NO_EXACT_MATCH,,,
train,04887.jpg,NO_EXACT_MATCH,,,
train,04888.jpg,NO_EXACT_MATCH,,,
train,04889.jpg,NO_EXACT_MATCH,,,
train,04890.jpg,NO_EXACT_MATCH,,,
train,04891.jpg,NO_EXACT_MATCH,,,
train,04892.jpg,NO_EXACT_MATCH,,,
train,04893.jpg,NO_EXACT_MATCH,,,
train,04894.jpg,NO_EXACT_MATCH,,,
train,04895.jpg,NO_EXACT_MATCH,,,
train,04896.jpg,NO_EXACT_MATCH,,,
train,04897.jpg,NO_EXACT_MATCH,,,
train,04898.jpg,NO_EXACT_MATCH,,,
train,04899.jpg,NO_EXACT_MATCH,,,
train,04900.jpg,NO_EXACT_MATCH,,,
train,04901.jpg,NO_EXACT_MATCH,,,
train,04902.jpg,NO_EXACT_MATCH,,,
train,04903.jpg,NO_EXACT_MATCH,,,
train,04904.jpg,NO_EXACT_MATCH,,,
train,04905.jpg,NO_EXACT_MATCH,,,
train,04906.jpg,NO_EXACT_MATCH,,,
train,04907.jpg,NO_EXACT_MATCH,,,
train,04908.jpg,NO_EXACT_MATCH,,,
train,04909.jpg,NO_EXACT_MATCH,,,
train,04910.jpg,NO_EXACT_MATCH,,,
train,04911.jpg,NO_EXACT_MATCH,,,
train,04912.jpg,NO_EXACT_MATCH,,,
train,04913.jpg,NO_EXACT_MATCH,,,
train,04914.jpg,NO_EXACT_MATCH,,,
train,04915.jpg,NO_EXACT_MATCH,,,
train,04916.jpg,NO_EXACT_MATCH,,,
train,04917.jpg,NO_EXACT_MATCH,,,
train,04918.jpg,NO_EXACT_MATCH,,,
train,04919.jpg,NO_EXACT_MATCH,,,
train,04920.jpg,NO_EXACT_MATCH,,,
train,04921.jpg,NO_EXACT_MATCH,,,
train,04922.jpg,NO_EXACT_MATCH,,,
train,04923.jpg,NO_EXACT_MATCH,,,
train,04924.jpg,NO_EXACT_MATCH,,,
train,04925.jpg,NO_EXACT_MATCH,,,
train,04926.jpg,NO_EXACT_MATCH,,,
train,04927.jpg,NO_EXACT_MATCH,,,
train,04928.jpg,NO_EXACT_MATCH,,,
train,04929.jpg,NO_EXACT_MATCH,,,
train,04930.jpg,NO_EXACT_MATCH,,,
train,04931.jpg,NO_EXACT_MATCH,,,
train,04932.jpg,NO_EXACT_MATCH,,,
train,04933.jpg,NO_EXACT_MATCH,,,
train,04934.jpg,NO_EXACT_MATCH,,,
train,04935.jpg,NO_EXACT_MATCH,,,
train,04936.jpg,NO_EXACT_MATCH,,,
train,04937.jpg,NO_EXACT_MATCH,,,
train,04938.jpg,NO_EXACT_MATCH,,,
train,04939.jpg,NO_EXACT_MATCH,,,
train,04940.jpg,NO_EXACT_MATCH,,,
train,04941.jpg,NO_EXACT_MATCH,,,
train,04942.jpg,NO_EXACT_MATCH,,,
train,04943.jpg,NO_EXACT_MATCH,,,
train,04944.jpg,NO_EXACT_MATCH,,,
train,04945.jpg,NO_EXACT_MATCH,,,
train,04946.jpg,NO_EXACT_MATCH,,,
train,04947.jpg,NO_EXACT_MATCH,,,
train,04948.jpg,NO_EXACT_MATCH,,,
train,04949.jpg,NO_EXACT_MATCH,,,
train,04950.jpg,NO_EXACT_MATCH,,,
train,04951.jpg,NO_EXACT_MATCH,,,
train,04952.jpg,NO_EXACT_MATCH,,,
train,04953.jpg,NO_EXACT_MATCH,,,
train,04954.jpg,NO_EXACT_MATCH,,,
train,04955.jpg,NO_EXACT_MATCH,,,
train,04956.jpg,NO_EXACT_MATCH,,,
train,04957.jpg,NO_EXACT_MATCH,,,
train,04958.jpg,NO_EXACT_MATCH,,,
train,04959.jpg,NO_EXACT_MATCH,,,
train,04960.jpg,NO_EXACT_MATCH,,,
train,04961.jpg,NO_EXACT_MATCH,,,
train,04962.jpg,NO_EXACT_MATCH,,,
train,04963.jpg,NO_EXACT_MATCH,,,
train,04964.jpg,NO_EXACT_MATCH,,,
train,04965.jpg,NO_EXACT_MATCH,,,
train,04966.jpg,NO_EXACT_MATCH,,,
train,04967.jpg,NO_EXACT_MATCH,,,
train,04968.jpg,NO_EXACT_MATCH,,,
train,04969.jpg,NO_EXACT_MATCH,,,
train,04970.jpg,NO_EXACT_MATCH,,,
train,04971.jpg,NO_EXACT_MATCH,,,
train,04972.jpg,NO_EXACT_MATCH,,,
train,04973.jpg,NO_EXACT_MATCH,,,
train,04974.jpg,NO_EXACT_MATCH,,,
train,04975.jpg,NO_EXACT_MATCH,,,
train,04976.jpg,NO_EXACT_MATCH,,,
train,04977.jpg,NO_EXACT_MATCH,,,
train,04978.jpg,NO_EXACT_MATCH,,,
train,04979.jpg,NO_EXACT_MATCH,,,
train,04980.jpg,NO_EXACT_MATCH,,,
train,04981.jpg,NO_EXACT_MATCH,,,
train,04982.jpg,NO_EXACT_MATCH,,,
train,04983.jpg,NO_EXACT_MATCH,,,
train,04984.jpg,NO_EXACT_MATCH,,,
train,04985.jpg,NO_EXACT_MATCH,,,
train,04986.jpg,NO_EXACT_MATCH,,,
train,04987.jpg,NO_EXACT_MATCH,,,
train,04988.jpg,NO_EXACT_MATCH,,,
train,04989.jpg,NO_EXACT_MATCH,,,
train,04990.jpg,NO_EXACT_MATCH,,,
train,04991.jpg,NO_EXACT_MATCH,,,
train,04992.jpg,NO_EXACT_MATCH,,,
train,04993.jpg,NO_EXACT_MATCH,,,
train,04994.jpg,NO_EXACT_MATCH,,,
train,04995.jpg,NO_EXACT_MATCH,,,
train,04996.jpg,NO_EXACT_MATCH,,,
train,04997.jpg,NO_EXACT_MATCH,,,
train,04998.jpg,NO_EXACT_MATCH,,,
train,04999.jpg,NO_EXACT_MATCH,,,
train,05000.jpg,NO_EXACT_MATCH,,,
train,05001.jpg,NO_EXACT_MATCH,,,
train,05002.jpg,NO_EXACT_MATCH,,,
train,05003.jpg,NO_EXACT_MATCH,,,
train,05004.jpg,NO_EXACT_MATCH,,,
train,05005.jpg,NO_EXACT_MATCH,,,
train,05006.jpg,NO_EXACT_MATCH,,,
train,05007.jpg,NO_EXACT_MATCH,,,
train,05008.jpg,NO_EXACT_MATCH,,,
train,05009.jpg,NO_EXACT_MATCH,,,
train,05010.jpg,NO_EXACT_MATCH,,,
train,05011.jpg,NO_EXACT_MATCH,,,
train,05012.jpg,NO_EXACT_MATCH,,,
train,05013.jpg,NO_EXACT_MATCH,,,
train,05014.jpg,NO_EXACT_MATCH,,,
train,05015.jpg,NO_EXACT_MATCH,,,
train,05016.jpg,NO_EXACT_MATCH,,,
train,05017.jpg,NO_EXACT_MATCH,,,
train,05018.jpg,NO_EXACT_MATCH,,,
train,05019.jpg,NO_EXACT_MATCH,,,
train,05020.jpg,NO_EXACT_MATCH,,,
train,05021.jpg,NO_EXACT_MATCH,,,
train,05022.jpg,NO_EXACT_MATCH,,,
train,05023.jpg,NO_EXACT_MATCH,,,
train,05024.jpg,NO_EXACT_MATCH,,,
train,05025.jpg,NO_EXACT_MATCH,,,
train,05026.jpg,NO_EXACT_MATCH,,,
train,05027.jpg,NO_EXACT_MATCH,,,
train,05028.jpg,NO_EXACT_MATCH,,,
train,05029.jpg,NO_EXACT_MATCH,,,
train,05030.jpg,NO_EXACT_MATCH,,,
train,05031.jpg,NO_EXACT_MATCH,,,
train,05032.jpg,NO_EXACT_MATCH,,,
train,05033.jpg,NO_EXACT_MATCH,,,
train,05034.jpg,NO_EXACT_MATCH,,,
train,05035.jpg,NO_EXACT_MATCH,,,
train,05036.jpg,NO_EXACT_MATCH,,,
train,05037.jpg,NO_EXACT_MATCH,,,
train,05038.jpg,NO_EXACT_MATCH,,,
train,05039.jpg,NO_EXACT_MATCH,,,
train,05040.jpg,NO_EXACT_MATCH,,,
train,05041.jpg,NO_EXACT_MATCH,,,
train,05042.jpg,NO_EXACT_MATCH,,,
train,05043.jpg,NO_EXACT_MATCH,,,
train,05044.jpg,NO_EXACT_MATCH,,,
train,05045.jpg,NO_EXACT_MATCH,,,
train,05046.jpg,NO_EXACT_MATCH,,,
train,05047.jpg,NO_EXACT_MATCH,,,
train,05048.jpg,NO_EXACT_MATCH,,,
train,05049.jpg,NO_EXACT_MATCH,,,
train,05050.jpg,NO_EXACT_MATCH,,,
train,05051.jpg,NO_EXACT_MATCH,,,
train,05052.jpg,NO_EXACT_MATCH,,,
train,05053.jpg,NO_EXACT_MATCH,,,
train,05054.jpg,NO_EXACT_MATCH,,,
train,05055.jpg,NO_EXACT_MATCH,,,
train,05056.jpg,NO_EXACT_MATCH,,,
train,05057.jpg,NO_EXACT_MATCH,,,
train,05058.jpg,NO_EXACT_MATCH,,,
train,05059.jpg,NO_EXACT_MATCH,,,
train,05060.jpg,NO_EXACT_MATCH,,,
train,05061.jpg,NO_EXACT_MATCH,,,
train,05062.jpg,NO_EXACT_MATCH,,,
train,05063.jpg,NO_EXACT_MATCH,,,
train,05064.jpg,NO_EXACT_MATCH,,,
train,05065.jpg,NO_EXACT_MATCH,,,
train,05066.jpg,NO_EXACT_MATCH,,,
train,05067.jpg,NO_EXACT_MATCH,,,
train,05068.jpg,NO_EXACT_MATCH,,,
train,05069.jpg,NO_EXACT_MATCH,,,
train,05070.jpg,NO_EXACT_MATCH,,,
train,05071.jpg,NO_EXACT_MATCH,,,
train,05072.jpg,NO_EXACT_MATCH,,,
train,05073.jpg,NO_EXACT_MATCH,,,
train,05074.jpg,NO_EXACT_MATCH,,,
train,05075.jpg,NO_EXACT_MATCH,,,
train,05076.jpg,NO_EXACT_MATCH,,,
train,05077.jpg,NO_EXACT_MATCH,,,
train,05078.jpg,NO_EXACT_MATCH,,,
train,05079.jpg,NO_EXACT_MATCH,,,
train,05080.jpg,NO_EXACT_MATCH,,,
train,05081.jpg,NO_EXACT_MATCH,,,
train,05082.jpg,NO_EXACT_MATCH,,,
train,05083.jpg,NO_EXACT_MATCH,,,
train,05084.jpg,NO_EXACT_MATCH,,,
train,05085.jpg,NO_EXACT_MATCH,,,
train,05086.jpg,NO_EXACT_MATCH,,,
train,05087.jpg,NO_EXACT_MATCH,,,
train,05088.jpg,NO_EXACT_MATCH,,,
train,05089.jpg,NO_EXACT_MATCH,,,
train,05090.jpg,NO_EXACT_MATCH,,,
train,05091.jpg,NO_EXACT_MATCH,,,
train,05092.jpg,NO_EXACT_MATCH,,,
train,05093.jpg,NO_EXACT_MATCH,,,
train,05094.jpg,NO_EXACT_MATCH,,,
train,05095.jpg,NO_EXACT_MATCH,,,
train,05096.jpg,NO_EXACT_MATCH,,,
train,05097.jpg,NO_EXACT_MATCH,,,
train,05098.jpg,NO_EXACT_MATCH,,,
train,05099.jpg,NO_EXACT_MATCH,,,
train,05100.jpg,NO_EXACT_MATCH,,,
train,05101.jpg,NO_EXACT_MATCH,,,
train,05102.jpg,NO_EXACT_MATCH,,,
train,05103.jpg,NO_EXACT_MATCH,,,
train,05104.jpg,NO_EXACT_MATCH,,,
train,05105.jpg,NO_EXACT_MATCH,,,
train,05106.jpg,NO_EXACT_MATCH,,,
train,05107.jpg,NO_EXACT_MATCH,,,
train,05108.jpg,NO_EXACT_MATCH,,,
train,05109.jpg,NO_EXACT_MATCH,,,
train,05110.jpg,NO_EXACT_MATCH,,,
train,05111.jpg,NO_EXACT_MATCH,,,
train,05112.jpg,NO_EXACT_MATCH,,,
train,05113.jpg,NO_EXACT_MATCH,,,
train,05114.jpg,NO_EXACT_MATCH,,,
train,05115.jpg,NO_EXACT_MATCH,,,
train,05116.jpg,NO_EXACT_MATCH,,,
train,05117.jpg,NO_EXACT_MATCH,,,
train,05118.jpg,NO_EXACT_MATCH,,,
train,05119.jpg,NO_EXACT_MATCH,,,
train,05120.jpg,NO_EXACT_MATCH,,,
train,05121.jpg,NO_EXACT_MATCH,,,
train,05122.jpg,NO_EXACT_MATCH,,,
train,05123.jpg,NO_EXACT_MATCH,,,
train,05124.jpg,NO_EXACT_MATCH,,,
train,05125.jpg,NO_EXACT_MATCH,,,
train,05126.jpg,NO_EXACT_MATCH,,,
train,05127.jpg,NO_EXACT_MATCH,,,
train,05128.jpg,NO_EXACT_MATCH,,,
train,05129.jpg,NO_EXACT_MATCH,,,
train,05130.jpg,NO_EXACT_MATCH,,,
train,05131.jpg,NO_EXACT_MATCH,,,
train,05132.jpg,NO_EXACT_MATCH,,,
train,05133.jpg,NO_EXACT_MATCH,,,
train,05134.jpg,NO_EXACT_MATCH,,,
train,05135.jpg,NO_EXACT_MATCH,,,
train,05136.jpg,NO_EXACT_MATCH,,,
train,05137.jpg,NO_EXACT_MATCH,,,
train,05138.jpg,NO_EXACT_MATCH,,,
train,05139.jpg,NO_EXACT_MATCH,,,
train,05140.jpg,NO_EXACT_MATCH,,,
train,05141.jpg,NO_EXACT_MATCH,,,
train,05142.jpg,NO_EXACT_MATCH,,,
train,05143.jpg,NO_EXACT_MATCH,,,
train,05144.jpg,NO_EXACT_MATCH,,,
train,05145.jpg,NO_EXACT_MATCH,,,
train,05146.jpg,NO_EXACT_MATCH,,,
train,05147.jpg,NO_EXACT_MATCH,,,
train,05148.jpg,NO_EXACT_MATCH,,,
train,05149.jpg,NO_EXACT_MATCH,,,
train,05150.jpg,NO_EXACT_MATCH,,,
train,05151.jpg,NO_EXACT_MATCH,,,
train,05152.jpg,NO_EXACT_MATCH,,,
train,05153.jpg,NO_EXACT_MATCH,,,
train,05154.jpg,NO_EXACT_MATCH,,,
train,05155.jpg,NO_EXACT_MATCH,,,
train,05156.jpg,NO_EXACT_MATCH,,,
train,05157.jpg,NO_EXACT_MATCH,,,
train,05158.jpg,NO_EXACT_MATCH,,,
train,05159.jpg,NO_EXACT_MATCH,,,
train,05160.jpg,NO_EXACT_MATCH,,,
train,05161.jpg,NO_EXACT_MATCH,,,
train,05162.jpg,NO_EXACT_MATCH,,,
train,05163.jpg,NO_EXACT_MATCH,,,
train,05164.jpg,NO_EXACT_MATCH,,,
train,05165.jpg,NO_EXACT_MATCH,,,
train,05166.jpg,NO_EXACT_MATCH,,,
train,05167.jpg,NO_EXACT_MATCH,,,
train,05168.jpg,NO_EXACT_MATCH,,,
train,05169.jpg,NO_EXACT_MATCH,,,
train,05170.jpg,NO_EXACT_MATCH,,,
train,05171.jpg,NO_EXACT_MATCH,,,
train,05172.jpg,NO_EXACT_MATCH,,,
train,05173.jpg,NO_EXACT_MATCH,,,
train,05174.jpg,NO_EXACT_MATCH,,,
train,05175.jpg,NO_EXACT_MATCH,,,
train,05176.jpg,NO_EXACT_MATCH,,,
train,05177.jpg,NO_EXACT_MATCH,,,
train,05178.jpg,NO_EXACT_MATCH,,,
train,05179.jpg,NO_EXACT_MATCH,,,
train,05180.jpg,NO_EXACT_MATCH,,,
train,05181.jpg,NO_EXACT_MATCH,,,
train,05182.jpg,NO_EXACT_MATCH,,,
train,05183.jpg,NO_EXACT_MATCH,,,
train,05184.jpg,NO_EXACT_MATCH,,,
train,05185.jpg,NO_EXACT_MATCH,,,
train,05186.jpg,NO_EXACT_MATCH,,,
train,05187.jpg,NO_EXACT_MATCH,,,
train,05188.jpg,NO_EXACT_MATCH,,,
train,05189.jpg,NO_EXACT_MATCH,,,
train,05190.jpg,NO_EXACT_MATCH,,,
train,05191.jpg,NO_EXACT_MATCH,,,
train,05192.jpg,NO_EXACT_MATCH,,,
train,05193.jpg,NO_EXACT_MATCH,,,
train,05194.jpg,NO_EXACT_MATCH,,,
train,05195.jpg,NO_EXACT_MATCH,,,
train,05196.jpg,NO_EXACT_MATCH,,,
train,05197.jpg,NO_EXACT_MATCH,,,
train,05198.jpg,NO_EXACT_MATCH,,,
train,05199.jpg,NO_EXACT_MATCH,,,
train,05200.jpg,NO_EXACT_MATCH,,,
val,00001.jpg,NO_EXACT_MATCH,,,
val,00002.jpg,NO_EXACT_MATCH,,,
val,00003.jpg,NO_EXACT_MATCH,,,
val,00004.jpg,NO_EXACT_MATCH,,,
val,00005.jpg,NO_EXACT_MATCH,,,
val,00006.jpg,NO_EXACT_MATCH,,,
val,00007.jpg,NO_EXACT_MATCH,,,
val,00008.jpg,NO_EXACT_MATCH,,,
val,00009.jpg,NO_EXACT_MATCH,,,
val,00010.jpg,NO_EXACT_MATCH,,,
val,00011.jpg,NO_EXACT_MATCH,,,
val,00012.jpg,NO_EXACT_MATCH,,,
val,00013.jpg,NO_EXACT_MATCH,,,
val,00014.jpg,NO_EXACT_MATCH,,,
val,00015.jpg,NO_EXACT_MATCH,,,
val,00016.jpg,NO_EXACT_MATCH,,,
val,00017.jpg,NO_EXACT_MATCH,,,
val,00018.jpg,NO_EXACT_MATCH,,,
val,00019.jpg,NO_EXACT_MATCH,,,
val,00020.jpg,NO_EXACT_MATCH,,,
val,00021.jpg,NO_EXACT_MATCH,,,
val,00022.jpg,NO_EXACT_MATCH,,,
val,00023.jpg,NO_EXACT_MATCH,,,
val,00024.jpg,NO_EXACT_MATCH,,,
val,00025.jpg,NO_EXACT_MATCH,,,
val,00026.jpg,NO_EXACT_MATCH,,,
val,00027.jpg,NO_EXACT_MATCH,,,
val,00028.jpg,NO_EXACT_MATCH,,,
val,00029.jpg,NO_EXACT_MATCH,,,
val,00030.jpg,NO_EXACT_MATCH,,,
val,00031.jpg,NO_EXACT_MATCH,,,
val,00032.jpg,NO_EXACT_MATCH,,,
val,00033.jpg,NO_EXACT_MATCH,,,
val,00034.jpg,NO_EXACT_MATCH,,,
val,00035.jpg,NO_EXACT_MATCH,,,
val,00036.jpg,NO_EXACT_MATCH,,,
val,00037.jpg,NO_EXACT_MATCH,,,
val,00038.jpg,NO_EXACT_MATCH,,,
val,00039.jpg,NO_EXACT_MATCH,,,
val,00040.jpg,NO_EXACT_MATCH,,,
val,00041.jpg,NO_EXACT_MATCH,,,
val,00042.jpg,NO_EXACT_MATCH,,,
val,00043.jpg,NO_EXACT_MATCH,,,
val,00044.jpg,NO_EXACT_MATCH,,,
val,00045.jpg,NO_EXACT_MATCH,,,
val,00046.jpg,NO_EXACT_MATCH,,,
val,00047.jpg,NO_EXACT_MATCH,,,
val,00048.jpg,NO_EXACT_MATCH,,,
val,00049.jpg,NO_EXACT_MATCH,,,
val,00050.jpg,NO_EXACT_MATCH,,,
val,00051.jpg,NO_EXACT_MATCH,,,
val,00052.jpg,NO_EXACT_MATCH,,,
val,00053.jpg,NO_EXACT_MATCH,,,
val,00054.jpg,NO_EXACT_MATCH,,,
val,00055.jpg,NO_EXACT_MATCH,,,
val,00056.jpg,NO_EXACT_MATCH,,,
val,00057.jpg,NO_EXACT_MATCH,,,
val,00058.jpg,NO_EXACT_MATCH,,,
val,00059.jpg,NO_EXACT_MATCH,,,
val,00060.jpg,NO_EXACT_MATCH,,,
val,00061.jpg,NO_EXACT_MATCH,,,
val,00062.jpg,NO_EXACT_MATCH,,,
val,00063.jpg,NO_EXACT_MATCH,,,
val,00064.jpg,NO_EXACT_MATCH,,,
val,00065.jpg,NO_EXACT_MATCH,,,
val,00066.jpg,NO_EXACT_MATCH,,,
val,00067.jpg,NO_EXACT_MATCH,,,
val,00068.jpg,NO_EXACT_MATCH,,,
val,00069.jpg,NO_EXACT_MATCH,,,
val,00070.jpg,NO_EXACT_MATCH,,,
val,00071.jpg,NO_EXACT_MATCH,,,
val,00072.jpg,NO_EXACT_MATCH,,,
val,00073.jpg,NO_EXACT_MATCH,,,
val,00074.jpg,NO_EXACT_MATCH,,,
val,00075.jpg,NO_EXACT_MATCH,,,
val,00076.jpg,NO_EXACT_MATCH,,,
val,00077.jpg,NO_EXACT_MATCH,,,
val,00078.jpg,NO_EXACT_MATCH,,,
val,00079.jpg,NO_EXACT_MATCH,,,
val,00080.jpg,NO_EXACT_MATCH,,,
val,00081.jpg,NO_EXACT_MATCH,,,
val,00082.jpg,NO_EXACT_MATCH,,,
val,00083.jpg,NO_EXACT_MATCH,,,
val,00084.jpg,NO_EXACT_MATCH,,,
val,00085.jpg,NO_EXACT_MATCH,,,
val,00086.jpg,NO_EXACT_MATCH,,,
val,00087.jpg,NO_EXACT_MATCH,,,
val,00088.jpg,NO_EXACT_MATCH,,,
val,00089.jpg,NO_EXACT_MATCH,,,
val,00090.jpg,NO_EXACT_MATCH,,,
val,00091.jpg,NO_EXACT_MATCH,,,
val,00092.jpg,NO_EXACT_MATCH,,,
val,00093.jpg,NO_EXACT_MATCH,,,
val,00094.jpg,NO_EXACT_MATCH,,,
val,00095.jpg,NO_EXACT_MATCH,,,
val,00096.jpg,NO_EXACT_MATCH,,,
val,00097.jpg,NO_EXACT_MATCH,,,
val,00098.jpg,NO_EXACT_MATCH,,,
val,00099.jpg,NO_EXACT_MATCH,,,
val,00100.jpg,NO_EXACT_MATCH,,,
val,00101.jpg,NO_EXACT_MATCH,,,
val,00102.jpg,NO_EXACT_MATCH,,,
val,00103.jpg,NO_EXACT_MATCH,,,
val,00104.jpg,NO_EXACT_MATCH,,,
val,00105.jpg,NO_EXACT_MATCH,,,
val,00106.jpg,NO_EXACT_MATCH,,,
val,00107.jpg,NO_EXACT_MATCH,,,
val,00108.jpg,NO_EXACT_MATCH,,,
val,00109.jpg,NO_EXACT_MATCH,,,
val,00110.jpg,NO_EXACT_MATCH,,,
val,00111.jpg,NO_EXACT_MATCH,,,
val,00112.jpg,NO_EXACT_MATCH,,,
val,00113.jpg,NO_EXACT_MATCH,,,
val,00114.jpg,NO_EXACT_MATCH,,,
val,00115.jpg,NO_EXACT_MATCH,,,
val,00116.jpg,NO_EXACT_MATCH,,,
val,00117.jpg,NO_EXACT_MATCH,,,
val,00118.jpg,NO_EXACT_MATCH,,,
val,00119.jpg,NO_EXACT_MATCH,,,
val,00120.jpg,NO_EXACT_MATCH,,,
val,00121.jpg,NO_EXACT_MATCH,,,
val,00122.jpg,NO_EXACT_MATCH,,,
val,00123.jpg,NO_EXACT_MATCH,,,
val,00124.jpg,NO_EXACT_MATCH,,,
val,00125.jpg,NO_EXACT_MATCH,,,
val,00126.jpg,NO_EXACT_MATCH,,,
val,00127.jpg,NO_EXACT_MATCH,,,
val,00128.jpg,NO_EXACT_MATCH,,,
val,00129.jpg,NO_EXACT_MATCH,,,
val,00130.jpg,NO_EXACT_MATCH,,,
val,00131.jpg,NO_EXACT_MATCH,,,
val,00132.jpg,NO_EXACT_MATCH,,,
val,00133.jpg,NO_EXACT_MATCH,,,
val,00134.jpg,NO_EXACT_MATCH,,,
val,00135.jpg,NO_EXACT_MATCH,,,
val,00136.jpg,NO_EXACT_MATCH,,,
val,00137.jpg,NO_EXACT_MATCH,,,
val,00138.jpg,NO_EXACT_MATCH,,,
val,00139.jpg,NO_EXACT_MATCH,,,
val,00140.jpg,NO_EXACT_MATCH,,,
val,00141.jpg,NO_EXACT_MATCH,,,
val,00142.jpg,NO_EXACT_MATCH,,,
val,00143.jpg,NO_EXACT_MATCH,,,
val,00144.jpg,NO_EXACT_MATCH,,,
val,00145.jpg,NO_EXACT_MATCH,,,
val,00146.jpg,NO_EXACT_MATCH,,,
val,00147.jpg,NO_EXACT_MATCH,,,
val,00148.jpg,NO_EXACT_MATCH,,,
val,00149.jpg,NO_EXACT_MATCH,,,
val,00150.jpg,NO_EXACT_MATCH,,,
val,00151.jpg,NO_EXACT_MATCH,,,
val,00152.jpg,NO_EXACT_MATCH,,,
val,00153.jpg,NO_EXACT_MATCH,,,
val,00154.jpg,NO_EXACT_MATCH,,,
val,00155.jpg,NO_EXACT_MATCH,,,
val,00156.jpg,NO_EXACT_MATCH,,,
val,00157.jpg,NO_EXACT_MATCH,,,
val,00158.jpg,NO_EXACT_MATCH,,,
val,00159.jpg,NO_EXACT_MATCH,,,
val,00160.jpg,NO_EXACT_MATCH,,,
val,00161.jpg,NO_EXACT_MATCH,,,
val,00162.jpg,NO_EXACT_MATCH,,,
val,00163.jpg,NO_EXACT_MATCH,,,
val,00164.jpg,NO_EXACT_MATCH,,,
val,00165.jpg,NO_EXACT_MATCH,,,
val,00166.jpg,NO_EXACT_MATCH,,,
val,00167.jpg,NO_EXACT_MATCH,,,
val,00168.jpg,NO_EXACT_MATCH,,,
val,00169.jpg,NO_EXACT_MATCH,,,
val,00170.jpg,NO_EXACT_MATCH,,,
val,00171.jpg,NO_EXACT_MATCH,,,
val,00172.jpg,NO_EXACT_MATCH,,,
val,00173.jpg,NO_EXACT_MATCH,,,
val,00174.jpg,NO_EXACT_MATCH,,,
val,00175.jpg,NO_EXACT_MATCH,,,
val,00176.jpg,NO_EXACT_MATCH,,,
val,00177.jpg,NO_EXACT_MATCH,,,
val,00178.jpg,NO_EXACT_MATCH,,,
val,00179.jpg,NO_EXACT_MATCH,,,
val,00180.jpg,NO_EXACT_MATCH,,,
val,00181.jpg,NO_EXACT_MATCH,,,
val,00182.jpg,NO_EXACT_MATCH,,,
val,00183.jpg,NO_EXACT_MATCH,,,
val,00184.jpg,NO_EXACT_MATCH,,,
val,00185.jpg,NO_EXACT_MATCH,,,
val,00186.jpg,NO_EXACT_MATCH,,,
val,00187.jpg,NO_EXACT_MATCH,,,
val,00188.jpg,NO_EXACT_MATCH,,,
val,00189.jpg,NO_EXACT_MATCH,,,
val,00190.jpg,NO_EXACT_MATCH,,,
val,00191.jpg,NO_EXACT_MATCH,,,
val,00192.jpg,NO_EXACT_MATCH,,,
val,00193.jpg,NO_EXACT_MATCH,,,
val,00194.jpg,NO_EXACT_MATCH,,,
val,00195.jpg,NO_EXACT_MATCH,,,
val,00196.jpg,NO_EXACT_MATCH,,,
val,00197.jpg,NO_EXACT_MATCH,,,
val,00198.jpg,NO_EXACT_MATCH,,,
val,00199.jpg,NO_EXACT_MATCH,,,
val,00200.jpg,NO_EXACT_MATCH,,,
val,00201.jpg,NO_EXACT_MATCH,,,
val,00202.jpg,NO_EXACT_MATCH,,,
val,00203.jpg,NO_EXACT_MATCH,,,
val,00204.jpg,NO_EXACT_MATCH,,,
val,00205.jpg,NO_EXACT_MATCH,,,
val,00206.jpg,NO_EXACT_MATCH,,,
val,00207.jpg,NO_EXACT_MATCH,,,
val,00208.jpg,NO_EXACT_MATCH,,,
val,00209.jpg,NO_EXACT_MATCH,,,
val,00210.jpg,NO_EXACT_MATCH,,,
val,00211.jpg,NO_EXACT_MATCH,,,
val,00212.jpg,NO_EXACT_MATCH,,,
val,00213.jpg,NO_EXACT_MATCH,,,
val,00214.jpg,NO_EXACT_MATCH,,,
val,00215.jpg,NO_EXACT_MATCH,,,
val,00216.jpg,NO_EXACT_MATCH,,,
val,00217.jpg,NO_EXACT_MATCH,,,
val,00218.jpg,NO_EXACT_MATCH,,,
val,00219.jpg,NO_EXACT_MATCH,,,
val,00220.jpg,NO_EXACT_MATCH,,,
val,00221.jpg,NO_EXACT_MATCH,,,
val,00222.jpg,NO_EXACT_MATCH,,,
val,00223.jpg,NO_EXACT_MATCH,,,
val,00224.jpg,NO_EXACT_MATCH,,,
val,00225.jpg,NO_EXACT_MATCH,,,
val,00226.jpg,NO_EXACT_MATCH,,,
val,00227.jpg,NO_EXACT_MATCH,,,
val,00228.jpg,NO_EXACT_MATCH,,,
val,00229.jpg,NO_EXACT_MATCH,,,
val,00230.jpg,NO_EXACT_MATCH,,,
val,00231.jpg,NO_EXACT_MATCH,,,
val,00232.jpg,NO_EXACT_MATCH,,,
val,00233.jpg,NO_EXACT_MATCH,,,
val,00234.jpg,NO_EXACT_MATCH,,,
val,00235.jpg,NO_EXACT_MATCH,,,
val,00236.jpg,NO_EXACT_MATCH,,,
val,00237.jpg,NO_EXACT_MATCH,,,
val,00238.jpg,NO_EXACT_MATCH,,,
val,00239.jpg,NO_EXACT_MATCH,,,
val,00240.jpg,NO_EXACT_MATCH,,,
val,00241.jpg,NO_EXACT_MATCH,,,
val,00242.jpg,NO_EXACT_MATCH,,,
val,00243.jpg,NO_EXACT_MATCH,,,
val,00244.jpg,NO_EXACT_MATCH,,,
val,00245.jpg,NO_EXACT_MATCH,,,
val,00246.jpg,NO_EXACT_MATCH,,,
val,00247.jpg,NO_EXACT_MATCH,,,
val,00248.jpg,NO_EXACT_MATCH,,,
val,00249.jpg,NO_EXACT_MATCH,,,
val,00250.jpg,NO_EXACT_MATCH,,,
val,00251.jpg,NO_EXACT_MATCH,,,
val,00252.jpg,NO_EXACT_MATCH,,,
val,00253.jpg,NO_EXACT_MATCH,,,
val,00254.jpg,NO_EXACT_MATCH,,,
val,00255.jpg,NO_EXACT_MATCH,,,
val,00256.jpg,NO_EXACT_MATCH,,,
val,00257.jpg,NO_EXACT_MATCH,,,
val,00258.jpg,NO_EXACT_MATCH,,,
val,00259.jpg,NO_EXACT_MATCH,,,
val,00260.jpg,NO_EXACT_MATCH,,,
val,00261.jpg,NO_EXACT_MATCH,,,
val,00262.jpg,NO_EXACT_MATCH,,,
val,00263.jpg,NO_EXACT_MATCH,,,
val,00264.jpg,NO_EXACT_MATCH,,,
val,00265.jpg,NO_EXACT_MATCH,,,
val,00266.jpg,NO_EXACT_MATCH,,,
val,00267.jpg,NO_EXACT_MATCH,,,
val,00268.jpg,NO_EXACT_MATCH,,,
val,00269.jpg,NO_EXACT_MATCH,,,
val,00270.jpg,NO_EXACT_MATCH,,,
val,00271.jpg,NO_EXACT_MATCH,,,
val,00272.jpg,NO_EXACT_MATCH,,,
val,00273.jpg,NO_EXACT_MATCH,,,
val,00274.jpg,NO_EXACT_MATCH,,,
val,00275.jpg,NO_EXACT_MATCH,,,
val,00276.jpg,NO_EXACT_MATCH,,,
val,00277.jpg,NO_EXACT_MATCH,,,
val,00278.jpg,NO_EXACT_MATCH,,,
val,00279.jpg,NO_EXACT_MATCH,,,
val,00280.jpg,NO_EXACT_MATCH,,,
val,00281.jpg,NO_EXACT_MATCH,,,
val,00282.jpg,NO_EXACT_MATCH,,,
val,00283.jpg,NO_EXACT_MATCH,,,
val,00284.jpg,NO_EXACT_MATCH,,,
val,00285.jpg,NO_EXACT_MATCH,,,
val,00286.jpg,NO_EXACT_MATCH,,,
val,00287.jpg,NO_EXACT_MATCH,,,
val,00288.jpg,NO_EXACT_MATCH,,,
val,00289.jpg,NO_EXACT_MATCH,,,
val,00290.jpg,NO_EXACT_MATCH,,,
val,00291.jpg,NO_EXACT_MATCH,,,
val,00292.jpg,NO_EXACT_MATCH,,,
val,00293.jpg,NO_EXACT_MATCH,,,
val,00294.jpg,NO_EXACT_MATCH,,,
val,00295.jpg,NO_EXACT_MATCH,,,
val,00296.jpg,NO_EXACT_MATCH,,,
val,00297.jpg,NO_EXACT_MATCH,,,
val,00298.jpg,NO_EXACT_MATCH,,,
val,00299.jpg,NO_EXACT_MATCH,,,
val,00300.jpg,NO_EXACT_MATCH,,,
val,00301.jpg,NO_EXACT_MATCH,,,
val,00302.jpg,NO_EXACT_MATCH,,,
val,00303.jpg,NO_EXACT_MATCH,,,
val,00304.jpg,NO_EXACT_MATCH,,,
val,00305.jpg,NO_EXACT_MATCH,,,
val,00306.jpg,NO_EXACT_MATCH,,,
val,00307.jpg,NO_EXACT_MATCH,,,
val,00308.jpg,NO_EXACT_MATCH,,,
val,00309.jpg,NO_EXACT_MATCH,,,
val,00310.jpg,NO_EXACT_MATCH,,,
val,00311.jpg,NO_EXACT_MATCH,,,
val,00312.jpg,NO_EXACT_MATCH,,,
val,00313.jpg,NO_EXACT_MATCH,,,
val,00314.jpg,NO_EXACT_MATCH,,,
val,00315.jpg,NO_EXACT_MATCH,,,
val,00316.jpg,NO_EXACT_MATCH,,,
val,00317.jpg,NO_EXACT_MATCH,,,
val,00318.jpg,NO_EXACT_MATCH,,,
val,00319.jpg,NO_EXACT_MATCH,,,
val,00320.jpg,NO_EXACT_MATCH,,,
val,00321.jpg,NO_EXACT_MATCH,,,
val,00322.jpg,NO_EXACT_MATCH,,,
val,00323.jpg,NO_EXACT_MATCH,,,
val,00324.jpg,NO_EXACT_MATCH,,,
val,00325.jpg,NO_EXACT_MATCH,,,
val,00326.jpg,NO_EXACT_MATCH,,,
val,00327.jpg,NO_EXACT_MATCH,,,
val,00328.jpg,NO_EXACT_MATCH,,,
val,00329.jpg,NO_EXACT_MATCH,,,
val,00330.jpg,NO_EXACT_MATCH,,,
val,00331.jpg,NO_EXACT_MATCH,,,
val,00332.jpg,NO_EXACT_MATCH,,,
val,00333.jpg,NO_EXACT_MATCH,,,
val,00334.jpg,NO_EXACT_MATCH,,,
val,00335.jpg,NO_EXACT_MATCH,,,
val,00336.jpg,NO_EXACT_MATCH,,,
val,00337.jpg,NO_EXACT_MATCH,,,
val,00338.jpg,NO_EXACT_MATCH,,,
val,00339.jpg,NO_EXACT_MATCH,,,
val,00340.jpg,NO_EXACT_MATCH,,,
val,00341.jpg,NO_EXACT_MATCH,,,
val,00342.jpg,NO_EXACT_MATCH,,,
val,00343.jpg,NO_EXACT_MATCH,,,
val,00344.jpg,NO_EXACT_MATCH,,,
val,00345.jpg,NO_EXACT_MATCH,,,
val,00346.jpg,NO_EXACT_MATCH,,,
val,00347.jpg,NO_EXACT_MATCH,,,
val,00348.jpg,NO_EXACT_MATCH,,,
val,00349.jpg,NO_EXACT_MATCH,,,
val,00350.jpg,NO_EXACT_MATCH,,,
val,00351.jpg,NO_EXACT_MATCH,,,
val,00352.jpg,NO_EXACT_MATCH,,,
val,00353.jpg,NO_EXACT_MATCH,,,
val,00354.jpg,NO_EXACT_MATCH,,,
val,00355.jpg,NO_EXACT_MATCH,,,
val,00356.jpg,NO_EXACT_MATCH,,,
val,00357.jpg,NO_EXACT_MATCH,,,
val,00358.jpg,NO_EXACT_MATCH,,,
val,00359.jpg,NO_EXACT_MATCH,,,
val,00360.jpg,NO_EXACT_MATCH,,,
val,00361.jpg,NO_EXACT_MATCH,,,
val,00362.jpg,NO_EXACT_MATCH,,,
val,00363.jpg,NO_EXACT_MATCH,,,
val,00364.jpg,NO_EXACT_MATCH,,,
val,00365.jpg,NO_EXACT_MATCH,,,
val,00366.jpg,NO_EXACT_MATCH,,,
val,00367.jpg,NO_EXACT_MATCH,,,
val,00368.jpg,NO_EXACT_MATCH,,,
val,00369.jpg,NO_EXACT_MATCH,,,
val,00370.jpg,NO_EXACT_MATCH,,,
val,00371.jpg,NO_EXACT_MATCH,,,
val,00372.jpg,NO_EXACT_MATCH,,,
val,00373.jpg,NO_EXACT_MATCH,,,
val,00374.jpg,NO_EXACT_MATCH,,,
val,00375.jpg,NO_EXACT_MATCH,,,
val,00376.jpg,NO_EXACT_MATCH,,,
val,00377.jpg,NO_EXACT_MATCH,,,
val,00378.jpg,NO_EXACT_MATCH,,,
val,00379.jpg,NO_EXACT_MATCH,,,
val,00380.jpg,NO_EXACT_MATCH,,,
val,00381.jpg,NO_EXACT_MATCH,,,
val,00382.jpg,NO_EXACT_MATCH,,,
val,00383.jpg,NO_EXACT_MATCH,,,
val,00384.jpg,NO_EXACT_MATCH,,,
val,00385.jpg,NO_EXACT_MATCH,,,
val,00386.jpg,NO_EXACT_MATCH,,,
val,00387.jpg,NO_EXACT_MATCH,,,
val,00388.jpg,NO_EXACT_MATCH,,,
val,00389.jpg,NO_EXACT_MATCH,,,
val,00390.jpg,NO_EXACT_MATCH,,,
val,00391.jpg,NO_EXACT_MATCH,,,
val,00392.jpg,NO_EXACT_MATCH,,,
val,00393.jpg,NO_EXACT_MATCH,,,
val,00394.jpg,NO_EXACT_MATCH,,,
val,00395.jpg,NO_EXACT_MATCH,,,
val,00396.jpg,NO_EXACT_MATCH,,,
val,00397.jpg,NO_EXACT_MATCH,,,
val,00398.jpg,NO_EXACT_MATCH,,,
val,00399.jpg,NO_EXACT_MATCH,,,
val,00400.jpg,NO_EXACT_MATCH,,,
val,00401.jpg,NO_EXACT_MATCH,,,
val,00402.jpg,NO_EXACT_MATCH,,,
val,00403.jpg,NO_EXACT_MATCH,,,
val,00404.jpg,NO_EXACT_MATCH,,,
val,00405.jpg,NO_EXACT_MATCH,,,
val,00406.jpg,NO_EXACT_MATCH,,,
val,00407.jpg,NO_EXACT_MATCH,,,
val,00408.jpg,NO_EXACT_MATCH,,,
val,00409.jpg,NO_EXACT_MATCH,,,
val,00410.jpg,NO_EXACT_MATCH,,,
val,00411.jpg,NO_EXACT_MATCH,,,
val,00412.jpg,NO_EXACT_MATCH,,,
val,00413.jpg,NO_EXACT_MATCH,,,
val,00414.jpg,NO_EXACT_MATCH,,,
val,00415.jpg,NO_EXACT_MATCH,,,
val,00416.jpg,NO_EXACT_MATCH,,,
val,00417.jpg,NO_EXACT_MATCH,,,
val,00418.jpg,NO_EXACT_MATCH,,,
val,00419.jpg,NO_EXACT_MATCH,,,
val,00420.jpg,NO_EXACT_MATCH,,,
val,00421.jpg,NO_EXACT_MATCH,,,
val,00422.jpg,NO_EXACT_MATCH,,,
val,00423.jpg,NO_EXACT_MATCH,,,
val,00424.jpg,NO_EXACT_MATCH,,,
val,00425.jpg,NO_EXACT_MATCH,,,
val,00426.jpg,NO_EXACT_MATCH,,,
val,00427.jpg,NO_EXACT_MATCH,,,
val,00428.jpg,NO_EXACT_MATCH,,,
val,00429.jpg,NO_EXACT_MATCH,,,
val,00430.jpg,NO_EXACT_MATCH,,,
val,00431.jpg,NO_EXACT_MATCH,,,
val,00432.jpg,NO_EXACT_MATCH,,,
val,00433.jpg,NO_EXACT_MATCH,,,
val,00434.jpg,NO_EXACT_MATCH,,,
val,00435.jpg,NO_EXACT_MATCH,,,
val,00436.jpg,NO_EXACT_MATCH,,,
val,00437.jpg,NO_EXACT_MATCH,,,
val,00438.jpg,NO_EXACT_MATCH,,,
val,00439.jpg,NO_EXACT_MATCH,,,
val,00440.jpg,NO_EXACT_MATCH,,,
val,00441.jpg,NO_EXACT_MATCH,,,
val,00442.jpg,NO_EXACT_MATCH,,,
val,00443.jpg,NO_EXACT_MATCH,,,
val,00444.jpg,NO_EXACT_MATCH,,,
val,00445.jpg,NO_EXACT_MATCH,,,
val,00446.jpg,NO_EXACT_MATCH,,,
val,00447.jpg,NO_EXACT_MATCH,,,
val,00448.jpg,NO_EXACT_MATCH,,,
val,00449.jpg,NO_EXACT_MATCH,,,
val,00450.jpg,NO_EXACT_MATCH,,,
val,00451.jpg,NO_EXACT_MATCH,,,
val,00452.jpg,NO_EXACT_MATCH,,,
val,00453.jpg,NO_EXACT_MATCH,,,
val,00454.jpg,NO_EXACT_MATCH,,,
val,00455.jpg,NO_EXACT_MATCH,,,
val,00456.jpg,NO_EXACT_MATCH,,,
val,00457.jpg,NO_EXACT_MATCH,,,
val,00458.jpg,NO_EXACT_MATCH,,,
val,00459.jpg,NO_EXACT_MATCH,,,
val,00460.jpg,NO_EXACT_MATCH,,,
val,00461.jpg,NO_EXACT_MATCH,,,
val,00462.jpg,NO_EXACT_MATCH,,,
val,00463.jpg,NO_EXACT_MATCH,,,
val,00464.jpg,NO_EXACT_MATCH,,,
val,00465.jpg,NO_EXACT_MATCH,,,
val,00466.jpg,NO_EXACT_MATCH,,,
val,00467.jpg,NO_EXACT_MATCH,,,
val,00468.jpg,NO_EXACT_MATCH,,,
val,00469.jpg,NO_EXACT_MATCH,,,
val,00470.jpg,NO_EXACT_MATCH,,,
val,00471.jpg,NO_EXACT_MATCH,,,
val,00472.jpg,NO_EXACT_MATCH,,,
val,00473.jpg,NO_EXACT_MATCH,,,
val,00474.jpg,NO_EXACT_MATCH,,,
val,00475.jpg,NO_EXACT_MATCH,,,
val,00476.jpg,NO_EXACT_MATCH,,,
val,00477.jpg,NO_EXACT_MATCH,,,
val,00478.jpg,NO_EXACT_MATCH,,,
val,00479.jpg,NO_EXACT_MATCH,,,
val,00480.jpg,NO_EXACT_MATCH,,,
val,00481.jpg,NO_EXACT_MATCH,,,
val,00482.jpg,NO_EXACT_MATCH,,,
val,00483.jpg,NO_EXACT_MATCH,,,
val,00484.jpg,NO_EXACT_MATCH,,,
val,00485.jpg,NO_EXACT_MATCH,,,
val,00486.jpg,NO_EXACT_MATCH,,,
val,00487.jpg,NO_EXACT_MATCH,,,
val,00488.jpg,NO_EXACT_MATCH,,,
val,00489.jpg,NO_EXACT_MATCH,,,
val,00490.jpg,NO_EXACT_MATCH,,,
val,00491.jpg,NO_EXACT_MATCH,,,
val,00492.jpg,NO_EXACT_MATCH,,,
val,00493.jpg,NO_EXACT_MATCH,,,
val,00494.jpg,NO_EXACT_MATCH,,,
val,00495.jpg,NO_EXACT_MATCH,,,
val,00496.jpg,NO_EXACT_MATCH,,,
val,00497.jpg,NO_EXACT_MATCH,,,
val,00498.jpg,NO_EXACT_MATCH,,,
val,00499.jpg,NO_EXACT_MATCH,,,
val,00500.jpg,NO_EXACT_MATCH,,,
val,00501.jpg,NO_EXACT_MATCH,,,
val,00502.jpg,NO_EXACT_MATCH,,,
val,00503.jpg,NO_EXACT_MATCH,,,
val,00504.jpg,NO_EXACT_MATCH,,,
val,00505.jpg,NO_EXACT_MATCH,,,
val,00506.jpg,NO_EXACT_MATCH,,,
val,00507.jpg,NO_EXACT_MATCH,,,
val,00508.jpg,NO_EXACT_MATCH,,,
val,00509.jpg,NO_EXACT_MATCH,,,
val,00510.jpg,NO_EXACT_MATCH,,,
val,00511.jpg,NO_EXACT_MATCH,,,
val,00512.jpg,NO_EXACT_MATCH,,,
val,00513.jpg,NO_EXACT_MATCH,,,
val,00514.jpg,NO_EXACT_MATCH,,,
val,00515.jpg,NO_EXACT_MATCH,,,
val,00516.jpg,NO_EXACT_MATCH,,,
val,00517.jpg,NO_EXACT_MATCH,,,
val,00518.jpg,NO_EXACT_MATCH,,,
val,00519.jpg,NO_EXACT_MATCH,,,
val,00520.jpg,NO_EXACT_MATCH,,,
val,00521.jpg,NO_EXACT_MATCH,,,
val,00522.jpg,NO_EXACT_MATCH,,,
val,00523.jpg,NO_EXACT_MATCH,,,
val,00524.jpg,NO_EXACT_MATCH,,,
val,00525.jpg,NO_EXACT_MATCH,,,
val,00526.jpg,NO_EXACT_MATCH,,,
val,00527.jpg,NO_EXACT_MATCH,,,
val,00528.jpg,NO_EXACT_MATCH,,,
val,00529.jpg,NO_EXACT_MATCH,,,
val,00530.jpg,NO_EXACT_MATCH,,,
val,00531.jpg,NO_EXACT_MATCH,,,
val,00532.jpg,NO_EXACT_MATCH,,,
val,00533.jpg,NO_EXACT_MATCH,,,
val,00534.jpg,NO_EXACT_MATCH,,,
val,00535.jpg,NO_EXACT_MATCH,,,
val,00536.jpg,NO_EXACT_MATCH,,,
val,00537.jpg,NO_EXACT_MATCH,,,
val,00538.jpg,NO_EXACT_MATCH,,,
val,00539.jpg,NO_EXACT_MATCH,,,
val,00540.jpg,NO_EXACT_MATCH,,,
val,00541.jpg,NO_EXACT_MATCH,,,
val,00542.jpg,NO_EXACT_MATCH,,,
val,00543.jpg,NO_EXACT_MATCH,,,
val,00544.jpg,NO_EXACT_MATCH,,,
val,00545.jpg,NO_EXACT_MATCH,,,
val,00546.jpg,NO_EXACT_MATCH,,,
val,00547.jpg,NO_EXACT_MATCH,,,
val,00548.jpg,NO_EXACT_MATCH,,,
val,00549.jpg,NO_EXACT_MATCH,,,
val,00550.jpg,NO_EXACT_MATCH,,,
val,00551.jpg,NO_EXACT_MATCH,,,
val,00552.jpg,NO_EXACT_MATCH,,,
val,00553.jpg,NO_EXACT_MATCH,,,
val,00554.jpg,NO_EXACT_MATCH,,,
val,00555.jpg,NO_EXACT_MATCH,,,
val,00556.jpg,NO_EXACT_MATCH,,,
val,00557.jpg,NO_EXACT_MATCH,,,
val,00558.jpg,NO_EXACT_MATCH,,,
val,00559.jpg,NO_EXACT_MATCH,,,
val,00560.jpg,NO_EXACT_MATCH,,,
val,00561.jpg,NO_EXACT_MATCH,,,
val,00562.jpg,NO_EXACT_MATCH,,,
val,00563.jpg,NO_EXACT_MATCH,,,
val,00564.jpg,NO_EXACT_MATCH,,,
val,00565.jpg,NO_EXACT_MATCH,,,
val,00566.jpg,NO_EXACT_MATCH,,,
val,00567.jpg,NO_EXACT_MATCH,,,
val,00568.jpg,NO_EXACT_MATCH,,,
val,00569.jpg,NO_EXACT_MATCH,,,
val,00570.jpg,NO_EXACT_MATCH,,,
val,00571.jpg,NO_EXACT_MATCH,,,
val,00572.jpg,NO_EXACT_MATCH,,,
val,00573.jpg,NO_EXACT_MATCH,,,
val,00574.jpg,NO_EXACT_MATCH,,,
val,00575.jpg,NO_EXACT_MATCH,,,
val,00576.jpg,NO_EXACT_MATCH,,,
val,00577.jpg,NO_EXACT_MATCH,,,
val,00578.jpg,NO_EXACT_MATCH,,,
val,00579.jpg,NO_EXACT_MATCH,,,
val,00580.jpg,NO_EXACT_MATCH,,,
val,00581.jpg,NO_EXACT_MATCH,,,
val,00582.jpg,NO_EXACT_MATCH,,,
val,00583.jpg,NO_EXACT_MATCH,,,
val,00584.jpg,NO_EXACT_MATCH,,,
val,00585.jpg,NO_EXACT_MATCH,,,
val,00586.jpg,NO_EXACT_MATCH,,,
val,00587.jpg,NO_EXACT_MATCH,,,
val,00588.jpg,NO_EXACT_MATCH,,,
val,00589.jpg,NO_EXACT_MATCH,,,
val,00590.jpg,NO_EXACT_MATCH,,,
val,00591.jpg,NO_EXACT_MATCH,,,
val,00592.jpg,NO_EXACT_MATCH,,,
val,00593.jpg,NO_EXACT_MATCH,,,
val,00594.jpg,NO_EXACT_MATCH,,,
val,00595.jpg,NO_EXACT_MATCH,,,
val,00596.jpg,NO_EXACT_MATCH,,,
val,00597.jpg,NO_EXACT_MATCH,,,
val,00598.jpg,NO_EXACT_MATCH,,,
val,00599.jpg,NO_EXACT_MATCH,,,
val,00600.jpg,NO_EXACT_MATCH,,,
val,00601.jpg,NO_EXACT_MATCH,,,
val,00602.jpg,NO_EXACT_MATCH,,,
val,00603.jpg,NO_EXACT_MATCH,,,
val,00604.jpg,NO_EXACT_MATCH,,,
val,00605.jpg,NO_EXACT_MATCH,,,
val,00606.jpg,NO_EXACT_MATCH,,,
val,00607.jpg,NO_EXACT_MATCH,,,
val,00608.jpg,NO_EXACT_MATCH,,,
val,00609.jpg,NO_EXACT_MATCH,,,
val,00610.jpg,NO_EXACT_MATCH,,,
val,00611.jpg,NO_EXACT_MATCH,,,
val,00612.jpg,NO_EXACT_MATCH,,,
val,00613.jpg,NO_EXACT_MATCH,,,
val,00614.jpg,NO_EXACT_MATCH,,,
val,00615.jpg,NO_EXACT_MATCH,,,
val,00616.jpg,NO_EXACT_MATCH,,,
val,00617.jpg,NO_EXACT_MATCH,,,
val,00618.jpg,NO_EXACT_MATCH,,,
val,00619.jpg,NO_EXACT_MATCH,,,
val,00620.jpg,NO_EXACT_MATCH,,,
val,00621.jpg,NO_EXACT_MATCH,,,
val,00622.jpg,NO_EXACT_MATCH,,,
val,00623.jpg,NO_EXACT_MATCH,,,
val,00624.jpg,NO_EXACT_MATCH,,,
val,00625.jpg,NO_EXACT_MATCH,,,
val,00626.jpg,NO_EXACT_MATCH,,,
val,00627.jpg,NO_EXACT_MATCH,,,
val,00628.jpg,NO_EXACT_MATCH,,,
val,00629.jpg,NO_EXACT_MATCH,,,
val,00630.jpg,NO_EXACT_MATCH,,,
val,00631.jpg,NO_EXACT_MATCH,,,
val,00632.jpg,NO_EXACT_MATCH,,,
val,00633.jpg,NO_EXACT_MATCH,,,
val,00634.jpg,NO_EXACT_MATCH,,,
val,00635.jpg,NO_EXACT_MATCH,,,
val,00636.jpg,NO_EXACT_MATCH,,,
val,00637.jpg,NO_EXACT_MATCH,,,
val,00638.jpg,NO_EXACT_MATCH,,,
val,00639.jpg,NO_EXACT_MATCH,,,
val,00640.jpg,NO_EXACT_MATCH,,,
val,00641.jpg,NO_EXACT_MATCH,,,
val,00642.jpg,NO_EXACT_MATCH,,,
val,00643.jpg,NO_EXACT_MATCH,,,
val,00644.jpg,NO_EXACT_MATCH,,,
val,00645.jpg,NO_EXACT_MATCH,,,
val,00646.jpg,NO_EXACT_MATCH,,,
val,00647.jpg,NO_EXACT_MATCH,,,
val,00648.jpg,NO_EXACT_MATCH,,,
val,00649.jpg,NO_EXACT_MATCH,,,
val,00650.jpg,NO_EXACT_MATCH,,,
val,00651.jpg,NO_EXACT_MATCH,,,
val,00652.jpg,NO_EXACT_MATCH,,,
val,00653.jpg,NO_EXACT_MATCH,,,
val,00654.jpg,NO_EXACT_MATCH,,,
val,00655.jpg,NO_EXACT_MATCH,,,
val,00656.jpg,NO_EXACT_MATCH,,,
val,00657.jpg,NO_EXACT_MATCH,,,
val,00658.jpg,NO_EXACT_MATCH,,,
val,00659.jpg,NO_EXACT_MATCH,,,
val,00660.jpg,NO_EXACT_MATCH,,,
val,00661.jpg,NO_EXACT_MATCH,,,
val,00662.jpg,NO_EXACT_MATCH,,,
val,00663.jpg,NO_EXACT_MATCH,,,
val,00664.jpg,NO_EXACT_MATCH,,,
val,00665.jpg,NO_EXACT_MATCH,,,
val,00666.jpg,NO_EXACT_MATCH,,,
val,00667.jpg,NO_EXACT_MATCH,,,
val,00668.jpg,NO_EXACT_MATCH,,,
val,00669.jpg,NO_EXACT_MATCH,,,
val,00670.jpg,NO_EXACT_MATCH,,,
val,00671.jpg,NO_EXACT_MATCH,,,
val,00672.jpg,NO_EXACT_MATCH,,,
val,00673.jpg,NO_EXACT_MATCH,,,
val,00674.jpg,NO_EXACT_MATCH,,,
val,00675.jpg,NO_EXACT_MATCH,,,
val,00676.jpg,NO_EXACT_MATCH,,,
val,00677.jpg,NO_EXACT_MATCH,,,
val,00678.jpg,NO_EXACT_MATCH,,,
val,00679.jpg,NO_EXACT_MATCH,,,
val,00680.jpg,NO_EXACT_MATCH,,,
val,00681.jpg,NO_EXACT_MATCH,,,
val,00682.jpg,NO_EXACT_MATCH,,,
val,00683.jpg,NO_EXACT_MATCH,,,
val,00684.jpg,NO_EXACT_MATCH,,,
val,00685.jpg,NO_EXACT_MATCH,,,
val,00686.jpg,NO_EXACT_MATCH,,,
val,00687.jpg,NO_EXACT_MATCH,,,
val,00688.jpg,NO_EXACT_MATCH,,,
val,00689.jpg,NO_EXACT_MATCH,,,
val,00690.jpg,NO_EXACT_MATCH,,,
val,00691.jpg,NO_EXACT_MATCH,,,
val,00692.jpg,NO_EXACT_MATCH,,,
val,00693.jpg,NO_EXACT_MATCH,,,
val,00694.jpg,NO_EXACT_MATCH,,,
val,00695.jpg,NO_EXACT_MATCH,,,
val,00696.jpg,NO_EXACT_MATCH,,,
val,00697.jpg,NO_EXACT_MATCH,,,
val,00698.jpg,NO_EXACT_MATCH,,,
val,00699.jpg,NO_EXACT_MATCH,,,
val,00700.jpg,NO_EXACT_MATCH,,,
val,00701.jpg,NO_EXACT_MATCH,,,
val,00702.jpg,NO_EXACT_MATCH,,,
val,00703.jpg,NO_EXACT_MATCH,,,
val,00704.jpg,NO_EXACT_MATCH,,,
val,00705.jpg,NO_EXACT_MATCH,,,
val,00706.jpg,NO_EXACT_MATCH,,,
val,00707.jpg,NO_EXACT_MATCH,,,
val,00708.jpg,NO_EXACT_MATCH,,,
val,00709.jpg,NO_EXACT_MATCH,,,
val,00710.jpg,NO_EXACT_MATCH,,,
val,00711.jpg,NO_EXACT_MATCH,,,
val,00712.jpg,NO_EXACT_MATCH,,,
val,00713.jpg,NO_EXACT_MATCH,,,
val,00714.jpg,NO_EXACT_MATCH,,,
val,00715.jpg,NO_EXACT_MATCH,,,
val,00716.jpg,NO_EXACT_MATCH,,,
val,00717.jpg,NO_EXACT_MATCH,,,
val,00718.jpg,NO_EXACT_MATCH,,,
val,00719.jpg,NO_EXACT_MATCH,,,
val,00720.jpg,NO_EXACT_MATCH,,,
val,00721.jpg,NO_EXACT_MATCH,,,
val,00722.jpg,NO_EXACT_MATCH,,,
val,00723.jpg,NO_EXACT_MATCH,,,
val,00724.jpg,NO_EXACT_MATCH,,,
val,00725.jpg,NO_EXACT_MATCH,,,
val,00726.jpg,NO_EXACT_MATCH,,,
val,00727.jpg,NO_EXACT_MATCH,,,
val,00728.jpg,NO_EXACT_MATCH,,,
val,00729.jpg,NO_EXACT_MATCH,,,
val,00730.jpg,NO_EXACT_MATCH,,,
val,00731.jpg,NO_EXACT_MATCH,,,
val,00732.jpg,NO_EXACT_MATCH,,,
val,00733.jpg,NO_EXACT_MATCH,,,
val,00734.jpg,NO_EXACT_MATCH,,,
val,00735.jpg,NO_EXACT_MATCH,,,
val,00736.jpg,NO_EXACT_MATCH,,,
val,00737.jpg,NO_EXACT_MATCH,,,
val,00738.jpg,NO_EXACT_MATCH,,,
val,00739.jpg,NO_EXACT_MATCH,,,
val,00740.jpg,NO_EXACT_MATCH,,,
val,00741.jpg,NO_EXACT_MATCH,,,
val,00742.jpg,NO_EXACT_MATCH,,,
val,00743.jpg,NO_EXACT_MATCH,,,
val,00744.jpg,NO_EXACT_MATCH,,,
val,00745.jpg,NO_EXACT_MATCH,,,
val,00746.jpg,NO_EXACT_MATCH,,,
val,00747.jpg,NO_EXACT_MATCH,,,
val,00748.jpg,NO_EXACT_MATCH,,,
val,00749.jpg,NO_EXACT_MATCH,,,
val,00750.jpg,NO_EXACT_MATCH,,,
val,00751.jpg,NO_EXACT_MATCH,,,
val,00752.jpg,NO_EXACT_MATCH,,,
val,00753.jpg,NO_EXACT_MATCH,,,
val,00754.jpg,NO_EXACT_MATCH,,,
val,00755.jpg,NO_EXACT_MATCH,,,
val,00756.jpg,NO_EXACT_MATCH,,,
val,00757.jpg,NO_EXACT_MATCH,,,
val,00758.jpg,NO_EXACT_MATCH,,,
val,00759.jpg,NO_EXACT_MATCH,,,
val,00760.jpg,NO_EXACT_MATCH,,,
val,00761.jpg,NO_EXACT_MATCH,,,
val,00762.jpg,NO_EXACT_MATCH,,,
val,00763.jpg,NO_EXACT_MATCH,,,
val,00764.jpg,NO_EXACT_MATCH,,,
val,00765.jpg,NO_EXACT_MATCH,,,
val,00766.jpg,NO_EXACT_MATCH,,,
val,00767.jpg,NO_EXACT_MATCH,,,
val,00768.jpg,NO_EXACT_MATCH,,,
val,00769.jpg,NO_EXACT_MATCH,,,
val,00770.jpg,NO_EXACT_MATCH,,,
val,00771.jpg,NO_EXACT_MATCH,,,
val,00772.jpg,NO_EXACT_MATCH,,,
val,00773.jpg,NO_EXACT_MATCH,,,
val,00774.jpg,NO_EXACT_MATCH,,,
val,00775.jpg,NO_EXACT_MATCH,,,
val,00776.jpg,NO_EXACT_MATCH,,,
val,00777.jpg,NO_EXACT_MATCH,,,
val,00778.jpg,NO_EXACT_MATCH,,,
val,00779.jpg,NO_EXACT_MATCH,,,
val,00780.jpg,NO_EXACT_MATCH,,,
val,00781.jpg,NO_EXACT_MATCH,,,
val,00782.jpg,NO_EXACT_MATCH,,,
val,00783.jpg,NO_EXACT_MATCH,,,
val,00784.jpg,NO_EXACT_MATCH,,,
val,00785.jpg,NO_EXACT_MATCH,,,
val,00786.jpg,NO_EXACT_MATCH,,,
val,00787.jpg,NO_EXACT_MATCH,,,
val,00788.jpg,NO_EXACT_MATCH,,,
val,00789.jpg,NO_EXACT_MATCH,,,
val,00790.jpg,NO_EXACT_MATCH,,,
val,00791.jpg,NO_EXACT_MATCH,,,
val,00792.jpg,NO_EXACT_MATCH,,,
val,00793.jpg,NO_EXACT_MATCH,,,
val,00794.jpg,NO_EXACT_MATCH,,,
val,00795.jpg,NO_EXACT_MATCH,,,
val,00796.jpg,NO_EXACT_MATCH,,,
val,00797.jpg,NO_EXACT_MATCH,,,
val,00798.jpg,NO_EXACT_MATCH,,,
val,00799.jpg,NO_EXACT_MATCH,,,
val,00800.jpg,NO_EXACT_MATCH,,,
val,00801.jpg,NO_EXACT_MATCH,,,
val,00802.jpg,NO_EXACT_MATCH,,,
val,00803.jpg,NO_EXACT_MATCH,,,
val,00804.jpg,NO_EXACT_MATCH,,,
val,00805.jpg,NO_EXACT_MATCH,,,
val,00806.jpg,NO_EXACT_MATCH,,,
val,00807.jpg,NO_EXACT_MATCH,,,
val,00808.jpg,NO_EXACT_MATCH,,,
val,00809.jpg,NO_EXACT_MATCH,,,
val,00810.jpg,NO_EXACT_MATCH,,,
val,00811.jpg,NO_EXACT_MATCH,,,
val,00812.jpg,NO_EXACT_MATCH,,,
val,00813.jpg,NO_EXACT_MATCH,,,
val,00814.jpg,NO_EXACT_MATCH,,,
val,00815.jpg,NO_EXACT_MATCH,,,
val,00816.jpg,NO_EXACT_MATCH,,,
val,00817.jpg,NO_EXACT_MATCH,,,
val,00818.jpg,NO_EXACT_MATCH,,,
val,00819.jpg,NO_EXACT_MATCH,,,
val,00820.jpg,NO_EXACT_MATCH,,,
val,00821.jpg,NO_EXACT_MATCH,,,
val,00822.jpg,NO_EXACT_MATCH,,,
val,00823.jpg,NO_EXACT_MATCH,,,
val,00824.jpg,NO_EXACT_MATCH,,,
val,00825.jpg,NO_EXACT_MATCH,,,
val,00826.jpg,NO_EXACT_MATCH,,,
val,00827.jpg,NO_EXACT_MATCH,,,
val,00828.jpg,NO_EXACT_MATCH,,,
val,00829.jpg,NO_EXACT_MATCH,,,
val,00830.jpg,NO_EXACT_MATCH,,,
val,00831.jpg,NO_EXACT_MATCH,,,
val,00832.jpg,NO_EXACT_MATCH,,,
val,00833.jpg,NO_EXACT_MATCH,,,
val,00834.jpg,NO_EXACT_MATCH,,,
val,00835.jpg,NO_EXACT_MATCH,,,
val,00836.jpg,NO_EXACT_MATCH,,,
val,00837.jpg,NO_EXACT_MATCH,,,
val,00838.jpg,NO_EXACT_MATCH,,,
val,00839.jpg,NO_EXACT_MATCH,,,
val,00840.jpg,NO_EXACT_MATCH,,,
val,00841.jpg,NO_EXACT_MATCH,,,
val,00842.jpg,NO_EXACT_MATCH,,,
val,00843.jpg,NO_EXACT_MATCH,,,
val,00844.jpg,NO_EXACT_MATCH,,,
val,00845.jpg,NO_EXACT_MATCH,,,
val,00846.jpg,NO_EXACT_MATCH,,,
val,00847.jpg,NO_EXACT_MATCH,,,
val,00848.jpg,NO_EXACT_MATCH,,,
val,00849.jpg,NO_EXACT_MATCH,,,
val,00850.jpg,NO_EXACT_MATCH,,,
val,00851.jpg,NO_EXACT_MATCH,,,
val,00852.jpg,NO_EXACT_MATCH,,,
val,00853.jpg,NO_EXACT_MATCH,,,
val,00854.jpg,NO_EXACT_MATCH,,,
val,00855.jpg,NO_EXACT_MATCH,,,
val,00856.jpg,NO_EXACT_MATCH,,,
val,00857.jpg,NO_EXACT_MATCH,,,
val,00858.jpg,NO_EXACT_MATCH,,,
val,00859.jpg,NO_EXACT_MATCH,,,
val,00860.jpg,NO_EXACT_MATCH,,,
val,00861.jpg,NO_EXACT_MATCH,,,
val,00862.jpg,NO_EXACT_MATCH,,,
val,00863.jpg,NO_EXACT_MATCH,,,
val,00864.jpg,NO_EXACT_MATCH,,,
val,00865.jpg,NO_EXACT_MATCH,,,
val,00866.jpg,NO_EXACT_MATCH,,,
val,00867.jpg,NO_EXACT_MATCH,,,
val,00868.jpg,NO_EXACT_MATCH,,,
val,00869.jpg,NO_EXACT_MATCH,,,
val,00870.jpg,NO_EXACT_MATCH,,,
val,00871.jpg,NO_EXACT_MATCH,,,
val,00872.jpg,NO_EXACT_MATCH,,,
val,00873.jpg,NO_EXACT_MATCH,,,
val,00874.jpg,NO_EXACT_MATCH,,,
val,00875.jpg,NO_EXACT_MATCH,,,
val,00876.jpg,NO_EXACT_MATCH,,,
val,00877.jpg,NO_EXACT_MATCH,,,
val,00878.jpg,NO_EXACT_MATCH,,,
val,00879.jpg,NO_EXACT_MATCH,,,
val,00880.jpg,NO_EXACT_MATCH,,,
val,00881.jpg,NO_EXACT_MATCH,,,
val,00882.jpg,NO_EXACT_MATCH,,,
val,00883.jpg,NO_EXACT_MATCH,,,
val,00884.jpg,NO_EXACT_MATCH,,,
val,00885.jpg,NO_EXACT_MATCH,,,
val,00886.jpg,NO_EXACT_MATCH,,,
val,00887.jpg,NO_EXACT_MATCH,,,
val,00888.jpg,NO_EXACT_MATCH,,,
val,00889.jpg,NO_EXACT_MATCH,,,
val,00890.jpg,NO_EXACT_MATCH,,,
val,00891.jpg,NO_EXACT_MATCH,,,
val,00892.jpg,NO_EXACT_MATCH,,,
val,00893.jpg,NO_EXACT_MATCH,,,
val,00894.jpg,NO_EXACT_MATCH,,,
val,00895.jpg,NO_EXACT_MATCH,,,
val,00896.jpg,NO_EXACT_MATCH,,,
val,00897.jpg,NO_EXACT_MATCH,,,
val,00898.jpg,NO_EXACT_MATCH,,,
val,00899.jpg,NO_EXACT_MATCH,,,
val,00900.jpg,NO_EXACT_MATCH,,,
val,00901.jpg,NO_EXACT_MATCH,,,
val,00902.jpg,NO_EXACT_MATCH,,,
val,00903.jpg,NO_EXACT_MATCH,,,
val,00904.jpg,NO_EXACT_MATCH,,,
val,00905.jpg,NO_EXACT_MATCH,,,
val,00906.jpg,NO_EXACT_MATCH,,,
val,00907.jpg,NO_EXACT_MATCH,,,
val,00908.jpg,NO_EXACT_MATCH,,,
val,00909.jpg,NO_EXACT_MATCH,,,
val,00910.jpg,NO_EXACT_MATCH,,,
val,00911.jpg,NO_EXACT_MATCH,,,
val,00912.jpg,NO_EXACT_MATCH,,,
val,00913.jpg,NO_EXACT_MATCH,,,
val,00914.jpg,NO_EXACT_MATCH,,,
val,00915.jpg,NO_EXACT_MATCH,,,
val,00916.jpg,NO_EXACT_MATCH,,,
val,00917.jpg,NO_EXACT_MATCH,,,
val,00918.jpg,NO_EXACT_MATCH,,,
val,00919.jpg,NO_EXACT_MATCH,,,
val,00920.jpg,NO_EXACT_MATCH,,,
val,00921.jpg,NO_EXACT_MATCH,,,
val,00922.jpg,NO_EXACT_MATCH,,,
val,00923.jpg,NO_EXACT_MATCH,,,
val,00924.jpg,NO_EXACT_MATCH,,,
val,00925.jpg,NO_EXACT_MATCH,,,
val,00926.jpg,NO_EXACT_MATCH,,,
val,00927.jpg,NO_EXACT_MATCH,,,
val,00928.jpg,NO_EXACT_MATCH,,,
val,00929.jpg,NO_EXACT_MATCH,,,
val,00930.jpg,NO_EXACT_MATCH,,,
val,00931.jpg,NO_EXACT_MATCH,,,
val,00932.jpg,NO_EXACT_MATCH,,,
val,00933.jpg,NO_EXACT_MATCH,,,
val,00934.jpg,NO_EXACT_MATCH,,,
val,00935.jpg,NO_EXACT_MATCH,,,
val,00936.jpg,NO_EXACT_MATCH,,,
val,00937.jpg,NO_EXACT_MATCH,,,
val,00938.jpg,NO_EXACT_MATCH,,,
val,00939.jpg,NO_EXACT_MATCH,,,
val,00940.jpg,NO_EXACT_MATCH,,,
val,00941.jpg,NO_EXACT_MATCH,,,
val,00942.jpg,NO_EXACT_MATCH,,,
val,00943.jpg,NO_EXACT_MATCH,,,
val,00944.jpg,NO_EXACT_MATCH,,,
val,00945.jpg,NO_EXACT_MATCH,,,
val,00946.jpg,NO_EXACT_MATCH,,,
val,00947.jpg,NO_EXACT_MATCH,,,
val,00948.jpg,NO_EXACT_MATCH,,,
val,00949.jpg,NO_EXACT_MATCH,,,
val,00950.jpg,NO_EXACT_MATCH,,,
val,00951.jpg,NO_EXACT_MATCH,,,
val,00952.jpg,NO_EXACT_MATCH,,,
val,00953.jpg,NO_EXACT_MATCH,,,
val,00954.jpg,NO_EXACT_MATCH,,,
val,00955.jpg,NO_EXACT_MATCH,,,
val,00956.jpg,NO_EXACT_MATCH,,,
val,00957.jpg,NO_EXACT_MATCH,,,
val,00958.jpg,NO_EXACT_MATCH,,,
val,00959.jpg,NO_EXACT_MATCH,,,
val,00960.jpg,NO_EXACT_MATCH,,,
val,00961.jpg,NO_EXACT_MATCH,,,
val,00962.jpg,NO_EXACT_MATCH,,,
val,00963.jpg,NO_EXACT_MATCH,,,
val,00964.jpg,NO_EXACT_MATCH,,,
val,00965.jpg,NO_EXACT_MATCH,,,
val,00966.jpg,NO_EXACT_MATCH,,,
val,00967.jpg,NO_EXACT_MATCH,,,
val,00968.jpg,NO_EXACT_MATCH,,,
val,00969.jpg,NO_EXACT_MATCH,,,
val,00970.jpg,NO_EXACT_MATCH,,,
val,00971.jpg,NO_EXACT_MATCH,,,
val,00972.jpg,NO_EXACT_MATCH,,,
val,00973.jpg,NO_EXACT_MATCH,,,
val,00974.jpg,NO_EXACT_MATCH,,,
val,00975.jpg,NO_EXACT_MATCH,,,
val,00976.jpg,NO_EXACT_MATCH,,,
val,00977.jpg,NO_EXACT_MATCH,,,
val,00978.jpg,NO_EXACT_MATCH,,,
val,00979.jpg,NO_EXACT_MATCH,,,
val,00980.jpg,NO_EXACT_MATCH,,,
val,00981.jpg,NO_EXACT_MATCH,,,
val,00982.jpg,NO_EXACT_MATCH,,,
val,00983.jpg,NO_EXACT_MATCH,,,
val,00984.jpg,NO_EXACT_MATCH,,,
val,00985.jpg,NO_EXACT_MATCH,,,
val,00986.jpg,NO_EXACT_MATCH,,,
val,00987.jpg,NO_EXACT_MATCH,,,
val,00988.jpg,NO_EXACT_MATCH,,,
val,00989.jpg,NO_EXACT_MATCH,,,
val,00990.jpg,NO_EXACT_MATCH,,,
val,00991.jpg,NO_EXACT_MATCH,,,
val,00992.jpg,NO_EXACT_MATCH,,,
val,00993.jpg,NO_EXACT_MATCH,,,
val,00994.jpg,NO_EXACT_MATCH,,,
val,00995.jpg,NO_EXACT_MATCH,,,
val,00996.jpg,NO_EXACT_MATCH,,,
val,00997.jpg,NO_EXACT_MATCH,,,
val,00998.jpg,NO_EXACT_MATCH,,,
val,00999.jpg,NO_EXACT_MATCH,,,
val,01000.jpg,NO_EXACT_MATCH,,,
val,01001.jpg,NO_EXACT_MATCH,,,
val,01002.jpg,NO_EXACT_MATCH,,,
val,01003.jpg,NO_EXACT_MATCH,,,
val,01004.jpg,NO_EXACT_MATCH,,,
val,01005.jpg,NO_EXACT_MATCH,,,
val,01006.jpg,NO_EXACT_MATCH,,,
val,01007.jpg,NO_EXACT_MATCH,,,
val,01008.jpg,NO_EXACT_MATCH,,,
val,01009.jpg,NO_EXACT_MATCH,,,
val,01010.jpg,NO_EXACT_MATCH,,,
val,01011.jpg,NO_EXACT_MATCH,,,
val,01012.jpg,NO_EXACT_MATCH,,,
val,01013.jpg,NO_EXACT_MATCH,,,
val,01014.jpg,NO_EXACT_MATCH,,,
val,01015.jpg,NO_EXACT_MATCH,,,
val,01016.jpg,NO_EXACT_MATCH,,,
val,01017.jpg,NO_EXACT_MATCH,,,
val,01018.jpg,NO_EXACT_MATCH,,,
val,01019.jpg,NO_EXACT_MATCH,,,
val,01020.jpg,NO_EXACT_MATCH,,,
val,01021.jpg,NO_EXACT_MATCH,,,
val,01022.jpg,NO_EXACT_MATCH,,,
val,01023.jpg,NO_EXACT_MATCH,,,
val,01024.jpg,NO_EXACT_MATCH,,,
val,01025.jpg,NO_EXACT_MATCH,,,
val,01026.jpg,NO_EXACT_MATCH,,,
val,01027.jpg,NO_EXACT_MATCH,,,
val,01028.jpg,NO_EXACT_MATCH,,,
val,01029.jpg,NO_EXACT_MATCH,,,
val,01030.jpg,NO_EXACT_MATCH,,,
val,01031.jpg,NO_EXACT_MATCH,,,
val,01032.jpg,NO_EXACT_MATCH,,,
val,01033.jpg,NO_EXACT_MATCH,,,
val,01034.jpg,NO_EXACT_MATCH,,,
val,01035.jpg,NO_EXACT_MATCH,,,
val,01036.jpg,NO_EXACT_MATCH,,,
val,01037.jpg,NO_EXACT_MATCH,,,
val,01038.jpg,NO_EXACT_MATCH,,,
val,01039.jpg,NO_EXACT_MATCH,,,
val,01040.jpg,NO_EXACT_MATCH,,,
val,01041.jpg,NO_EXACT_MATCH,,,
val,01042.jpg,NO_EXACT_MATCH,,,
val,01043.jpg,NO_EXACT_MATCH,,,
val,01044.jpg,NO_EXACT_MATCH,,,
val,01045.jpg,NO_EXACT_MATCH,,,
val,01046.jpg,NO_EXACT_MATCH,,,
val,01047.jpg,NO_EXACT_MATCH,,,
val,01048.jpg,NO_EXACT_MATCH,,,
val,01049.jpg,NO_EXACT_MATCH,,,
val,01050.jpg,NO_EXACT_MATCH,,,
val,01051.jpg,NO_EXACT_MATCH,,,
val,01052.jpg,NO_EXACT_MATCH,,,
val,01053.jpg,NO_EXACT_MATCH,,,
val,01054.jpg,NO_EXACT_MATCH,,,
val,01055.jpg,NO_EXACT_MATCH,,,
val,01056.jpg,NO_EXACT_MATCH,,,
val,01057.jpg,NO_EXACT_MATCH,,,
val,01058.jpg,NO_EXACT_MATCH,,,
val,01059.jpg,NO_EXACT_MATCH,,,
val,01060.jpg,NO_EXACT_MATCH,,,
val,01061.jpg,NO_EXACT_MATCH,,,
val,01062.jpg,NO_EXACT_MATCH,,,
val,01063.jpg,NO_EXACT_MATCH,,,
val,01064.jpg,NO_EXACT_MATCH,,,
val,01065.jpg,NO_EXACT_MATCH,,,
val,01066.jpg,NO_EXACT_MATCH,,,
val,01067.jpg,NO_EXACT_MATCH,,,
val,01068.jpg,NO_EXACT_MATCH,,,
val,01069.jpg,NO_EXACT_MATCH,,,
val,01070.jpg,NO_EXACT_MATCH,,,
val,01071.jpg,NO_EXACT_MATCH,,,
val,01072.jpg,NO_EXACT_MATCH,,,
val,01073.jpg,NO_EXACT_MATCH,,,
val,01074.jpg,NO_EXACT_MATCH,,,
val,01075.jpg,NO_EXACT_MATCH,,,
val,01076.jpg,NO_EXACT_MATCH,,,
val,01077.jpg,NO_EXACT_MATCH,,,
val,01078.jpg,NO_EXACT_MATCH,,,
val,01079.jpg,NO_EXACT_MATCH,,,
val,01080.jpg,NO_EXACT_MATCH,,,
val,01081.jpg,NO_EXACT_MATCH,,,
val,01082.jpg,NO_EXACT_MATCH,,,
val,01083.jpg,NO_EXACT_MATCH,,,
val,01084.jpg,NO_EXACT_MATCH,,,
val,01085.jpg,NO_EXACT_MATCH,,,
val,01086.jpg,NO_EXACT_MATCH,,,
val,01087.jpg,NO_EXACT_MATCH,,,
val,01088.jpg,NO_EXACT_MATCH,,,
val,01089.jpg,NO_EXACT_MATCH,,,
val,01090.jpg,NO_EXACT_MATCH,,,
val,01091.jpg,NO_EXACT_MATCH,,,
val,01092.jpg,NO_EXACT_MATCH,,,
val,01093.jpg,NO_EXACT_MATCH,,,
val,01094.jpg,NO_EXACT_MATCH,,,
val,01095.jpg,NO_EXACT_MATCH,,,
val,01096.jpg,NO_EXACT_MATCH,,,
val,01097.jpg,NO_EXACT_MATCH,,,
val,01098.jpg,NO_EXACT_MATCH,,,
val,01099.jpg,NO_EXACT_MATCH,,,
val,01100.jpg,NO_EXACT_MATCH,,,
val,01101.jpg,NO_EXACT_MATCH,,,
val,01102.jpg,NO_EXACT_MATCH,,,
val,01103.jpg,NO_EXACT_MATCH,,,
val,01104.jpg,NO_EXACT_MATCH,,,
val,01105.jpg,NO_EXACT_MATCH,,,
val,01106.jpg,NO_EXACT_MATCH,,,
val,01107.jpg,NO_EXACT_MATCH,,,
val,01108.jpg,NO_EXACT_MATCH,,,
val,01109.jpg,NO_EXACT_MATCH,,,
val,01110.jpg,NO_EXACT_MATCH,,,
val,01111.jpg,NO_EXACT_MATCH,,,
val,01112.jpg,NO_EXACT_MATCH,,,
val,01113.jpg,NO_EXACT_MATCH,,,
val,01114.jpg,NO_EXACT_MATCH,,,
val,01115.jpg,NO_EXACT_MATCH,,,
val,01116.jpg,NO_EXACT_MATCH,,,
val,01117.jpg,NO_EXACT_MATCH,,,
val,01118.jpg,NO_EXACT_MATCH,,,
val,01119.jpg,NO_EXACT_MATCH,,,
val,01120.jpg,NO_EXACT_MATCH,,,
val,01121.jpg,NO_EXACT_MATCH,,,
val,01122.jpg,NO_EXACT_MATCH,,,
val,01123.jpg,NO_EXACT_MATCH,,,
val,01124.jpg,NO_EXACT_MATCH,,,
val,01125.jpg,NO_EXACT_MATCH,,,
val,01126.jpg,NO_EXACT_MATCH,,,
val,01127.jpg,NO_EXACT_MATCH,,,
val,01128.jpg,NO_EXACT_MATCH,,,
val,01129.jpg,NO_EXACT_MATCH,,,
val,01130.jpg,NO_EXACT_MATCH,,,
val,01131.jpg,NO_EXACT_MATCH,,,
val,01132.jpg,NO_EXACT_MATCH,,,
val,01133.jpg,NO_EXACT_MATCH,,,
val,01134.jpg,NO_EXACT_MATCH,,,
val,01135.jpg,NO_EXACT_MATCH,,,
val,01136.jpg,NO_EXACT_MATCH,,,
val,01137.jpg,NO_EXACT_MATCH,,,
val,01138.jpg,NO_EXACT_MATCH,,,
val,01139.jpg,NO_EXACT_MATCH,,,
val,01140.jpg,NO_EXACT_MATCH,,,
val,01141.jpg,NO_EXACT_MATCH,,,
val,01142.jpg,NO_EXACT_MATCH,,,
val,01143.jpg,NO_EXACT_MATCH,,,
val,01144.jpg,NO_EXACT_MATCH,,,
val,01145.jpg,NO_EXACT_MATCH,,,
val,01146.jpg,NO_EXACT_MATCH,,,
val,01147.jpg,NO_EXACT_MATCH,,,
val,01148.jpg,NO_EXACT_MATCH,,,
val,01149.jpg,NO_EXACT_MATCH,,,
val,01150.jpg,NO_EXACT_MATCH,,,
val,01151.jpg,NO_EXACT_MATCH,,,
val,01152.jpg,NO_EXACT_MATCH,,,
val,01153.jpg,NO_EXACT_MATCH,,,
val,01154.jpg,NO_EXACT_MATCH,,,
val,01155.jpg,NO_EXACT_MATCH,,,
val,01156.jpg,NO_EXACT_MATCH,,,
val,01157.jpg,NO_EXACT_MATCH,,,
val,01158.jpg,NO_EXACT_MATCH,,,
val,01159.jpg,NO_EXACT_MATCH,,,
val,01160.jpg,NO_EXACT_MATCH,,,
val,01161.jpg,NO_EXACT_MATCH,,,
val,01162.jpg,NO_EXACT_MATCH,,,
val,01163.jpg,NO_EXACT_MATCH,,,
val,01164.jpg,NO_EXACT_MATCH,,,
val,01165.jpg,NO_EXACT_MATCH,,,
val,01166.jpg,NO_EXACT_MATCH,,,
val,01167.jpg,NO_EXACT_MATCH,,,
val,01168.jpg,NO_EXACT_MATCH,,,
val,01169.jpg,NO_EXACT_MATCH,,,
val,01170.jpg,NO_EXACT_MATCH,,,
val,01171.jpg,NO_EXACT_MATCH,,,
val,01172.jpg,NO_EXACT_MATCH,,,
val,01173.jpg,NO_EXACT_MATCH,,,
val,01174.jpg,NO_EXACT_MATCH,,,
val,01175.jpg,NO_EXACT_MATCH,,,
val,01176.jpg,NO_EXACT_MATCH,,,
val,01177.jpg,NO_EXACT_MATCH,,,
val,01178.jpg,NO_EXACT_MATCH,,,
val,01179.jpg,NO_EXACT_MATCH,,,
val,01180.jpg,NO_EXACT_MATCH,,,
val,01181.jpg,NO_EXACT_MATCH,,,
val,01182.jpg,NO_EXACT_MATCH,,,
val,01183.jpg,NO_EXACT_MATCH,,,
val,01184.jpg,NO_EXACT_MATCH,,,
val,01185.jpg,NO_EXACT_MATCH,,,
val,01186.jpg,NO_EXACT_MATCH,,,
val,01187.jpg,NO_EXACT_MATCH,,,
val,01188.jpg,NO_EXACT_MATCH,,,
val,01189.jpg,NO_EXACT_MATCH,,,
val,01190.jpg,NO_EXACT_MATCH,,,
val,01191.jpg,NO_EXACT_MATCH,,,
val,01192.jpg,NO_EXACT_MATCH,,,
val,01193.jpg,NO_EXACT_MATCH,,,
val,01194.jpg,NO_EXACT_MATCH,,,
val,01195.jpg,NO_EXACT_MATCH,,,
val,01196.jpg,NO_EXACT_MATCH,,,
val,01197.jpg,NO_EXACT_MATCH,,,
val,01198.jpg,NO_EXACT_MATCH,,,
val,01199.jpg,NO_EXACT_MATCH,,,
val,01200.jpg,NO_EXACT_MATCH,,,
val,01201.jpg,NO_EXACT_MATCH,,,
val,01202.jpg,NO_EXACT_MATCH,,,
val,01203.jpg,NO_EXACT_MATCH,,,
val,01204.jpg,NO_EXACT_MATCH,,,
val,01205.jpg,NO_EXACT_MATCH,,,
val,01206.jpg,NO_EXACT_MATCH,,,
val,01207.jpg,NO_EXACT_MATCH,,,
val,01208.jpg,NO_EXACT_MATCH,,,
val,01209.jpg,NO_EXACT_MATCH,,,
val,01210.jpg,NO_EXACT_MATCH,,,
val,01211.jpg,NO_EXACT_MATCH,,,
val,01212.jpg,NO_EXACT_MATCH,,,
val,01213.jpg,NO_EXACT_MATCH,,,
val,01214.jpg,NO_EXACT_MATCH,,,
val,01215.jpg,NO_EXACT_MATCH,,,
val,01216.jpg,NO_EXACT_MATCH,,,
val,01217.jpg,NO_EXACT_MATCH,,,
val,01218.jpg,NO_EXACT_MATCH,,,
val,01219.jpg,NO_EXACT_MATCH,,,
val,01220.jpg,NO_EXACT_MATCH,,,
val,01221.jpg,NO_EXACT_MATCH,,,
val,01222.jpg,NO_EXACT_MATCH,,,
val,01223.jpg,NO_EXACT_MATCH,,,
val,01224.jpg,NO_EXACT_MATCH,,,
val,01225.jpg,NO_EXACT_MATCH,,,
val,01226.jpg,NO_EXACT_MATCH,,,
val,01227.jpg,NO_EXACT_MATCH,,,
val,01228.jpg,NO_EXACT_MATCH,,,
val,01229.jpg,NO_EXACT_MATCH,,,
val,01230.jpg,NO_EXACT_MATCH,,,
val,01231.jpg,NO_EXACT_MATCH,,,
val,01232.jpg,NO_EXACT_MATCH,,,
val,01233.jpg,NO_EXACT_MATCH,,,
val,01234.jpg,NO_EXACT_MATCH,,,
val,01235.jpg,NO_EXACT_MATCH,,,
val,01236.jpg,NO_EXACT_MATCH,,,
val,01237.jpg,NO_EXACT_MATCH,,,
val,01238.jpg,NO_EXACT_MATCH,,,
val,01239.jpg,NO_EXACT_MATCH,,,
val,01240.jpg,NO_EXACT_MATCH,,,
val,01241.jpg,NO_EXACT_MATCH,,,
val,01242.jpg,NO_EXACT_MATCH,,,
val,01243.jpg,NO_EXACT_MATCH,,,
val,01244.jpg,NO_EXACT_MATCH,,,
val,01245.jpg,NO_EXACT_MATCH,,,
val,01246.jpg,NO_EXACT_MATCH,,,
val,01247.jpg,NO_EXACT_MATCH,,,
val,01248.jpg,NO_EXACT_MATCH,,,
val,01249.jpg,NO_EXACT_MATCH,,,
val,01250.jpg,NO_EXACT_MATCH,,,
val,01251.jpg,NO_EXACT_MATCH,,,
val,01252.jpg,NO_EXACT_MATCH,,,
val,01253.jpg,NO_EXACT_MATCH,,,
val,01254.jpg,NO_EXACT_MATCH,,,
val,01255.jpg,NO_EXACT_MATCH,,,
val,01256.jpg,NO_EXACT_MATCH,,,
val,01257.jpg,NO_EXACT_MATCH,,,
val,01258.jpg,NO_EXACT_MATCH,,,
val,01259.jpg,NO_EXACT_MATCH,,,
val,01260.jpg,NO_EXACT_MATCH,,,
val,01261.jpg,NO_EXACT_MATCH,,,
val,01262.jpg,NO_EXACT_MATCH,,,
val,01263.jpg,NO_EXACT_MATCH,,,
val,01264.jpg,NO_EXACT_MATCH,,,
val,01265.jpg,NO_EXACT_MATCH,,,
val,01266.jpg,NO_EXACT_MATCH,,,
val,01267.jpg,NO_EXACT_MATCH,,,
val,01268.jpg,NO_EXACT_MATCH,,,
val,01269.jpg,NO_EXACT_MATCH,,,
val,01270.jpg,NO_EXACT_MATCH,,,
val,01271.jpg,NO_EXACT_MATCH,,,
val,01272.jpg,NO_EXACT_MATCH,,,
val,01273.jpg,NO_EXACT_MATCH,,,
val,01274.jpg,NO_EXACT_MATCH,,,
val,01275.jpg,NO_EXACT_MATCH,,,
val,01276.jpg,NO_EXACT_MATCH,,,
val,01277.jpg,NO_EXACT_MATCH,,,
val,01278.jpg,NO_EXACT_MATCH,,,
val,01279.jpg,NO_EXACT_MATCH,,,
val,01280.jpg,NO_EXACT_MATCH,,,
val,01281.jpg,NO_EXACT_MATCH,,,
val,01282.jpg,NO_EXACT_MATCH,,,
val,01283.jpg,NO_EXACT_MATCH,,,
val,01284.jpg,NO_EXACT_MATCH,,,
val,01285.jpg,NO_EXACT_MATCH,,,
val,01286.jpg,NO_EXACT_MATCH,,,
val,01287.jpg,NO_EXACT_MATCH,,,
val,01288.jpg,NO_EXACT_MATCH,,,
val,01289.jpg,NO_EXACT_MATCH,,,
val,01290.jpg,NO_EXACT_MATCH,,,
val,01291.jpg,NO_EXACT_MATCH,,,
val,01292.jpg,NO_EXACT_MATCH,,,
val,01293.jpg,NO_EXACT_MATCH,,,
val,01294.jpg,NO_EXACT_MATCH,,,
val,01295.jpg,NO_EXACT_MATCH,,,
val,01296.jpg,NO_EXACT_MATCH,,,
val,01297.jpg,NO_EXACT_MATCH,,,
val,01298.jpg,NO_EXACT_MATCH,,,
val,01299.jpg,NO_EXACT_MATCH,,,
val,01300.jpg,NO_EXACT_MATCH,,,
val,01301.jpg,NO_EXACT_MATCH,,,
val,01302.jpg,NO_EXACT_MATCH,,,
val,01303.jpg,NO_EXACT_MATCH,,,
val,01304.jpg,NO_EXACT_MATCH,,,
val,01305.jpg,NO_EXACT_MATCH,,,
val,01306.jpg,NO_EXACT_MATCH,,,
val,01307.jpg,NO_EXACT_MATCH,,,
val,01308.jpg,NO_EXACT_MATCH,,,
val,01309.jpg,NO_EXACT_MATCH,,,
val,01310.jpg,NO_EXACT_MATCH,,,
val,01311.jpg,NO_EXACT_MATCH,,,
val,01312.jpg,NO_EXACT_MATCH,,,
val,01313.jpg,NO_EXACT_MATCH,,,
val,01314.jpg,NO_EXACT_MATCH,,,
val,01315.jpg,NO_EXACT_MATCH,,,
val,01316.jpg,NO_EXACT_MATCH,,,
val,01317.jpg,NO_EXACT_MATCH,,,
val,01318.jpg,NO_EXACT_MATCH,,,
val,01319.jpg,NO_EXACT_MATCH,,,
val,01320.jpg,NO_EXACT_MATCH,,,
val,01321.jpg,NO_EXACT_MATCH,,,
val,01322.jpg,NO_EXACT_MATCH,,,
val,01323.jpg,NO_EXACT_MATCH,,,
val,01324.jpg,NO_EXACT_MATCH,,,
val,01325.jpg,NO_EXACT_MATCH,,,
val,01326.jpg,NO_EXACT_MATCH,,,
val,01327.jpg,NO_EXACT_MATCH,,,
val,01328.jpg,NO_EXACT_MATCH,,,
val,01329.jpg,NO_EXACT_MATCH,,,
val,01330.jpg,NO_EXACT_MATCH,,,
val,01331.jpg,NO_EXACT_MATCH,,,
val,01332.jpg,NO_EXACT_MATCH,,,
val,01333.jpg,NO_EXACT_MATCH,,,
val,01334.jpg,NO_EXACT_MATCH,,,
val,01335.jpg,NO_EXACT_MATCH,,,
val,01336.jpg,NO_EXACT_MATCH,,,
val,01337.jpg,NO_EXACT_MATCH,,,
val,01338.jpg,NO_EXACT_MATCH,,,
val,01339.jpg,NO_EXACT_MATCH,,,
val,01340.jpg,NO_EXACT_MATCH,,,
val,01341.jpg,NO_EXACT_MATCH,,,
val,01342.jpg,NO_EXACT_MATCH,,,
val,01343.jpg,NO_EXACT_MATCH,,,
val,01344.jpg,NO_EXACT_MATCH,,,
val,01345.jpg,NO_EXACT_MATCH,,,
val,01346.jpg,NO_EXACT_MATCH,,,
val,01347.jpg,NO_EXACT_MATCH,,,
val,01348.jpg,NO_EXACT_MATCH,,,
val,01349.jpg,NO_EXACT_MATCH,,,
val,01350.jpg,NO_EXACT_MATCH,,,
val,01351.jpg,NO_EXACT_MATCH,,,
val,01352.jpg,NO_EXACT_MATCH,,,
val,01353.jpg,NO_EXACT_MATCH,,,
val,01354.jpg,NO_EXACT_MATCH,,,
val,01355.jpg,NO_EXACT_MATCH,,,
val,01356.jpg,NO_EXACT_MATCH,,,
val,01357.jpg,NO_EXACT_MATCH,,,
val,01358.jpg,NO_EXACT_MATCH,,,
val,01359.jpg,NO_EXACT_MATCH,,,
val,01360.jpg,NO_EXACT_MATCH,,,
val,01361.jpg,NO_EXACT_MATCH,,,
val,01362.jpg,NO_EXACT_MATCH,,,
val,01363.jpg,NO_EXACT_MATCH,,,
val,01364.jpg,NO_EXACT_MATCH,,,
val,01365.jpg,NO_EXACT_MATCH,,,
val,01366.jpg,NO_EXACT_MATCH,,,
val,01367.jpg,NO_EXACT_MATCH,,,
val,01368.jpg,NO_EXACT_MATCH,,,
val,01369.jpg,NO_EXACT_MATCH,,,
val,01370.jpg,NO_EXACT_MATCH,,,
val,01371.jpg,NO_EXACT_MATCH,,,
val,01372.jpg,NO_EXACT_MATCH,,,
val,01373.jpg,NO_EXACT_MATCH,,,
val,01374.jpg,NO_EXACT_MATCH,,,
val,01375.jpg,NO_EXACT_MATCH,,,
val,01376.jpg,NO_EXACT_MATCH,,,
val,01377.jpg,NO_EXACT_MATCH,,,
val,01378.jpg,NO_EXACT_MATCH,,,
val,01379.jpg,NO_EXACT_MATCH,,,
val,01380.jpg,NO_EXACT_MATCH,,,
val,01381.jpg,NO_EXACT_MATCH,,,
val,01382.jpg,NO_EXACT_MATCH,,,
val,01383.jpg,NO_EXACT_MATCH,,,
val,01384.jpg,NO_EXACT_MATCH,,,
val,01385.jpg,NO_EXACT_MATCH,,,
val,01386.jpg,NO_EXACT_MATCH,,,
val,01387.jpg,NO_EXACT_MATCH,,,
val,01388.jpg,NO_EXACT_MATCH,,,
val,01389.jpg,NO_EXACT_MATCH,,,
val,01390.jpg,NO_EXACT_MATCH,,,
val,01391.jpg,NO_EXACT_MATCH,,,
val,01392.jpg,NO_EXACT_MATCH,,,
val,01393.jpg,NO_EXACT_MATCH,,,
val,01394.jpg,NO_EXACT_MATCH,,,
val,01395.jpg,NO_EXACT_MATCH,,,
val,01396.jpg,NO_EXACT_MATCH,,,
val,01397.jpg,NO_EXACT_MATCH,,,
val,01398.jpg,NO_EXACT_MATCH,,,
val,01399.jpg,NO_EXACT_MATCH,,,
val,01400.jpg,NO_EXACT_MATCH,,,
val,01401.jpg,NO_EXACT_MATCH,,,
val,01402.jpg,NO_EXACT_MATCH,,,
val,01403.jpg,NO_EXACT_MATCH,,,
val,01404.jpg,NO_EXACT_MATCH,,,
val,01405.jpg,NO_EXACT_MATCH,,,
val,01406.jpg,NO_EXACT_MATCH,,,
val,01407.jpg,NO_EXACT_MATCH,,,
val,01408.jpg,NO_EXACT_MATCH,,,
val,01409.jpg,NO_EXACT_MATCH,,,
val,01410.jpg,NO_EXACT_MATCH,,,
val,01411.jpg,NO_EXACT_MATCH,,,
val,01412.jpg,NO_EXACT_MATCH,,,
val,01413.jpg,NO_EXACT_MATCH,,,
val,01414.jpg,NO_EXACT_MATCH,,,
val,01415.jpg,NO_EXACT_MATCH,,,
val,01416.jpg,NO_EXACT_MATCH,,,
val,01417.jpg,NO_EXACT_MATCH,,,
val,01418.jpg,NO_EXACT_MATCH,,,
val,01419.jpg,NO_EXACT_MATCH,,,
val,01420.jpg,NO_EXACT_MATCH,,,
val,01421.jpg,NO_EXACT_MATCH,,,
val,01422.jpg,NO_EXACT_MATCH,,,
val,01423.jpg,NO_EXACT_MATCH,,,
val,01424.jpg,NO_EXACT_MATCH,,,
val,01425.jpg,NO_EXACT_MATCH,,,
val,01426.jpg,NO_EXACT_MATCH,,,
val,01427.jpg,NO_EXACT_MATCH,,,
val,01428.jpg,NO_EXACT_MATCH,,,
val,01429.jpg,NO_EXACT_MATCH,,,
val,01430.jpg,NO_EXACT_MATCH,,,
val,01431.jpg,NO_EXACT_MATCH,,,
val,01432.jpg,NO_EXACT_MATCH,,,
val,01433.jpg,NO_EXACT_MATCH,,,
val,01434.jpg,NO_EXACT_MATCH,,,
val,01435.jpg,NO_EXACT_MATCH,,,
val,01436.jpg,NO_EXACT_MATCH,,,
val,01437.jpg,NO_EXACT_MATCH,,,
val,01438.jpg,NO_EXACT_MATCH,,,
val,01439.jpg,NO_EXACT_MATCH,,,
val,01440.jpg,NO_EXACT_MATCH,,,
val,01441.jpg,NO_EXACT_MATCH,,,
val,01442.jpg,NO_EXACT_MATCH,,,
val,01443.jpg,NO_EXACT_MATCH,,,
val,01444.jpg,NO_EXACT_MATCH,,,
val,01445.jpg,NO_EXACT_MATCH,,,
val,01446.jpg,NO_EXACT_MATCH,,,
val,01447.jpg,NO_EXACT_MATCH,,,
val,01448.jpg,NO_EXACT_MATCH,,,
val,01449.jpg,NO_EXACT_MATCH,,,
val,01450.jpg,NO_EXACT_MATCH,,,
val,01451.jpg,NO_EXACT_MATCH,,,
val,01452.jpg,NO_EXACT_MATCH,,,
val,01453.jpg,NO_EXACT_MATCH,,,
val,01454.jpg,NO_EXACT_MATCH,,,
val,01455.jpg,NO_EXACT_MATCH,,,
val,01456.jpg,NO_EXACT_MATCH,,,
val,01457.jpg,NO_EXACT_MATCH,,,
val,01458.jpg,NO_EXACT_MATCH,,,
val,01459.jpg,NO_EXACT_MATCH,,,
val,01460.jpg,NO_EXACT_MATCH,,,
val,01461.jpg,NO_EXACT_MATCH,,,
val,01462.jpg,NO_EXACT_MATCH,,,
val,01463.jpg,NO_EXACT_MATCH,,,
val,01464.jpg,NO_EXACT_MATCH,,,
val,01465.jpg,NO_EXACT_MATCH,,,
val,01466.jpg,NO_EXACT_MATCH,,,
val,01467.jpg,NO_EXACT_MATCH,,,
val,01468.jpg,NO_EXACT_MATCH,,,
val,01469.jpg,NO_EXACT_MATCH,,,
val,01470.jpg,NO_EXACT_MATCH,,,
val,01471.jpg,NO_EXACT_MATCH,,,
val,01472.jpg,NO_EXACT_MATCH,,,
val,01473.jpg,NO_EXACT_MATCH,,,
val,01474.jpg,NO_EXACT_MATCH,,,
val,01475.jpg,NO_EXACT_MATCH,,,
val,01476.jpg,NO_EXACT_MATCH,,,
val,01477.jpg,NO_EXACT_MATCH,,,
val,01478.jpg,NO_EXACT_MATCH,,,
val,01479.jpg,NO_EXACT_MATCH,,,
val,01480.jpg,NO_EXACT_MATCH,,,
val,01481.jpg,NO_EXACT_MATCH,,,
val,01482.jpg,NO_EXACT_MATCH,,,
val,01483.jpg,NO_EXACT_MATCH,,,
val,01484.jpg,NO_EXACT_MATCH,,,
val,01485.jpg,NO_EXACT_MATCH,,,
val,01486.jpg,NO_EXACT_MATCH,,,
val,01487.jpg,NO_EXACT_MATCH,,,
val,01488.jpg,NO_EXACT_MATCH,,,
val,01489.jpg,NO_EXACT_MATCH,,,
val,01490.jpg,NO_EXACT_MATCH,,,
val,01491.jpg,NO_EXACT_MATCH,,,
val,01492.jpg,NO_EXACT_MATCH,,,
val,01493.jpg,NO_EXACT_MATCH,,,
val,01494.jpg,NO_EXACT_MATCH,,,
val,01495.jpg,NO_EXACT_MATCH,,,
val,01496.jpg,NO_EXACT_MATCH,,,
val,01497.jpg,NO_EXACT_MATCH,,,
val,01498.jpg,NO_EXACT_MATCH,,,
val,01499.jpg,NO_EXACT_MATCH,,,
val,01500.jpg,NO_EXACT_MATCH,,,
val,01501.jpg,NO_EXACT_MATCH,,,
val,01502.jpg,NO_EXACT_MATCH,,,
val,01503.jpg,NO_EXACT_MATCH,,,
val,01504.jpg,NO_EXACT_MATCH,,,
val,01505.jpg,NO_EXACT_MATCH,,,
val,01506.jpg,NO_EXACT_MATCH,,,
val,01507.jpg,NO_EXACT_MATCH,,,
val,01508.jpg,NO_EXACT_MATCH,,,
val,01509.jpg,NO_EXACT_MATCH,,,
val,01510.jpg,NO_EXACT_MATCH,,,
val,01511.jpg,NO_EXACT_MATCH,,,
val,01512.jpg,NO_EXACT_MATCH,,,
val,01513.jpg,NO_EXACT_MATCH,,,
val,01514.jpg,NO_EXACT_MATCH,,,
val,01515.jpg,NO_EXACT_MATCH,,,
val,01516.jpg,NO_EXACT_MATCH,,,
val,01517.jpg,NO_EXACT_MATCH,,,
val,01518.jpg,NO_EXACT_MATCH,,,
val,01519.jpg,NO_EXACT_MATCH,,,
val,01520.jpg,NO_EXACT_MATCH,,,
val,01521.jpg,NO_EXACT_MATCH,,,
val,01522.jpg,NO_EXACT_MATCH,,,
val,01523.jpg,NO_EXACT_MATCH,,,
val,01524.jpg,NO_EXACT_MATCH,,,
val,01525.jpg,NO_EXACT_MATCH,,,
val,01526.jpg,NO_EXACT_MATCH,,,
val,01527.jpg,NO_EXACT_MATCH,,,
val,01528.jpg,NO_EXACT_MATCH,,,
val,01529.jpg,NO_EXACT_MATCH,,,
val,01530.jpg,NO_EXACT_MATCH,,,
val,01531.jpg,NO_EXACT_MATCH,,,
val,01532.jpg,NO_EXACT_MATCH,,,
val,01533.jpg,NO_EXACT_MATCH,,,
val,01534.jpg,NO_EXACT_MATCH,,,
val,01535.jpg,NO_EXACT_MATCH,,,
val,01536.jpg,NO_EXACT_MATCH,,,
val,01537.jpg,NO_EXACT_MATCH,,,
val,01538.jpg,NO_EXACT_MATCH,,,
val,01539.jpg,NO_EXACT_MATCH,,,
val,01540.jpg,NO_EXACT_MATCH,,,
val,01541.jpg,NO_EXACT_MATCH,,,
val,01542.jpg,NO_EXACT_MATCH,,,
val,01543.jpg,NO_EXACT_MATCH,,,
val,01544.jpg,NO_EXACT_MATCH,,,
val,01545.jpg,NO_EXACT_MATCH,,,
val,01546.jpg,NO_EXACT_MATCH,,,
val,01547.jpg,NO_EXACT_MATCH,,,
val,01548.jpg,NO_EXACT_MATCH,,,
val,01549.jpg,NO_EXACT_MATCH,,,
val,01550.jpg,NO_EXACT_MATCH,,,
val,01551.jpg,NO_EXACT_MATCH,,,
val,01552.jpg,NO_EXACT_MATCH,,,
val,01553.jpg,NO_EXACT_MATCH,,,
val,01554.jpg,NO_EXACT_MATCH,,,
val,01555.jpg,NO_EXACT_MATCH,,,
val,01556.jpg,NO_EXACT_MATCH,,,
val,01557.jpg,NO_EXACT_MATCH,,,
val,01558.jpg,NO_EXACT_MATCH,,,
val,01559.jpg,NO_EXACT_MATCH,,,
val,01560.jpg,NO_EXACT_MATCH,,,
val,01561.jpg,NO_EXACT_MATCH,,,
val,01562.jpg,NO_EXACT_MATCH,,,
val,01563.jpg,NO_EXACT_MATCH,,,
val,01564.jpg,NO_EXACT_MATCH,,,
val,01565.jpg,NO_EXACT_MATCH,,,
val,01566.jpg,NO_EXACT_MATCH,,,
val,01567.jpg,NO_EXACT_MATCH,,,
val,01568.jpg,NO_EXACT_MATCH,,,
val,01569.jpg,NO_EXACT_MATCH,,,
val,01570.jpg,NO_EXACT_MATCH,,,
val,01571.jpg,NO_EXACT_MATCH,,,
val,01572.jpg,NO_EXACT_MATCH,,,
val,01573.jpg,NO_EXACT_MATCH,,,
val,01574.jpg,NO_EXACT_MATCH,,,
val,01575.jpg,NO_EXACT_MATCH,,,
val,01576.jpg,NO_EXACT_MATCH,,,
val,01577.jpg,NO_EXACT_MATCH,,,
val,01578.jpg,NO_EXACT_MATCH,,,
val,01579.jpg,NO_EXACT_MATCH,,,
val,01580.jpg,NO_EXACT_MATCH,,,
val,01581.jpg,NO_EXACT_MATCH,,,
val,01582.jpg,NO_EXACT_MATCH,,,
val,01583.jpg,NO_EXACT_MATCH,,,
val,01584.jpg,NO_EXACT_MATCH,,,
val,01585.jpg,NO_EXACT_MATCH,,,
val,01586.jpg,NO_EXACT_MATCH,,,
val,01587.jpg,NO_EXACT_MATCH,,,
val,01588.jpg,NO_EXACT_MATCH,,,
val,01589.jpg,NO_EXACT_MATCH,,,
val,01590.jpg,NO_EXACT_MATCH,,,
val,01591.jpg,NO_EXACT_MATCH,,,
val,01592.jpg,NO_EXACT_MATCH,,,
val,01593.jpg,NO_EXACT_MATCH,,,
val,01594.jpg,NO_EXACT_MATCH,,,
val,01595.jpg,NO_EXACT_MATCH,,,
val,01596.jpg,NO_EXACT_MATCH,,,
val,01597.jpg,NO_EXACT_MATCH,,,
val,01598.jpg,NO_EXACT_MATCH,,,
val,01599.jpg,NO_EXACT_MATCH,,,
val,01600.jpg,NO_EXACT_MATCH,,,
val,01601.jpg,NO_EXACT_MATCH,,,
val,01602.jpg,NO_EXACT_MATCH,,,
val,01603.jpg,NO_EXACT_MATCH,,,
val,01604.jpg,NO_EXACT_MATCH,,,
val,01605.jpg,NO_EXACT_MATCH,,,
val,01606.jpg,NO_EXACT_MATCH,,,
val,01607.jpg,NO_EXACT_MATCH,,,
val,01608.jpg,NO_EXACT_MATCH,,,
val,01609.jpg,NO_EXACT_MATCH,,,
val,01610.jpg,NO_EXACT_MATCH,,,
val,01611.jpg,NO_EXACT_MATCH,,,
val,01612.jpg,NO_EXACT_MATCH,,,
val,01613.jpg,NO_EXACT_MATCH,,,
val,01614.jpg,NO_EXACT_MATCH,,,
val,01615.jpg,NO_EXACT_MATCH,,,
val,01616.jpg,NO_EXACT_MATCH,,,
val,01617.jpg,NO_EXACT_MATCH,,,
val,01618.jpg,NO_EXACT_MATCH,,,
val,01619.jpg,NO_EXACT_MATCH,,,
val,01620.jpg,NO_EXACT_MATCH,,,
val,01621.jpg,NO_EXACT_MATCH,,,
val,01622.jpg,NO_EXACT_MATCH,,,
val,01623.jpg,NO_EXACT_MATCH,,,
val,01624.jpg,NO_EXACT_MATCH,,,
val,01625.jpg,NO_EXACT_MATCH,,,
val,01626.jpg,NO_EXACT_MATCH,,,
val,01627.jpg,NO_EXACT_MATCH,,,
val,01628.jpg,NO_EXACT_MATCH,,,
val,01629.jpg,NO_EXACT_MATCH,,,
val,01630.jpg,NO_EXACT_MATCH,,,
val,01631.jpg,NO_EXACT_MATCH,,,
val,01632.jpg,NO_EXACT_MATCH,,,
val,01633.jpg,NO_EXACT_MATCH,,,
val,01634.jpg,NO_EXACT_MATCH,,,
val,01635.jpg,NO_EXACT_MATCH,,,
val,01636.jpg,NO_EXACT_MATCH,,,
val,01637.jpg,NO_EXACT_MATCH,,,
val,01638.jpg,NO_EXACT_MATCH,,,
val,01639.jpg,NO_EXACT_MATCH,,,
val,01640.jpg,NO_EXACT_MATCH,,,
val,01641.jpg,NO_EXACT_MATCH,,,
val,01642.jpg,NO_EXACT_MATCH,,,
val,01643.jpg,NO_EXACT_MATCH,,,
val,01644.jpg,NO_EXACT_MATCH,,,
val,01645.jpg,NO_EXACT_MATCH,,,
val,01646.jpg,NO_EXACT_MATCH,,,
val,01647.jpg,NO_EXACT_MATCH,,,
val,01648.jpg,NO_EXACT_MATCH,,,
val,01649.jpg,NO_EXACT_MATCH,,,
val,01650.jpg,NO_EXACT_MATCH,,,
val,01651.jpg,NO_EXACT_MATCH,,,
val,01652.jpg,NO_EXACT_MATCH,,,
val,01653.jpg,NO_EXACT_MATCH,,,
val,01654.jpg,NO_EXACT_MATCH,,,
val,01655.jpg,NO_EXACT_MATCH,,,
val,01656.jpg,NO_EXACT_MATCH,,,
val,01657.jpg,NO_EXACT_MATCH,,,
val,01658.jpg,NO_EXACT_MATCH,,,
val,01659.jpg,NO_EXACT_MATCH,,,
val,01660.jpg,NO_EXACT_MATCH,,,
val,01661.jpg,NO_EXACT_MATCH,,,
val,01662.jpg,NO_EXACT_MATCH,,,
val,01663.jpg,NO_EXACT_MATCH,,,
val,01664.jpg,NO_EXACT_MATCH,,,
val,01665.jpg,NO_EXACT_MATCH,,,
val,01666.jpg,NO_EXACT_MATCH,,,
val,01667.jpg,NO_EXACT_MATCH,,,
val,01668.jpg,NO_EXACT_MATCH,,,
val,01669.jpg,NO_EXACT_MATCH,,,
val,01670.jpg,NO_EXACT_MATCH,,,
val,01671.jpg,NO_EXACT_MATCH,,,
val,01672.jpg,NO_EXACT_MATCH,,,
val,01673.jpg,NO_EXACT_MATCH,,,
val,01674.jpg,NO_EXACT_MATCH,,,
val,01675.jpg,NO_EXACT_MATCH,,,
val,01676.jpg,NO_EXACT_MATCH,,,
val,01677.jpg,NO_EXACT_MATCH,,,
val,01678.jpg,NO_EXACT_MATCH,,,
val,01679.jpg,NO_EXACT_MATCH,,,
val,01680.jpg,NO_EXACT_MATCH,,,
val,01681.jpg,NO_EXACT_MATCH,,,
val,01682.jpg,NO_EXACT_MATCH,,,
val,01683.jpg,NO_EXACT_MATCH,,,
val,01684.jpg,NO_EXACT_MATCH,,,
val,01685.jpg,NO_EXACT_MATCH,,,
val,01686.jpg,NO_EXACT_MATCH,,,
val,01687.jpg,NO_EXACT_MATCH,,,
val,01688.jpg,NO_EXACT_MATCH,,,
val,01689.jpg,NO_EXACT_MATCH,,,
val,01690.jpg,NO_EXACT_MATCH,,,
val,01691.jpg,NO_EXACT_MATCH,,,
val,01692.jpg,NO_EXACT_MATCH,,,
val,01693.jpg,NO_EXACT_MATCH,,,
val,01694.jpg,NO_EXACT_MATCH,,,
val,01695.jpg,NO_EXACT_MATCH,,,
val,01696.jpg,NO_EXACT_MATCH,,,
val,01697.jpg,NO_EXACT_MATCH,,,
val,01698.jpg,NO_EXACT_MATCH,,,
val,01699.jpg,NO_EXACT_MATCH,,,
val,01700.jpg,NO_EXACT_MATCH,,,
val,01701.jpg,NO_EXACT_MATCH,,,
val,01702.jpg,NO_EXACT_MATCH,,,
val,01703.jpg,NO_EXACT_MATCH,,,
val,01704.jpg,NO_EXACT_MATCH,,,
val,01705.jpg,NO_EXACT_MATCH,,,
val,01706.jpg,NO_EXACT_MATCH,,,
val,01707.jpg,NO_EXACT_MATCH,,,
val,01708.jpg,NO_EXACT_MATCH,,,
val,01709.jpg,NO_EXACT_MATCH,,,
val,01710.jpg,NO_EXACT_MATCH,,,
val,01711.jpg,NO_EXACT_MATCH,,,
val,01712.jpg,NO_EXACT_MATCH,,,
val,01713.jpg,NO_EXACT_MATCH,,,
val,01714.jpg,NO_EXACT_MATCH,,,
val,01715.jpg,NO_EXACT_MATCH,,,
val,01716.jpg,NO_EXACT_MATCH,,,
val,01717.jpg,NO_EXACT_MATCH,,,
val,01718.jpg,NO_EXACT_MATCH,,,
val,01719.jpg,NO_EXACT_MATCH,,,
val,01720.jpg,NO_EXACT_MATCH,,,
val,01721.jpg,NO_EXACT_MATCH,,,
val,01722.jpg,NO_EXACT_MATCH,,,
val,01723.jpg,NO_EXACT_MATCH,,,
val,01724.jpg,NO_EXACT_MATCH,,,
val,01725.jpg,NO_EXACT_MATCH,,,
val,01726.jpg,NO_EXACT_MATCH,,,
val,01727.jpg,NO_EXACT_MATCH,,,
val,01728.jpg,NO_EXACT_MATCH,,,
val,01729.jpg,NO_EXACT_MATCH,,,
val,01730.jpg,NO_EXACT_MATCH,,,
val,01731.jpg,NO_EXACT_MATCH,,,
val,01732.jpg,NO_EXACT_MATCH,,,
val,01733.jpg,NO_EXACT_MATCH,,,
val,01734.jpg,NO_EXACT_MATCH,,,
val,01735.jpg,NO_EXACT_MATCH,,,
val,01736.jpg,NO_EXACT_MATCH,,,
val,01737.jpg,NO_EXACT_MATCH,,,
val,01738.jpg,NO_EXACT_MATCH,,,
val,01739.jpg,NO_EXACT_MATCH,,,
val,01740.jpg,NO_EXACT_MATCH,,,
val,01741.jpg,NO_EXACT_MATCH,,,
val,01742.jpg,NO_EXACT_MATCH,,,
val,01743.jpg,NO_EXACT_MATCH,,,
val,01744.jpg,NO_EXACT_MATCH,,,
val,01745.jpg,NO_EXACT_MATCH,,,
val,01746.jpg,NO_EXACT_MATCH,,,
val,01747.jpg,NO_EXACT_MATCH,,,
val,01748.jpg,NO_EXACT_MATCH,,,
val,01749.jpg,NO_EXACT_MATCH,,,
val,01750.jpg,NO_EXACT_MATCH,,,
val,01751.jpg,NO_EXACT_MATCH,,,
val,01752.jpg,NO_EXACT_MATCH,,,
val,01753.jpg,NO_EXACT_MATCH,,,
val,01754.jpg,NO_EXACT_MATCH,,,
val,01755.jpg,NO_EXACT_MATCH,,,
val,01756.jpg,NO_EXACT_MATCH,,,
val,01757.jpg,NO_EXACT_MATCH,,,
val,01758.jpg,NO_EXACT_MATCH,,,
val,01759.jpg,NO_EXACT_MATCH,,,
val,01760.jpg,NO_EXACT_MATCH,,,
val,01761.jpg,NO_EXACT_MATCH,,,
val,01762.jpg,NO_EXACT_MATCH,,,
val,01763.jpg,NO_EXACT_MATCH,,,
val,01764.jpg,NO_EXACT_MATCH,,,
val,01765.jpg,NO_EXACT_MATCH,,,
val,01766.jpg,NO_EXACT_MATCH,,,
val,01767.jpg,NO_EXACT_MATCH,,,
val,01768.jpg,NO_EXACT_MATCH,,,
val,01769.jpg,NO_EXACT_MATCH,,,
val,01770.jpg,NO_EXACT_MATCH,,,
val,01771.jpg,NO_EXACT_MATCH,,,
val,01772.jpg,NO_EXACT_MATCH,,,
val,01773.jpg,NO_EXACT_MATCH,,,
val,01774.jpg,NO_EXACT_MATCH,,,
val,01775.jpg,NO_EXACT_MATCH,,,
val,01776.jpg,NO_EXACT_MATCH,,,
val,01777.jpg,NO_EXACT_MATCH,,,
val,01778.jpg,NO_EXACT_MATCH,,,
val,01779.jpg,NO_EXACT_MATCH,,,
val,01780.jpg,NO_EXACT_MATCH,,,
val,01781.jpg,NO_EXACT_MATCH,,,
val,01782.jpg,NO_EXACT_MATCH,,,
val,01783.jpg,NO_EXACT_MATCH,,,
val,01784.jpg,NO_EXACT_MATCH,,,
val,01785.jpg,NO_EXACT_MATCH,,,
val,01786.jpg,NO_EXACT_MATCH,,,
val,01787.jpg,NO_EXACT_MATCH,,,
val,01788.jpg,NO_EXACT_MATCH,,,
val,01789.jpg,NO_EXACT_MATCH,,,
val,01790.jpg,NO_EXACT_MATCH,,,
val,01791.jpg,NO_EXACT_MATCH,,,
val,01792.jpg,NO_EXACT_MATCH,,,
val,01793.jpg,NO_EXACT_MATCH,,,
val,01794.jpg,NO_EXACT_MATCH,,,
val,01795.jpg,NO_EXACT_MATCH,,,
val,01796.jpg,NO_EXACT_MATCH,,,
val,01797.jpg,NO_EXACT_MATCH,,,
val,01798.jpg,NO_EXACT_MATCH,,,
val,01799.jpg,NO_EXACT_MATCH,,,
val,01800.jpg,NO_EXACT_MATCH,,,
val,01801.jpg,NO_EXACT_MATCH,,,
val,01802.jpg,NO_EXACT_MATCH,,,
val,01803.jpg,NO_EXACT_MATCH,,,
val,01804.jpg,NO_EXACT_MATCH,,,
val,01805.jpg,NO_EXACT_MATCH,,,
val,01806.jpg,NO_EXACT_MATCH,,,
val,01807.jpg,NO_EXACT_MATCH,,,
val,01808.jpg,NO_EXACT_MATCH,,,
val,01809.jpg,NO_EXACT_MATCH,,,
val,01810.jpg,NO_EXACT_MATCH,,,
val,01811.jpg,NO_EXACT_MATCH,,,
val,01812.jpg,NO_EXACT_MATCH,,,
val,01813.jpg,NO_EXACT_MATCH,,,
val,01814.jpg,NO_EXACT_MATCH,,,
val,01815.jpg,NO_EXACT_MATCH,,,
val,01816.jpg,NO_EXACT_MATCH,,,
val,01817.jpg,NO_EXACT_MATCH,,,
val,01818.jpg,NO_EXACT_MATCH,,,
val,01819.jpg,NO_EXACT_MATCH,,,
val,01820.jpg,NO_EXACT_MATCH,,,
val,01821.jpg,NO_EXACT_MATCH,,,
val,01822.jpg,NO_EXACT_MATCH,,,
val,01823.jpg,NO_EXACT_MATCH,,,
val,01824.jpg,NO_EXACT_MATCH,,,
val,01825.jpg,NO_EXACT_MATCH,,,
val,01826.jpg,NO_EXACT_MATCH,,,
val,01827.jpg,NO_EXACT_MATCH,,,
val,01828.jpg,NO_EXACT_MATCH,,,
val,01829.jpg,NO_EXACT_MATCH,,,
val,01830.jpg,NO_EXACT_MATCH,,,
val,01831.jpg,NO_EXACT_MATCH,,,
val,01832.jpg,NO_EXACT_MATCH,,,
val,01833.jpg,NO_EXACT_MATCH,,,
val,01834.jpg,NO_EXACT_MATCH,,,
val,01835.jpg,NO_EXACT_MATCH,,,
val,01836.jpg,NO_EXACT_MATCH,,,
val,01837.jpg,NO_EXACT_MATCH,,,
val,01838.jpg,NO_EXACT_MATCH,,,
val,01839.jpg,NO_EXACT_MATCH,,,
val,01840.jpg,NO_EXACT_MATCH,,,
val,01841.jpg,NO_EXACT_MATCH,,,
val,01842.jpg,NO_EXACT_MATCH,,,
val,01843.jpg,NO_EXACT_MATCH,,,
val,01844.jpg,NO_EXACT_MATCH,,,
val,01845.jpg,NO_EXACT_MATCH,,,
val,01846.jpg,NO_EXACT_MATCH,,,
val,01847.jpg,NO_EXACT_MATCH,,,
val,01848.jpg,NO_EXACT_MATCH,,,
val,01849.jpg,NO_EXACT_MATCH,,,
val,01850.jpg,NO_EXACT_MATCH,,,
val,01851.jpg,NO_EXACT_MATCH,,,
val,01852.jpg,NO_EXACT_MATCH,,,
val,01853.jpg,NO_EXACT_MATCH,,,
val,01854.jpg,NO_EXACT_MATCH,,,
val,01855.jpg,NO_EXACT_MATCH,,,
val,01856.jpg,NO_EXACT_MATCH,,,
val,01857.jpg,NO_EXACT_MATCH,,,
val,01858.jpg,NO_EXACT_MATCH,,,
val,01859.jpg,NO_EXACT_MATCH,,,
val,01860.jpg,NO_EXACT_MATCH,,,
val,01861.jpg,NO_EXACT_MATCH,,,
val,01862.jpg,NO_EXACT_MATCH,,,
val,01863.jpg,NO_EXACT_MATCH,,,
val,01864.jpg,NO_EXACT_MATCH,,,
val,01865.jpg,NO_EXACT_MATCH,,,
val,01866.jpg,NO_EXACT_MATCH,,,
val,01867.jpg,NO_EXACT_MATCH,,,
val,01868.jpg,NO_EXACT_MATCH,,,
val,01869.jpg,NO_EXACT_MATCH,,,
val,01870.jpg,NO_EXACT_MATCH,,,
val,01871.jpg,NO_EXACT_MATCH,,,
val,01872.jpg,NO_EXACT_MATCH,,,
val,01873.jpg,NO_EXACT_MATCH,,,
val,01874.jpg,NO_EXACT_MATCH,,,
val,01875.jpg,NO_EXACT_MATCH,,,
val,01876.jpg,NO_EXACT_MATCH,,,
val,01877.jpg,NO_EXACT_MATCH,,,
val,01878.jpg,NO_EXACT_MATCH,,,
val,01879.jpg,NO_EXACT_MATCH,,,
val,01880.jpg,NO_EXACT_MATCH,,,
val,01881.jpg,NO_EXACT_MATCH,,,
val,01882.jpg,NO_EXACT_MATCH,,,
val,01883.jpg,NO_EXACT_MATCH,,,
val,01884.jpg,NO_EXACT_MATCH,,,
val,01885.jpg,NO_EXACT_MATCH,,,
val,01886.jpg,NO_EXACT_MATCH,,,
val,01887.jpg,NO_EXACT_MATCH,,,
val,01888.jpg,NO_EXACT_MATCH,,,
val,01889.jpg,NO_EXACT_MATCH,,,
val,01890.jpg,NO_EXACT_MATCH,,,
val,01891.jpg,NO_EXACT_MATCH,,,
val,01892.jpg,NO_EXACT_MATCH,,,
val,01893.jpg,NO_EXACT_MATCH,,,
val,01894.jpg,NO_EXACT_MATCH,,,
val,01895.jpg,NO_EXACT_MATCH,,,
val,01896.jpg,NO_EXACT_MATCH,,,
val,01897.jpg,NO_EXACT_MATCH,,,
val,01898.jpg,NO_EXACT_MATCH,,,
val,01899.jpg,NO_EXACT_MATCH,,,
val,01900.jpg,NO_EXACT_MATCH,,,
val,01901.jpg,NO_EXACT_MATCH,,,
val,01902.jpg,NO_EXACT_MATCH,,,
val,01903.jpg,NO_EXACT_MATCH,,,
val,01904.jpg,NO_EXACT_MATCH,,,
val,01905.jpg,NO_EXACT_MATCH,,,
val,01906.jpg,NO_EXACT_MATCH,,,
val,01907.jpg,NO_EXACT_MATCH,,,
val,01908.jpg,NO_EXACT_MATCH,,,
val,01909.jpg,NO_EXACT_MATCH,,,
val,01910.jpg,NO_EXACT_MATCH,,,
val,01911.jpg,NO_EXACT_MATCH,,,
val,01912.jpg,NO_EXACT_MATCH,,,
val,01913.jpg,NO_EXACT_MATCH,,,
val,01914.jpg,NO_EXACT_MATCH,,,
val,01915.jpg,NO_EXACT_MATCH,,,
val,01916.jpg,NO_EXACT_MATCH,,,
val,01917.jpg,NO_EXACT_MATCH,,,
val,01918.jpg,NO_EXACT_MATCH,,,
val,01919.jpg,NO_EXACT_MATCH,,,
val,01920.jpg,NO_EXACT_MATCH,,,
val,01921.jpg,NO_EXACT_MATCH,,,
val,01922.jpg,NO_EXACT_MATCH,,,
val,01923.jpg,NO_EXACT_MATCH,,,
val,01924.jpg,NO_EXACT_MATCH,,,
val,01925.jpg,NO_EXACT_MATCH,,,
val,01926.jpg,NO_EXACT_MATCH,,,
val,01927.jpg,NO_EXACT_MATCH,,,
val,01928.jpg,NO_EXACT_MATCH,,,
val,01929.jpg,NO_EXACT_MATCH,,,
val,01930.jpg,NO_EXACT_MATCH,,,
val,01931.jpg,NO_EXACT_MATCH,,,
val,01932.jpg,NO_EXACT_MATCH,,,
val,01933.jpg,NO_EXACT_MATCH,,,
val,01934.jpg,NO_EXACT_MATCH,,,
val,01935.jpg,NO_EXACT_MATCH,,,
val,01936.jpg,NO_EXACT_MATCH,,,
val,01937.jpg,NO_EXACT_MATCH,,,
val,01938.jpg,NO_EXACT_MATCH,,,
val,01939.jpg,NO_EXACT_MATCH,,,
val,01940.jpg,NO_EXACT_MATCH,,,
val,01941.jpg,NO_EXACT_MATCH,,,
val,01942.jpg,NO_EXACT_MATCH,,,
val,01943.jpg,NO_EXACT_MATCH,,,
val,01944.jpg,NO_EXACT_MATCH,,,
val,01945.jpg,NO_EXACT_MATCH,,,
val,01946.jpg,NO_EXACT_MATCH,,,
val,01947.jpg,NO_EXACT_MATCH,,,
val,01948.jpg,NO_EXACT_MATCH,,,
val,01949.jpg,NO_EXACT_MATCH,,,
val,01950.jpg,NO_EXACT_MATCH,,,
val,01951.jpg,NO_EXACT_MATCH,,,
val,01952.jpg,NO_EXACT_MATCH,,,
val,01953.jpg,NO_EXACT_MATCH,,,
val,01954.jpg,NO_EXACT_MATCH,,,
val,01955.jpg,NO_EXACT_MATCH,,,
val,01956.jpg,NO_EXACT_MATCH,,,
val,01957.jpg,NO_EXACT_MATCH,,,
val,01958.jpg,NO_EXACT_MATCH,,,
val,01959.jpg,NO_EXACT_MATCH,,,
val,01960.jpg,NO_EXACT_MATCH,,,
val,01961.jpg,NO_EXACT_MATCH,,,
val,01962.jpg,NO_EXACT_MATCH,,,
val,01963.jpg,NO_EXACT_MATCH,,,
val,01964.jpg,NO_EXACT_MATCH,,,
val,01965.jpg,NO_EXACT_MATCH,,,
val,01966.jpg,NO_EXACT_MATCH,,,
val,01967.jpg,NO_EXACT_MATCH,,,
val,01968.jpg,NO_EXACT_MATCH,,,
val,01969.jpg,NO_EXACT_MATCH,,,
val,01970.jpg,NO_EXACT_MATCH,,,
val,01971.jpg,NO_EXACT_MATCH,,,
val,01972.jpg,NO_EXACT_MATCH,,,
val,01973.jpg,NO_EXACT_MATCH,,,
val,01974.jpg,NO_EXACT_MATCH,,,
val,01975.jpg,NO_EXACT_MATCH,,,
val,01976.jpg,NO_EXACT_MATCH,,,
val,01977.jpg,NO_EXACT_MATCH,,,
val,01978.jpg,NO_EXACT_MATCH,,,
val,01979.jpg,NO_EXACT_MATCH,,,
val,01980.jpg,NO_EXACT_MATCH,,,
val,01981.jpg,NO_EXACT_MATCH,,,
val,01982.jpg,NO_EXACT_MATCH,,,
val,01983.jpg,NO_EXACT_MATCH,,,
val,01984.jpg,NO_EXACT_MATCH,,,
val,01985.jpg,NO_EXACT_MATCH,,,
val,01986.jpg,NO_EXACT_MATCH,,,
val,01987.jpg,NO_EXACT_MATCH,,,
val,01988.jpg,NO_EXACT_MATCH,,,
val,01989.jpg,NO_EXACT_MATCH,,,
val,01990.jpg,NO_EXACT_MATCH,,,
val,01991.jpg,NO_EXACT_MATCH,,,
val,01992.jpg,NO_EXACT_MATCH,,,
val,01993.jpg,NO_EXACT_MATCH,,,
val,01994.jpg,NO_EXACT_MATCH,,,
val,01995.jpg,NO_EXACT_MATCH,,,
val,01996.jpg,NO_EXACT_MATCH,,,
val,01997.jpg,NO_EXACT_MATCH,,,
val,01998.jpg,NO_EXACT_MATCH,,,
val,01999.jpg,NO_EXACT_MATCH,,,
val,02000.jpg,NO_EXACT_MATCH,,,
val,02001.jpg,NO_EXACT_MATCH,,,
val,02002.jpg,NO_EXACT_MATCH,,,
val,02003.jpg,NO_EXACT_MATCH,,,
val,02004.jpg,NO_EXACT_MATCH,,,
val,02005.jpg,NO_EXACT_MATCH,,,
val,02006.jpg,NO_EXACT_MATCH,,,
val,02007.jpg,NO_EXACT_MATCH,,,
val,02008.jpg,NO_EXACT_MATCH,,,
val,02009.jpg,NO_EXACT_MATCH,,,
val,02010.jpg,NO_EXACT_MATCH,,,
val,02011.jpg,NO_EXACT_MATCH,,,
val,02012.jpg,NO_EXACT_MATCH,,,
val,02013.jpg,NO_EXACT_MATCH,,,
val,02014.jpg,NO_EXACT_MATCH,,,
val,02015.jpg,NO_EXACT_MATCH,,,
val,02016.jpg,NO_EXACT_MATCH,,,
val,02017.jpg,NO_EXACT_MATCH,,,
val,02018.jpg,NO_EXACT_MATCH,,,
val,02019.jpg,NO_EXACT_MATCH,,,
val,02020.jpg,NO_EXACT_MATCH,,,
val,02021.jpg,NO_EXACT_MATCH,,,
val,02022.jpg,NO_EXACT_MATCH,,,
val,02023.jpg,NO_EXACT_MATCH,,,
val,02024.jpg,NO_EXACT_MATCH,,,
val,02025.jpg,NO_EXACT_MATCH,,,
val,02026.jpg,NO_EXACT_MATCH,,,
val,02027.jpg,NO_EXACT_MATCH,,,
val,02028.jpg,NO_EXACT_MATCH,,,
val,02029.jpg,NO_EXACT_MATCH,,,
val,02030.jpg,NO_EXACT_MATCH,,,
val,02031.jpg,NO_EXACT_MATCH,,,
val,02032.jpg,NO_EXACT_MATCH,,,
val,02033.jpg,NO_EXACT_MATCH,,,
val,02034.jpg,NO_EXACT_MATCH,,,
val,02035.jpg,NO_EXACT_MATCH,,,
val,02036.jpg,NO_EXACT_MATCH,,,
val,02037.jpg,NO_EXACT_MATCH,,,
val,02038.jpg,NO_EXACT_MATCH,,,
val,02039.jpg,NO_EXACT_MATCH,,,
val,02040.jpg,NO_EXACT_MATCH,,,
val,02041.jpg,NO_EXACT_MATCH,,,
val,02042.jpg,NO_EXACT_MATCH,,,
val,02043.jpg,NO_EXACT_MATCH,,,
val,02044.jpg,NO_EXACT_MATCH,,,
val,02045.jpg,NO_EXACT_MATCH,,,
val,02046.jpg,NO_EXACT_MATCH,,,
val,02047.jpg,NO_EXACT_MATCH,,,
val,02048.jpg,NO_EXACT_MATCH,,,
val,02049.jpg,NO_EXACT_MATCH,,,
val,02050.jpg,NO_EXACT_MATCH,,,
val,02051.jpg,NO_EXACT_MATCH,,,
val,02052.jpg,NO_EXACT_MATCH,,,
val,02053.jpg,NO_EXACT_MATCH,,,
val,02054.jpg,NO_EXACT_MATCH,,,
val,02055.jpg,NO_EXACT_MATCH,,,
val,02056.jpg,NO_EXACT_MATCH,,,
val,02057.jpg,NO_EXACT_MATCH,,,
val,02058.jpg,NO_EXACT_MATCH,,,
val,02059.jpg,NO_EXACT_MATCH,,,
val,02060.jpg,NO_EXACT_MATCH,,,
val,02061.jpg,NO_EXACT_MATCH,,,
val,02062.jpg,NO_EXACT_MATCH,,,
val,02063.jpg,NO_EXACT_MATCH,,,
val,02064.jpg,NO_EXACT_MATCH,,,
val,02065.jpg,NO_EXACT_MATCH,,,
val,02066.jpg,NO_EXACT_MATCH,,,
val,02067.jpg,NO_EXACT_MATCH,,,
val,02068.jpg,NO_EXACT_MATCH,,,
val,02069.jpg,NO_EXACT_MATCH,,,
val,02070.jpg,NO_EXACT_MATCH,,,
val,02071.jpg,NO_EXACT_MATCH,,,
val,02072.jpg,NO_EXACT_MATCH,,,
val,02073.jpg,NO_EXACT_MATCH,,,
val,02074.jpg,NO_EXACT_MATCH,,,
val,02075.jpg,NO_EXACT_MATCH,,,
val,02076.jpg,NO_EXACT_MATCH,,,
val,02077.jpg,NO_EXACT_MATCH,,,
val,02078.jpg,NO_EXACT_MATCH,,,
val,02079.jpg,NO_EXACT_MATCH,,,
val,02080.jpg,NO_EXACT_MATCH,,,
val,02081.jpg,NO_EXACT_MATCH,,,
val,02082.jpg,NO_EXACT_MATCH,,,
val,02083.jpg,NO_EXACT_MATCH,,,
val,02084.jpg,NO_EXACT_MATCH,,,
val,02085.jpg,NO_EXACT_MATCH,,,
val,02086.jpg,NO_EXACT_MATCH,,,
val,02087.jpg,NO_EXACT_MATCH,,,
val,02088.jpg,NO_EXACT_MATCH,,,
val,02089.jpg,NO_EXACT_MATCH,,,
val,02090.jpg,NO_EXACT_MATCH,,,
val,02091.jpg,NO_EXACT_MATCH,,,
val,02092.jpg,NO_EXACT_MATCH,,,
val,02093.jpg,NO_EXACT_MATCH,,,
val,02094.jpg,NO_EXACT_MATCH,,,
val,02095.jpg,NO_EXACT_MATCH,,,
val,02096.jpg,NO_EXACT_MATCH,,,
val,02097.jpg,NO_EXACT_MATCH,,,
val,02098.jpg,NO_EXACT_MATCH,,,
val,02099.jpg,NO_EXACT_MATCH,,,
val,02100.jpg,NO_EXACT_MATCH,,,
val,02101.jpg,NO_EXACT_MATCH,,,
val,02102.jpg,NO_EXACT_MATCH,,,
val,02103.jpg,NO_EXACT_MATCH,,,
val,02104.jpg,NO_EXACT_MATCH,,,
val,02105.jpg,NO_EXACT_MATCH,,,
val,02106.jpg,NO_EXACT_MATCH,,,
val,02107.jpg,NO_EXACT_MATCH,,,
val,02108.jpg,NO_EXACT_MATCH,,,
val,02109.jpg,NO_EXACT_MATCH,,,
val,02110.jpg,NO_EXACT_MATCH,,,
val,02111.jpg,NO_EXACT_MATCH,,,
val,02112.jpg,NO_EXACT_MATCH,,,
val,02113.jpg,NO_EXACT_MATCH,,,
val,02114.jpg,NO_EXACT_MATCH,,,
val,02115.jpg,NO_EXACT_MATCH,,,
val,02116.jpg,NO_EXACT_MATCH,,,
val,02117.jpg,NO_EXACT_MATCH,,,
val,02118.jpg,NO_EXACT_MATCH,,,
val,02119.jpg,NO_EXACT_MATCH,,,
val,02120.jpg,NO_EXACT_MATCH,,,
val,02121.jpg,NO_EXACT_MATCH,,,
val,02122.jpg,NO_EXACT_MATCH,,,
val,02123.jpg,NO_EXACT_MATCH,,,
val,02124.jpg,NO_EXACT_MATCH,,,
val,02125.jpg,NO_EXACT_MATCH,,,
val,02126.jpg,NO_EXACT_MATCH,,,
val,02127.jpg,NO_EXACT_MATCH,,,
val,02128.jpg,NO_EXACT_MATCH,,,
val,02129.jpg,NO_EXACT_MATCH,,,
val,02130.jpg,NO_EXACT_MATCH,,,
val,02131.jpg,NO_EXACT_MATCH,,,
val,02132.jpg,NO_EXACT_MATCH,,,
val,02133.jpg,NO_EXACT_MATCH,,,
val,02134.jpg,NO_EXACT_MATCH,,,
val,02135.jpg,NO_EXACT_MATCH,,,
val,02136.jpg,NO_EXACT_MATCH,,,
val,02137.jpg,NO_EXACT_MATCH,,,
val,02138.jpg,NO_EXACT_MATCH,,,
val,02139.jpg,NO_EXACT_MATCH,,,
val,02140.jpg,NO_EXACT_MATCH,,,
val,02141.jpg,NO_EXACT_MATCH,,,
val,02142.jpg,NO_EXACT_MATCH,,,
val,02143.jpg,NO_EXACT_MATCH,,,
val,02144.jpg,NO_EXACT_MATCH,,,
val,02145.jpg,NO_EXACT_MATCH,,,
val,02146.jpg,NO_EXACT_MATCH,,,
val,02147.jpg,NO_EXACT_MATCH,,,
val,02148.jpg,NO_EXACT_MATCH,,,
val,02149.jpg,NO_EXACT_MATCH,,,
val,02150.jpg,NO_EXACT_MATCH,,,
val,02151.jpg,NO_EXACT_MATCH,,,
val,02152.jpg,NO_EXACT_MATCH,,,
val,02153.jpg,NO_EXACT_MATCH,,,
val,02154.jpg,NO_EXACT_MATCH,,,
val,02155.jpg,NO_EXACT_MATCH,,,
val,02156.jpg,NO_EXACT_MATCH,,,
val,02157.jpg,NO_EXACT_MATCH,,,
val,02158.jpg,NO_EXACT_MATCH,,,
val,02159.jpg,NO_EXACT_MATCH,,,
val,02160.jpg,NO_EXACT_MATCH,,,
val,02161.jpg,NO_EXACT_MATCH,,,
val,02162.jpg,NO_EXACT_MATCH,,,
val,02163.jpg,NO_EXACT_MATCH,,,
val,02164.jpg,NO_EXACT_MATCH,,,
val,02165.jpg,NO_EXACT_MATCH,,,
val,02166.jpg,NO_EXACT_MATCH,,,
val,02167.jpg,NO_EXACT_MATCH,,,
val,02168.jpg,NO_EXACT_MATCH,,,
val,02169.jpg,NO_EXACT_MATCH,,,
val,02170.jpg,NO_EXACT_MATCH,,,
val,02171.jpg,NO_EXACT_MATCH,,,
val,02172.jpg,NO_EXACT_MATCH,,,
val,02173.jpg,NO_EXACT_MATCH,,,
val,02174.jpg,NO_EXACT_MATCH,,,
val,02175.jpg,NO_EXACT_MATCH,,,
val,02176.jpg,NO_EXACT_MATCH,,,
val,02177.jpg,NO_EXACT_MATCH,,,
val,02178.jpg,NO_EXACT_MATCH,,,
val,02179.jpg,NO_EXACT_MATCH,,,
val,02180.jpg,NO_EXACT_MATCH,,,
val,02181.jpg,NO_EXACT_MATCH,,,
val,02182.jpg,NO_EXACT_MATCH,,,
val,02183.jpg,NO_EXACT_MATCH,,,
val,02184.jpg,NO_EXACT_MATCH,,,
val,02185.jpg,NO_EXACT_MATCH,,,
val,02186.jpg,NO_EXACT_MATCH,,,
val,02187.jpg,NO_EXACT_MATCH,,,
val,02188.jpg,NO_EXACT_MATCH,,,
val,02189.jpg,NO_EXACT_MATCH,,,
val,02190.jpg,NO_EXACT_MATCH,,,
val,02191.jpg,NO_EXACT_MATCH,,,
val,02192.jpg,NO_EXACT_MATCH,,,
val,02193.jpg,NO_EXACT_MATCH,,,
val,02194.jpg,NO_EXACT_MATCH,,,
val,02195.jpg,NO_EXACT_MATCH,,,
val,02196.jpg,NO_EXACT_MATCH,,,
val,02197.jpg,NO_EXACT_MATCH,,,
val,02198.jpg,NO_EXACT_MATCH,,,
val,02199.jpg,NO_EXACT_MATCH,,,
val,02200.jpg,NO_EXACT_MATCH,,,
val,02201.jpg,NO_EXACT_MATCH,,,
val,02202.jpg,NO_EXACT_MATCH,,,
val,02203.jpg,NO_EXACT_MATCH,,,
val,02204.jpg,NO_EXACT_MATCH,,,
val,02205.jpg,NO_EXACT_MATCH,,,
val,02206.jpg,NO_EXACT_MATCH,,,
val,02207.jpg,NO_EXACT_MATCH,,,
val,02208.jpg,NO_EXACT_MATCH,,,
val,02209.jpg,NO_EXACT_MATCH,,,
val,02210.jpg,NO_EXACT_MATCH,,,
val,02211.jpg,NO_EXACT_MATCH,,,
val,02212.jpg,NO_EXACT_MATCH,,,
val,02213.jpg,NO_EXACT_MATCH,,,
val,02214.jpg,NO_EXACT_MATCH,,,
val,02215.jpg,NO_EXACT_MATCH,,,
val,02216.jpg,NO_EXACT_MATCH,,,
val,02217.jpg,NO_EXACT_MATCH,,,
val,02218.jpg,NO_EXACT_MATCH,,,
val,02219.jpg,NO_EXACT_MATCH,,,
val,02220.jpg,NO_EXACT_MATCH,,,
val,02221.jpg,NO_EXACT_MATCH,,,
val,02222.jpg,NO_EXACT_MATCH,,,
val,02223.jpg,NO_EXACT_MATCH,,,
val,02224.jpg,NO_EXACT_MATCH,,,
val,02225.jpg,NO_EXACT_MATCH,,,
val,02226.jpg,NO_EXACT_MATCH,,,
val,02227.jpg,NO_EXACT_MATCH,,,
val,02228.jpg,NO_EXACT_MATCH,,,
val,02229.jpg,NO_EXACT_MATCH,,,
val,02230.jpg,NO_EXACT_MATCH,,,
val,02231.jpg,NO_EXACT_MATCH,,,
val,02232.jpg,NO_EXACT_MATCH,,,
val,02233.jpg,NO_EXACT_MATCH,,,
val,02234.jpg,NO_EXACT_MATCH,,,
val,02235.jpg,NO_EXACT_MATCH,,,
val,02236.jpg,NO_EXACT_MATCH,,,
val,02237.jpg,NO_EXACT_MATCH,,,
val,02238.jpg,NO_EXACT_MATCH,,,
val,02239.jpg,NO_EXACT_MATCH,,,
val,02240.jpg,NO_EXACT_MATCH,,,
val,02241.jpg,NO_EXACT_MATCH,,,
val,02242.jpg,NO_EXACT_MATCH,,,
val,02243.jpg,NO_EXACT_MATCH,,,
val,02244.jpg,NO_EXACT_MATCH,,,
val,02245.jpg,NO_EXACT_MATCH,,,
val,02246.jpg,NO_EXACT_MATCH,,,
val,02247.jpg,NO_EXACT_MATCH,,,
val,02248.jpg,NO_EXACT_MATCH,,,
val,02249.jpg,NO_EXACT_MATCH,,,
val,02250.jpg,NO_EXACT_MATCH,,,
val,02251.jpg,NO_EXACT_MATCH,,,
val,02252.jpg,NO_EXACT_MATCH,,,
val,02253.jpg,NO_EXACT_MATCH,,,
val,02254.jpg,NO_EXACT_MATCH,,,
val,02255.jpg,NO_EXACT_MATCH,,,
val,02256.jpg,NO_EXACT_MATCH,,,
val,02257.jpg,NO_EXACT_MATCH,,,
val,02258.jpg,NO_EXACT_MATCH,,,
val,02259.jpg,NO_EXACT_MATCH,,,
val,02260.jpg,NO_EXACT_MATCH,,,
val,02261.jpg,NO_EXACT_MATCH,,,
val,02262.jpg,NO_EXACT_MATCH,,,
val,02263.jpg,NO_EXACT_MATCH,,,
val,02264.jpg,NO_EXACT_MATCH,,,
val,02265.jpg,NO_EXACT_MATCH,,,
val,02266.jpg,NO_EXACT_MATCH,,,
val,02267.jpg,NO_EXACT_MATCH,,,
val,02268.jpg,NO_EXACT_MATCH,,,
val,02269.jpg,NO_EXACT_MATCH,,,
val,02270.jpg,NO_EXACT_MATCH,,,
val,02271.jpg,NO_EXACT_MATCH,,,
val,02272.jpg,NO_EXACT_MATCH,,,
val,02273.jpg,NO_EXACT_MATCH,,,
val,02274.jpg,NO_EXACT_MATCH,,,
val,02275.jpg,NO_EXACT_MATCH,,,
val,02276.jpg,NO_EXACT_MATCH,,,
val,02277.jpg,NO_EXACT_MATCH,,,
val,02278.jpg,NO_EXACT_MATCH,,,
val,02279.jpg,NO_EXACT_MATCH,,,
val,02280.jpg,NO_EXACT_MATCH,,,
val,02281.jpg,NO_EXACT_MATCH,,,
val,02282.jpg,NO_EXACT_MATCH,,,
val,02283.jpg,NO_EXACT_MATCH,,,
val,02284.jpg,NO_EXACT_MATCH,,,
val,02285.jpg,NO_EXACT_MATCH,,,
val,02286.jpg,NO_EXACT_MATCH,,,
val,02287.jpg,NO_EXACT_MATCH,,,
val,02288.jpg,NO_EXACT_MATCH,,,
val,02289.jpg,NO_EXACT_MATCH,,,
val,02290.jpg,NO_EXACT_MATCH,,,
val,02291.jpg,NO_EXACT_MATCH,,,
val,02292.jpg,NO_EXACT_MATCH,,,
val,02293.jpg,NO_EXACT_MATCH,,,
val,02294.jpg,NO_EXACT_MATCH,,,
val,02295.jpg,NO_EXACT_MATCH,,,
val,02296.jpg,NO_EXACT_MATCH,,,
val,02297.jpg,NO_EXACT_MATCH,,,
val,02298.jpg,NO_EXACT_MATCH,,,
val,02299.jpg,NO_EXACT_MATCH,,,
val,02300.jpg,NO_EXACT_MATCH,,,
val,02301.jpg,NO_EXACT_MATCH,,,
val,02302.jpg,NO_EXACT_MATCH,,,
val,02303.jpg,NO_EXACT_MATCH,,,
val,02304.jpg,NO_EXACT_MATCH,,,
val,02305.jpg,NO_EXACT_MATCH,,,
val,02306.jpg,NO_EXACT_MATCH,,,
val,02307.jpg,NO_EXACT_MATCH,,,
val,02308.jpg,NO_EXACT_MATCH,,,
val,02309.jpg,NO_EXACT_MATCH,,,
val,02310.jpg,NO_EXACT_MATCH,,,
val,02311.jpg,NO_EXACT_MATCH,,,
val,02312.jpg,NO_EXACT_MATCH,,,
val,02313.jpg,NO_EXACT_MATCH,,,
val,02314.jpg,NO_EXACT_MATCH,,,
val,02315.jpg,NO_EXACT_MATCH,,,
val,02316.jpg,NO_EXACT_MATCH,,,
val,02317.jpg,NO_EXACT_MATCH,,,
val,02318.jpg,NO_EXACT_MATCH,,,
val,02319.jpg,NO_EXACT_MATCH,,,
val,02320.jpg,NO_EXACT_MATCH,,,
val,02321.jpg,NO_EXACT_MATCH,,,
val,02322.jpg,NO_EXACT_MATCH,,,
val,02323.jpg,NO_EXACT_MATCH,,,
val,02324.jpg,NO_EXACT_MATCH,,,
val,02325.jpg,NO_EXACT_MATCH,,,
val,02326.jpg,NO_EXACT_MATCH,,,
val,02327.jpg,NO_EXACT_MATCH,,,
val,02328.jpg,NO_EXACT_MATCH,,,
val,02329.jpg,NO_EXACT_MATCH,,,
val,02330.jpg,NO_EXACT_MATCH,,,
val,02331.jpg,NO_EXACT_MATCH,,,
val,02332.jpg,NO_EXACT_MATCH,,,
val,02333.jpg,NO_EXACT_MATCH,,,
val,02334.jpg,NO_EXACT_MATCH,,,
val,02335.jpg,NO_EXACT_MATCH,,,
val,02336.jpg,NO_EXACT_MATCH,,,
val,02337.jpg,NO_EXACT_MATCH,,,
val,02338.jpg,NO_EXACT_MATCH,,,
val,02339.jpg,NO_EXACT_MATCH,,,
val,02340.jpg,NO_EXACT_MATCH,,,
val,02341.jpg,NO_EXACT_MATCH,,,
val,02342.jpg,NO_EXACT_MATCH,,,
val,02343.jpg,NO_EXACT_MATCH,,,
val,02344.jpg,NO_EXACT_MATCH,,,
val,02345.jpg,NO_EXACT_MATCH,,,
val,02346.jpg,NO_EXACT_MATCH,,,
val,02347.jpg,NO_EXACT_MATCH,,,
val,02348.jpg,NO_EXACT_MATCH,,,
val,02349.jpg,NO_EXACT_MATCH,,,
val,02350.jpg,NO_EXACT_MATCH,,,
val,02351.jpg,NO_EXACT_MATCH,,,
val,02352.jpg,NO_EXACT_MATCH,,,
val,02353.jpg,NO_EXACT_MATCH,,,
val,02354.jpg,NO_EXACT_MATCH,,,
val,02355.jpg,NO_EXACT_MATCH,,,
val,02356.jpg,NO_EXACT_MATCH,,,
val,02357.jpg,NO_EXACT_MATCH,,,
val,02358.jpg,NO_EXACT_MATCH,,,
val,02359.jpg,NO_EXACT_MATCH,,,
val,02360.jpg,NO_EXACT_MATCH,,,
val,02361.jpg,NO_EXACT_MATCH,,,
val,02362.jpg,NO_EXACT_MATCH,,,
val,02363.jpg,NO_EXACT_MATCH,,,
val,02364.jpg,NO_EXACT_MATCH,,,
val,02365.jpg,NO_EXACT_MATCH,,,
val,02366.jpg,NO_EXACT_MATCH,,,
val,02367.jpg,NO_EXACT_MATCH,,,
val,02368.jpg,NO_EXACT_MATCH,,,
val,02369.jpg,NO_EXACT_MATCH,,,
val,02370.jpg,NO_EXACT_MATCH,,,
val,02371.jpg,NO_EXACT_MATCH,,,
val,02372.jpg,NO_EXACT_MATCH,,,
val,02373.jpg,NO_EXACT_MATCH,,,
val,02374.jpg,NO_EXACT_MATCH,,,
val,02375.jpg,NO_EXACT_MATCH,,,
val,02376.jpg,NO_EXACT_MATCH,,,
val,02377.jpg,NO_EXACT_MATCH,,,
val,02378.jpg,NO_EXACT_MATCH,,,
val,02379.jpg,NO_EXACT_MATCH,,,
val,02380.jpg,NO_EXACT_MATCH,,,
val,02381.jpg,NO_EXACT_MATCH,,,
val,02382.jpg,NO_EXACT_MATCH,,,
val,02383.jpg,NO_EXACT_MATCH,,,
val,02384.jpg,NO_EXACT_MATCH,,,
val,02385.jpg,NO_EXACT_MATCH,,,
val,02386.jpg,NO_EXACT_MATCH,,,
val,02387.jpg,NO_EXACT_MATCH,,,
val,02388.jpg,NO_EXACT_MATCH,,,
val,02389.jpg,NO_EXACT_MATCH,,,
val,02390.jpg,NO_EXACT_MATCH,,,
val,02391.jpg,NO_EXACT_MATCH,,,
val,02392.jpg,NO_EXACT_MATCH,,,
val,02393.jpg,NO_EXACT_MATCH,,,
val,02394.jpg,NO_EXACT_MATCH,,,
val,02395.jpg,NO_EXACT_MATCH,,,
val,02396.jpg,NO_EXACT_MATCH,,,
val,02397.jpg,NO_EXACT_MATCH,,,
val,02398.jpg,NO_EXACT_MATCH,,,
val,02399.jpg,NO_EXACT_MATCH,,,
val,02400.jpg,NO_EXACT_MATCH,,,
val,02401.jpg,NO_EXACT_MATCH,,,
val,02402.jpg,NO_EXACT_MATCH,,,
val,02403.jpg,NO_EXACT_MATCH,,,
val,02404.jpg,NO_EXACT_MATCH,,,
val,02405.jpg,NO_EXACT_MATCH,,,
val,02406.jpg,NO_EXACT_MATCH,,,
val,02407.jpg,NO_EXACT_MATCH,,,
val,02408.jpg,NO_EXACT_MATCH,,,
val,02409.jpg,NO_EXACT_MATCH,,,
val,02410.jpg,NO_EXACT_MATCH,,,
val,02411.jpg,NO_EXACT_MATCH,,,
val,02412.jpg,NO_EXACT_MATCH,,,
val,02413.jpg,NO_EXACT_MATCH,,,
val,02414.jpg,NO_EXACT_MATCH,,,
val,02415.jpg,NO_EXACT_MATCH,,,
val,02416.jpg,NO_EXACT_MATCH,,,
val,02417.jpg,NO_EXACT_MATCH,,,
val,02418.jpg,NO_EXACT_MATCH,,,
val,02419.jpg,NO_EXACT_MATCH,,,
val,02420.jpg,NO_EXACT_MATCH,,,
val,02421.jpg,NO_EXACT_MATCH,,,
val,02422.jpg,NO_EXACT_MATCH,,,
val,02423.jpg,NO_EXACT_MATCH,,,
val,02424.jpg,NO_EXACT_MATCH,,,
val,02425.jpg,NO_EXACT_MATCH,,,
val,02426.jpg,NO_EXACT_MATCH,,,
val,02427.jpg,NO_EXACT_MATCH,,,
val,02428.jpg,NO_EXACT_MATCH,,,
val,02429.jpg,NO_EXACT_MATCH,,,
val,02430.jpg,NO_EXACT_MATCH,,,
val,02431.jpg,NO_EXACT_MATCH,,,
val,02432.jpg,NO_EXACT_MATCH,,,
val,02433.jpg,NO_EXACT_MATCH,,,
val,02434.jpg,NO_EXACT_MATCH,,,
val,02435.jpg,NO_EXACT_MATCH,,,
val,02436.jpg,NO_EXACT_MATCH,,,
val,02437.jpg,NO_EXACT_MATCH,,,
val,02438.jpg,NO_EXACT_MATCH,,,
val,02439.jpg,NO_EXACT_MATCH,,,
val,02440.jpg,NO_EXACT_MATCH,,,
val,02441.jpg,NO_EXACT_MATCH,,,
val,02442.jpg,NO_EXACT_MATCH,,,
val,02443.jpg,NO_EXACT_MATCH,,,
val,02444.jpg,NO_EXACT_MATCH,,,
val,02445.jpg,NO_EXACT_MATCH,,,
val,02446.jpg,NO_EXACT_MATCH,,,
val,02447.jpg,NO_EXACT_MATCH,,,
val,02448.jpg,NO_EXACT_MATCH,,,
val,02449.jpg,NO_EXACT_MATCH,,,
val,02450.jpg,NO_EXACT_MATCH,,,
val,02451.jpg,NO_EXACT_MATCH,,,
val,02452.jpg,NO_EXACT_MATCH,,,
val,02453.jpg,NO_EXACT_MATCH,,,
val,02454.jpg,NO_EXACT_MATCH,,,
val,02455.jpg,NO_EXACT_MATCH,,,
val,02456.jpg,NO_EXACT_MATCH,,,
val,02457.jpg,NO_EXACT_MATCH,,,
val,02458.jpg,NO_EXACT_MATCH,,,
val,02459.jpg,NO_EXACT_MATCH,,,
val,02460.jpg,NO_EXACT_MATCH,,,
val,02461.jpg,NO_EXACT_MATCH,,,
val,02462.jpg,NO_EXACT_MATCH,,,
val,02463.jpg,NO_EXACT_MATCH,,,
val,02464.jpg,NO_EXACT_MATCH,,,
val,02465.jpg,NO_EXACT_MATCH,,,
val,02466.jpg,NO_EXACT_MATCH,,,
val,02467.jpg,NO_EXACT_MATCH,,,
val,02468.jpg,NO_EXACT_MATCH,,,
val,02469.jpg,NO_EXACT_MATCH,,,
val,02470.jpg,NO_EXACT_MATCH,,,
val,02471.jpg,NO_EXACT_MATCH,,,
val,02472.jpg,NO_EXACT_MATCH,,,
val,02473.jpg,NO_EXACT_MATCH,,,
val,02474.jpg,NO_EXACT_MATCH,,,
val,02475.jpg,NO_EXACT_MATCH,,,
val,02476.jpg,NO_EXACT_MATCH,,,
val,02477.jpg,NO_EXACT_MATCH,,,
val,02478.jpg,NO_EXACT_MATCH,,,
val,02479.jpg,NO_EXACT_MATCH,,,
val,02480.jpg,NO_EXACT_MATCH,,,
val,02481.jpg,NO_EXACT_MATCH,,,
val,02482.jpg,NO_EXACT_MATCH,,,
val,02483.jpg,NO_EXACT_MATCH,,,
val,02484.jpg,NO_EXACT_MATCH,,,
val,02485.jpg,NO_EXACT_MATCH,,,
val,02486.jpg,NO_EXACT_MATCH,,,
val,02487.jpg,NO_EXACT_MATCH,,,
val,02488.jpg,NO_EXACT_MATCH,,,
val,02489.jpg,NO_EXACT_MATCH,,,
val,02490.jpg,NO_EXACT_MATCH,,,
val,02491.jpg,NO_EXACT_MATCH,,,
val,02492.jpg,NO_EXACT_MATCH,,,
val,02493.jpg,NO_EXACT_MATCH,,,
val,02494.jpg,NO_EXACT_MATCH,,,
val,02495.jpg,NO_EXACT_MATCH,,,
val,02496.jpg,NO_EXACT_MATCH,,,
val,02497.jpg,NO_EXACT_MATCH,,,
val,02498.jpg,NO_EXACT_MATCH,,,
val,02499.jpg,NO_EXACT_MATCH,,,
val,02500.jpg,NO_EXACT_MATCH,,,
val,02501.jpg,NO_EXACT_MATCH,,,
val,02502.jpg,NO_EXACT_MATCH,,,
val,02503.jpg,NO_EXACT_MATCH,,,
val,02504.jpg,NO_EXACT_MATCH,,,
val,02505.jpg,NO_EXACT_MATCH,,,
val,02506.jpg,NO_EXACT_MATCH,,,
val,02507.jpg,NO_EXACT_MATCH,,,
val,02508.jpg,NO_EXACT_MATCH,,,
val,02509.jpg,NO_EXACT_MATCH,,,
val,02510.jpg,NO_EXACT_MATCH,,,
val,02511.jpg,NO_EXACT_MATCH,,,
val,02512.jpg,NO_EXACT_MATCH,,,
val,02513.jpg,NO_EXACT_MATCH,,,
val,02514.jpg,NO_EXACT_MATCH,,,
val,02515.jpg,NO_EXACT_MATCH,,,
val,02516.jpg,NO_EXACT_MATCH,,,
val,02517.jpg,NO_EXACT_MATCH,,,
val,02518.jpg,NO_EXACT_MATCH,,,
val,02519.jpg,NO_EXACT_MATCH,,,
val,02520.jpg,NO_EXACT_MATCH,,,
val,02521.jpg,NO_EXACT_MATCH,,,
val,02522.jpg,NO_EXACT_MATCH,,,
val,02523.jpg,NO_EXACT_MATCH,,,
val,02524.jpg,NO_EXACT_MATCH,,,
val,02525.jpg,NO_EXACT_MATCH,,,
val,02526.jpg,NO_EXACT_MATCH,,,
val,02527.jpg,NO_EXACT_MATCH,,,
val,02528.jpg,NO_EXACT_MATCH,,,
val,02529.jpg,NO_EXACT_MATCH,,,
val,02530.jpg,NO_EXACT_MATCH,,,
val,02531.jpg,NO_EXACT_MATCH,,,
val,02532.jpg,NO_EXACT_MATCH,,,
val,02533.jpg,NO_EXACT_MATCH,,,
val,02534.jpg,NO_EXACT_MATCH,,,
val,02535.jpg,NO_EXACT_MATCH,,,
val,02536.jpg,NO_EXACT_MATCH,,,
val,02537.jpg,NO_EXACT_MATCH,,,
val,02538.jpg,NO_EXACT_MATCH,,,
val,02539.jpg,NO_EXACT_MATCH,,,
val,02540.jpg,NO_EXACT_MATCH,,,
val,02541.jpg,NO_EXACT_MATCH,,,
val,02542.jpg,NO_EXACT_MATCH,,,
val,02543.jpg,NO_EXACT_MATCH,,,
val,02544.jpg,NO_EXACT_MATCH,,,
val,02545.jpg,NO_EXACT_MATCH,,,
val,02546.jpg,NO_EXACT_MATCH,,,
val,02547.jpg,NO_EXACT_MATCH,,,
val,02548.jpg,NO_EXACT_MATCH,,,
val,02549.jpg,NO_EXACT_MATCH,,,
val,02550.jpg,NO_EXACT_MATCH,,,
val,02551.jpg,NO_EXACT_MATCH,,,
val,02552.jpg,NO_EXACT_MATCH,,,
val,02553.jpg,NO_EXACT_MATCH,,,
val,02554.jpg,NO_EXACT_MATCH,,,
val,02555.jpg,NO_EXACT_MATCH,,,
val,02556.jpg,NO_EXACT_MATCH,,,
val,02557.jpg,NO_EXACT_MATCH,,,
val,02558.jpg,NO_EXACT_MATCH,,,
val,02559.jpg,NO_EXACT_MATCH,,,
val,02560.jpg,NO_EXACT_MATCH,,,
val,02561.jpg,NO_EXACT_MATCH,,,
val,02562.jpg,NO_EXACT_MATCH,,,
val,02563.jpg,NO_EXACT_MATCH,,,
val,02564.jpg,NO_EXACT_MATCH,,,
val,02565.jpg,NO_EXACT_MATCH,,,
val,02566.jpg,NO_EXACT_MATCH,,,
val,02567.jpg,NO_EXACT_MATCH,,,
val,02568.jpg,NO_EXACT_MATCH,,,
val,02569.jpg,NO_EXACT_MATCH,,,
val,02570.jpg,NO_EXACT_MATCH,,,
val,02571.jpg,NO_EXACT_MATCH,,,
val,02572.jpg,NO_EXACT_MATCH,,,
val,02573.jpg,NO_EXACT_MATCH,,,
val,02574.jpg,NO_EXACT_MATCH,,,
val,02575.jpg,NO_EXACT_MATCH,,,
val,02576.jpg,NO_EXACT_MATCH,,,
val,02577.jpg,NO_EXACT_MATCH,,,
val,02578.jpg,NO_EXACT_MATCH,,,
val,02579.jpg,NO_EXACT_MATCH,,,
val,02580.jpg,NO_EXACT_MATCH,,,
val,02581.jpg,NO_EXACT_MATCH,,,
val,02582.jpg,NO_EXACT_MATCH,,,
val,02583.jpg,NO_EXACT_MATCH,,,
val,02584.jpg,NO_EXACT_MATCH,,,
val,02585.jpg,NO_EXACT_MATCH,,,
val,02586.jpg,NO_EXACT_MATCH,,,
val,02587.jpg,NO_EXACT_MATCH,,,
val,02588.jpg,NO_EXACT_MATCH,,,
val,02589.jpg,NO_EXACT_MATCH,,,
val,02590.jpg,NO_EXACT_MATCH,,,
val,02591.jpg,NO_EXACT_MATCH,,,
val,02592.jpg,NO_EXACT_MATCH,,,
val,02593.jpg,NO_EXACT_MATCH,,,
val,02594.jpg,NO_EXACT_MATCH,,,
val,02595.jpg,NO_EXACT_MATCH,,,
val,02596.jpg,NO_EXACT_MATCH,,,
val,02597.jpg,NO_EXACT_MATCH,,,
val,02598.jpg,NO_EXACT_MATCH,,,
val,02599.jpg,NO_EXACT_MATCH,,,
val,02600.jpg,NO_EXACT_MATCH,,,
test,00001.jpg,NO_EXACT_MATCH,,,
test,00002.jpg,NO_EXACT_MATCH,,,
test,00003.jpg,NO_EXACT_MATCH,,,
test,00004.jpg,NO_EXACT_MATCH,,,
test,00005.jpg,NO_EXACT_MATCH,,,
test,00006.jpg,NO_EXACT_MATCH,,,
test,00007.jpg,NO_EXACT_MATCH,,,
test,00008.jpg,NO_EXACT_MATCH,,,
test,00009.jpg,NO_EXACT_MATCH,,,
test,00010.jpg,NO_EXACT_MATCH,,,
test,00011.jpg,NO_EXACT_MATCH,,,
test,00012.jpg,NO_EXACT_MATCH,,,
test,00013.jpg,NO_EXACT_MATCH,,,
test,00014.jpg,NO_EXACT_MATCH,,,
test,00015.jpg,NO_EXACT_MATCH,,,
test,00016.jpg,NO_EXACT_MATCH,,,
test,00017.jpg,NO_EXACT_MATCH,,,
test,00018.jpg,NO_EXACT_MATCH,,,
test,00019.jpg,NO_EXACT_MATCH,,,
test,00020.jpg,NO_EXACT_MATCH,,,
test,00021.jpg,NO_EXACT_MATCH,,,
test,00022.jpg,NO_EXACT_MATCH,,,
test,00023.jpg,NO_EXACT_MATCH,,,
test,00024.jpg,NO_EXACT_MATCH,,,
test,00025.jpg,NO_EXACT_MATCH,,,
test,00026.jpg,NO_EXACT_MATCH,,,
test,00027.jpg,NO_EXACT_MATCH,,,
test,00028.jpg,NO_EXACT_MATCH,,,
test,00029.jpg,NO_EXACT_MATCH,,,
test,00030.jpg,NO_EXACT_MATCH,,,
test,00031.jpg,NO_EXACT_MATCH,,,
test,00032.jpg,NO_EXACT_MATCH,,,
test,00033.jpg,NO_EXACT_MATCH,,,
test,00034.jpg,NO_EXACT_MATCH,,,
test,00035.jpg,NO_EXACT_MATCH,,,
test,00036.jpg,NO_EXACT_MATCH,,,
test,00037.jpg,NO_EXACT_MATCH,,,
test,00038.jpg,NO_EXACT_MATCH,,,
test,00039.jpg,NO_EXACT_MATCH,,,
test,00040.jpg,NO_EXACT_MATCH,,,
test,00041.jpg,NO_EXACT_MATCH,,,
test,00042.jpg,NO_EXACT_MATCH,,,
test,00043.jpg,NO_EXACT_MATCH,,,
test,00044.jpg,NO_EXACT_MATCH,,,
test,00045.jpg,NO_EXACT_MATCH,,,
test,00046.jpg,NO_EXACT_MATCH,,,
test,00047.jpg,NO_EXACT_MATCH,,,
test,00048.jpg,NO_EXACT_MATCH,,,
test,00049.jpg,NO_EXACT_MATCH,,,
test,00050.jpg,NO_EXACT_MATCH,,,
test,00051.jpg,NO_EXACT_MATCH,,,
test,00052.jpg,NO_EXACT_MATCH,,,
test,00053.jpg,NO_EXACT_MATCH,,,
test,00054.jpg,NO_EXACT_MATCH,,,
test,00055.jpg,NO_EXACT_MATCH,,,
test,00056.jpg,NO_EXACT_MATCH,,,
test,00057.jpg,NO_EXACT_MATCH,,,
test,00058.jpg,NO_EXACT_MATCH,,,
test,00059.jpg,NO_EXACT_MATCH,,,
test,00060.jpg,NO_EXACT_MATCH,,,
test,00061.jpg,NO_EXACT_MATCH,,,
test,00062.jpg,NO_EXACT_MATCH,,,
test,00063.jpg,NO_EXACT_MATCH,,,
test,00064.jpg,NO_EXACT_MATCH,,,
test,00065.jpg,NO_EXACT_MATCH,,,
test,00066.jpg,NO_EXACT_MATCH,,,
test,00067.jpg,NO_EXACT_MATCH,,,
test,00068.jpg,NO_EXACT_MATCH,,,
test,00069.jpg,NO_EXACT_MATCH,,,
test,00070.jpg,NO_EXACT_MATCH,,,
test,00071.jpg,NO_EXACT_MATCH,,,
test,00072.jpg,NO_EXACT_MATCH,,,
test,00073.jpg,NO_EXACT_MATCH,,,
test,00074.jpg,NO_EXACT_MATCH,,,
test,00075.jpg,NO_EXACT_MATCH,,,
test,00076.jpg,NO_EXACT_MATCH,,,
test,00077.jpg,NO_EXACT_MATCH,,,
test,00078.jpg,NO_EXACT_MATCH,,,
test,00079.jpg,NO_EXACT_MATCH,,,
test,00080.jpg,NO_EXACT_MATCH,,,
test,00081.jpg,NO_EXACT_MATCH,,,
test,00082.jpg,NO_EXACT_MATCH,,,
test,00083.jpg,NO_EXACT_MATCH,,,
test,00084.jpg,NO_EXACT_MATCH,,,
test,00085.jpg,NO_EXACT_MATCH,,,
test,00086.jpg,NO_EXACT_MATCH,,,
test,00087.jpg,NO_EXACT_MATCH,,,
test,00088.jpg,NO_EXACT_MATCH,,,
test,00089.jpg,NO_EXACT_MATCH,,,
test,00090.jpg,NO_EXACT_MATCH,,,
test,00091.jpg,NO_EXACT_MATCH,,,
test,00092.jpg,NO_EXACT_MATCH,,,
test,00093.jpg,NO_EXACT_MATCH,,,
test,00094.jpg,NO_EXACT_MATCH,,,
test,00095.jpg,NO_EXACT_MATCH,,,
test,00096.jpg,NO_EXACT_MATCH,,,
test,00097.jpg,NO_EXACT_MATCH,,,
test,00098.jpg,NO_EXACT_MATCH,,,
test,00099.jpg,NO_EXACT_MATCH,,,
test,00100.jpg,NO_EXACT_MATCH,,,
test,00101.jpg,NO_EXACT_MATCH,,,
test,00102.jpg,NO_EXACT_MATCH,,,
test,00103.jpg,NO_EXACT_MATCH,,,
test,00104.jpg,NO_EXACT_MATCH,,,
test,00105.jpg,NO_EXACT_MATCH,,,
test,00106.jpg,NO_EXACT_MATCH,,,
test,00107.jpg,NO_EXACT_MATCH,,,
test,00108.jpg,NO_EXACT_MATCH,,,
test,00109.jpg,NO_EXACT_MATCH,,,
test,00110.jpg,NO_EXACT_MATCH,,,
test,00111.jpg,NO_EXACT_MATCH,,,
test,00112.jpg,NO_EXACT_MATCH,,,
test,00113.jpg,NO_EXACT_MATCH,,,
test,00114.jpg,NO_EXACT_MATCH,,,
test,00115.jpg,NO_EXACT_MATCH,,,
test,00116.jpg,NO_EXACT_MATCH,,,
test,00117.jpg,NO_EXACT_MATCH,,,
test,00118.jpg,NO_EXACT_MATCH,,,
test,00119.jpg,NO_EXACT_MATCH,,,
test,00120.jpg,NO_EXACT_MATCH,,,
test,00121.jpg,NO_EXACT_MATCH,,,
test,00122.jpg,NO_EXACT_MATCH,,,
test,00123.jpg,NO_EXACT_MATCH,,,
test,00124.jpg,NO_EXACT_MATCH,,,
test,00125.jpg,NO_EXACT_MATCH,,,
test,00126.jpg,NO_EXACT_MATCH,,,
test,00127.jpg,NO_EXACT_MATCH,,,
test,00128.jpg,NO_EXACT_MATCH,,,
test,00129.jpg,NO_EXACT_MATCH,,,
test,00130.jpg,NO_EXACT_MATCH,,,
test,00131.jpg,NO_EXACT_MATCH,,,
test,00132.jpg,NO_EXACT_MATCH,,,
test,00133.jpg,NO_EXACT_MATCH,,,
test,00134.jpg,NO_EXACT_MATCH,,,
test,00135.jpg,NO_EXACT_MATCH,,,
test,00136.jpg,NO_EXACT_MATCH,,,
test,00137.jpg,NO_EXACT_MATCH,,,
test,00138.jpg,NO_EXACT_MATCH,,,
test,00139.jpg,NO_EXACT_MATCH,,,
test,00140.jpg,NO_EXACT_MATCH,,,
test,00141.jpg,NO_EXACT_MATCH,,,
test,00142.jpg,NO_EXACT_MATCH,,,
test,00143.jpg,NO_EXACT_MATCH,,,
test,00144.jpg,NO_EXACT_MATCH,,,
test,00145.jpg,NO_EXACT_MATCH,,,
test,00146.jpg,NO_EXACT_MATCH,,,
test,00147.jpg,NO_EXACT_MATCH,,,
test,00148.jpg,NO_EXACT_MATCH,,,
test,00149.jpg,NO_EXACT_MATCH,,,
test,00150.jpg,NO_EXACT_MATCH,,,
test,00151.jpg,NO_EXACT_MATCH,,,
test,00152.jpg,NO_EXACT_MATCH,,,
test,00153.jpg,NO_EXACT_MATCH,,,
test,00154.jpg,NO_EXACT_MATCH,,,
test,00155.jpg,NO_EXACT_MATCH,,,
test,00156.jpg,NO_EXACT_MATCH,,,
test,00157.jpg,NO_EXACT_MATCH,,,
test,00158.jpg,NO_EXACT_MATCH,,,
test,00159.jpg,NO_EXACT_MATCH,,,
test,00160.jpg,NO_EXACT_MATCH,,,
test,00161.jpg,NO_EXACT_MATCH,,,
test,00162.jpg,NO_EXACT_MATCH,,,
test,00163.jpg,NO_EXACT_MATCH,,,
test,00164.jpg,NO_EXACT_MATCH,,,
test,00165.jpg,NO_EXACT_MATCH,,,
test,00166.jpg,NO_EXACT_MATCH,,,
test,00167.jpg,NO_EXACT_MATCH,,,
test,00168.jpg,NO_EXACT_MATCH,,,
test,00169.jpg,NO_EXACT_MATCH,,,
test,00170.jpg,NO_EXACT_MATCH,,,
test,00171.jpg,NO_EXACT_MATCH,,,
test,00172.jpg,NO_EXACT_MATCH,,,
test,00173.jpg,NO_EXACT_MATCH,,,
test,00174.jpg,NO_EXACT_MATCH,,,
test,00175.jpg,NO_EXACT_MATCH,,,
test,00176.jpg,NO_EXACT_MATCH,,,
test,00177.jpg,NO_EXACT_MATCH,,,
test,00178.jpg,NO_EXACT_MATCH,,,
test,00179.jpg,NO_EXACT_MATCH,,,
test,00180.jpg,NO_EXACT_MATCH,,,
test,00181.jpg,NO_EXACT_MATCH,,,
test,00182.jpg,NO_EXACT_MATCH,,,
test,00183.jpg,NO_EXACT_MATCH,,,
test,00184.jpg,NO_EXACT_MATCH,,,
test,00185.jpg,NO_EXACT_MATCH,,,
test,00186.jpg,NO_EXACT_MATCH,,,
test,00187.jpg,NO_EXACT_MATCH,,,
test,00188.jpg,NO_EXACT_MATCH,,,
test,00189.jpg,NO_EXACT_MATCH,,,
test,00190.jpg,NO_EXACT_MATCH,,,
test,00191.jpg,NO_EXACT_MATCH,,,
test,00192.jpg,NO_EXACT_MATCH,,,
test,00193.jpg,NO_EXACT_MATCH,,,
test,00194.jpg,NO_EXACT_MATCH,,,
test,00195.jpg,NO_EXACT_MATCH,,,
test,00196.jpg,NO_EXACT_MATCH,,,
test,00197.jpg,NO_EXACT_MATCH,,,
test,00198.jpg,NO_EXACT_MATCH,,,
test,00199.jpg,NO_EXACT_MATCH,,,
test,00200.jpg,NO_EXACT_MATCH,,,
test,00201.jpg,NO_EXACT_MATCH,,,
test,00202.jpg,NO_EXACT_MATCH,,,
test,00203.jpg,NO_EXACT_MATCH,,,
test,00204.jpg,NO_EXACT_MATCH,,,
test,00205.jpg,NO_EXACT_MATCH,,,
test,00206.jpg,NO_EXACT_MATCH,,,
test,00207.jpg,NO_EXACT_MATCH,,,
test,00208.jpg,NO_EXACT_MATCH,,,
test,00209.jpg,NO_EXACT_MATCH,,,
test,00210.jpg,NO_EXACT_MATCH,,,
test,00211.jpg,NO_EXACT_MATCH,,,
test,00212.jpg,NO_EXACT_MATCH,,,
test,00213.jpg,NO_EXACT_MATCH,,,
test,00214.jpg,NO_EXACT_MATCH,,,
test,00215.jpg,NO_EXACT_MATCH,,,
test,00216.jpg,NO_EXACT_MATCH,,,
test,00217.jpg,NO_EXACT_MATCH,,,
test,00218.jpg,NO_EXACT_MATCH,,,
test,00219.jpg,NO_EXACT_MATCH,,,
test,00220.jpg,NO_EXACT_MATCH,,,
test,00221.jpg,NO_EXACT_MATCH,,,
test,00222.jpg,NO_EXACT_MATCH,,,
test,00223.jpg,NO_EXACT_MATCH,,,
test,00224.jpg,NO_EXACT_MATCH,,,
test,00225.jpg,NO_EXACT_MATCH,,,
test,00226.jpg,NO_EXACT_MATCH,,,
test,00227.jpg,NO_EXACT_MATCH,,,
test,00228.jpg,NO_EXACT_MATCH,,,
test,00229.jpg,NO_EXACT_MATCH,,,
test,00230.jpg,NO_EXACT_MATCH,,,
test,00231.jpg,NO_EXACT_MATCH,,,
test,00232.jpg,NO_EXACT_MATCH,,,
test,00233.jpg,NO_EXACT_MATCH,,,
test,00234.jpg,NO_EXACT_MATCH,,,
test,00235.jpg,NO_EXACT_MATCH,,,
test,00236.jpg,NO_EXACT_MATCH,,,
test,00237.jpg,NO_EXACT_MATCH,,,
test,00238.jpg,NO_EXACT_MATCH,,,
test,00239.jpg,NO_EXACT_MATCH,,,
test,00240.jpg,NO_EXACT_MATCH,,,
test,00241.jpg,NO_EXACT_MATCH,,,
test,00242.jpg,NO_EXACT_MATCH,,,
test,00243.jpg,NO_EXACT_MATCH,,,
test,00244.jpg,NO_EXACT_MATCH,,,
test,00245.jpg,NO_EXACT_MATCH,,,
test,00246.jpg,NO_EXACT_MATCH,,,
test,00247.jpg,NO_EXACT_MATCH,,,
test,00248.jpg,NO_EXACT_MATCH,,,
test,00249.jpg,NO_EXACT_MATCH,,,
test,00250.jpg,NO_EXACT_MATCH,,,
test,00251.jpg,NO_EXACT_MATCH,,,
test,00252.jpg,NO_EXACT_MATCH,,,
test,00253.jpg,NO_EXACT_MATCH,,,
test,00254.jpg,NO_EXACT_MATCH,,,
test,00255.jpg,NO_EXACT_MATCH,,,
test,00256.jpg,NO_EXACT_MATCH,,,
test,00257.jpg,NO_EXACT_MATCH,,,
test,00258.jpg,NO_EXACT_MATCH,,,
test,00259.jpg,NO_EXACT_MATCH,,,
test,00260.jpg,NO_EXACT_MATCH,,,
test,00261.jpg,NO_EXACT_MATCH,,,
test,00262.jpg,NO_EXACT_MATCH,,,
test,00263.jpg,NO_EXACT_MATCH,,,
test,00264.jpg,NO_EXACT_MATCH,,,
test,00265.jpg,NO_EXACT_MATCH,,,
test,00266.jpg,NO_EXACT_MATCH,,,
test,00267.jpg,NO_EXACT_MATCH,,,
test,00268.jpg,NO_EXACT_MATCH,,,
test,00269.jpg,NO_EXACT_MATCH,,,
test,00270.jpg,NO_EXACT_MATCH,,,
test,00271.jpg,NO_EXACT_MATCH,,,
test,00272.jpg,NO_EXACT_MATCH,,,
test,00273.jpg,NO_EXACT_MATCH,,,
test,00274.jpg,NO_EXACT_MATCH,,,
test,00275.jpg,NO_EXACT_MATCH,,,
test,00276.jpg,NO_EXACT_MATCH,,,
test,00277.jpg,NO_EXACT_MATCH,,,
test,00278.jpg,NO_EXACT_MATCH,,,
test,00279.jpg,NO_EXACT_MATCH,,,
test,00280.jpg,NO_EXACT_MATCH,,,
test,00281.jpg,NO_EXACT_MATCH,,,
test,00282.jpg,NO_EXACT_MATCH,,,
test,00283.jpg,NO_EXACT_MATCH,,,
test,00284.jpg,NO_EXACT_MATCH,,,
test,00285.jpg,NO_EXACT_MATCH,,,
test,00286.jpg,NO_EXACT_MATCH,,,
test,00287.jpg,NO_EXACT_MATCH,,,
test,00288.jpg,NO_EXACT_MATCH,,,
test,00289.jpg,NO_EXACT_MATCH,,,
test,00290.jpg,NO_EXACT_MATCH,,,
test,00291.jpg,NO_EXACT_MATCH,,,
test,00292.jpg,NO_EXACT_MATCH,,,
test,00293.jpg,NO_EXACT_MATCH,,,
test,00294.jpg,NO_EXACT_MATCH,,,
test,00295.jpg,NO_EXACT_MATCH,,,
test,00296.jpg,NO_EXACT_MATCH,,,
test,00297.jpg,NO_EXACT_MATCH,,,
test,00298.jpg,NO_EXACT_MATCH,,,
test,00299.jpg,NO_EXACT_MATCH,,,
test,00300.jpg,NO_EXACT_MATCH,,,
test,00301.jpg,NO_EXACT_MATCH,,,
test,00302.jpg,NO_EXACT_MATCH,,,
test,00303.jpg,NO_EXACT_MATCH,,,
test,00304.jpg,NO_EXACT_MATCH,,,
test,00305.jpg,NO_EXACT_MATCH,,,
test,00306.jpg,NO_EXACT_MATCH,,,
test,00307.jpg,NO_EXACT_MATCH,,,
test,00308.jpg,NO_EXACT_MATCH,,,
test,00309.jpg,NO_EXACT_MATCH,,,
test,00310.jpg,NO_EXACT_MATCH,,,
test,00311.jpg,NO_EXACT_MATCH,,,
test,00312.jpg,NO_EXACT_MATCH,,,
test,00313.jpg,NO_EXACT_MATCH,,,
test,00314.jpg,NO_EXACT_MATCH,,,
test,00315.jpg,NO_EXACT_MATCH,,,
test,00316.jpg,NO_EXACT_MATCH,,,
test,00317.jpg,NO_EXACT_MATCH,,,
test,00318.jpg,NO_EXACT_MATCH,,,
test,00319.jpg,NO_EXACT_MATCH,,,
test,00320.jpg,NO_EXACT_MATCH,,,
test,00321.jpg,NO_EXACT_MATCH,,,
test,00322.jpg,NO_EXACT_MATCH,,,
test,00323.jpg,NO_EXACT_MATCH,,,
test,00324.jpg,NO_EXACT_MATCH,,,
test,00325.jpg,NO_EXACT_MATCH,,,
test,00326.jpg,NO_EXACT_MATCH,,,
test,00327.jpg,NO_EXACT_MATCH,,,
test,00328.jpg,NO_EXACT_MATCH,,,
test,00329.jpg,NO_EXACT_MATCH,,,
test,00330.jpg,NO_EXACT_MATCH,,,
test,00331.jpg,NO_EXACT_MATCH,,,
test,00332.jpg,NO_EXACT_MATCH,,,
test,00333.jpg,NO_EXACT_MATCH,,,
test,00334.jpg,NO_EXACT_MATCH,,,
test,00335.jpg,NO_EXACT_MATCH,,,
test,00336.jpg,NO_EXACT_MATCH,,,
test,00337.jpg,NO_EXACT_MATCH,,,
test,00338.jpg,NO_EXACT_MATCH,,,
test,00339.jpg,NO_EXACT_MATCH,,,
test,00340.jpg,NO_EXACT_MATCH,,,
test,00341.jpg,NO_EXACT_MATCH,,,
test,00342.jpg,NO_EXACT_MATCH,,,
test,00343.jpg,NO_EXACT_MATCH,,,
test,00344.jpg,NO_EXACT_MATCH,,,
test,00345.jpg,NO_EXACT_MATCH,,,
test,00346.jpg,NO_EXACT_MATCH,,,
test,00347.jpg,NO_EXACT_MATCH,,,
test,00348.jpg,NO_EXACT_MATCH,,,
test,00349.jpg,NO_EXACT_MATCH,,,
test,00350.jpg,NO_EXACT_MATCH,,,
test,00351.jpg,NO_EXACT_MATCH,,,
test,00352.jpg,NO_EXACT_MATCH,,,
test,00353.jpg,NO_EXACT_MATCH,,,
test,00354.jpg,NO_EXACT_MATCH,,,
test,00355.jpg,NO_EXACT_MATCH,,,
test,00356.jpg,NO_EXACT_MATCH,,,
test,00357.jpg,NO_EXACT_MATCH,,,
test,00358.jpg,NO_EXACT_MATCH,,,
test,00359.jpg,NO_EXACT_MATCH,,,
test,00360.jpg,NO_EXACT_MATCH,,,
test,00361.jpg,NO_EXACT_MATCH,,,
test,00362.jpg,NO_EXACT_MATCH,,,
test,00363.jpg,NO_EXACT_MATCH,,,
test,00364.jpg,NO_EXACT_MATCH,,,
test,00365.jpg,NO_EXACT_MATCH,,,
test,00366.jpg,NO_EXACT_MATCH,,,
test,00367.jpg,NO_EXACT_MATCH,,,
test,00368.jpg,NO_EXACT_MATCH,,,
test,00369.jpg,NO_EXACT_MATCH,,,
test,00370.jpg,NO_EXACT_MATCH,,,
test,00371.jpg,NO_EXACT_MATCH,,,
test,00372.jpg,NO_EXACT_MATCH,,,
test,00373.jpg,NO_EXACT_MATCH,,,
test,00374.jpg,NO_EXACT_MATCH,,,
test,00375.jpg,NO_EXACT_MATCH,,,
test,00376.jpg,NO_EXACT_MATCH,,,
test,00377.jpg,NO_EXACT_MATCH,,,
test,00378.jpg,NO_EXACT_MATCH,,,
test,00379.jpg,NO_EXACT_MATCH,,,
test,00380.jpg,NO_EXACT_MATCH,,,
test,00381.jpg,NO_EXACT_MATCH,,,
test,00382.jpg,NO_EXACT_MATCH,,,
test,00383.jpg,NO_EXACT_MATCH,,,
test,00384.jpg,NO_EXACT_MATCH,,,
test,00385.jpg,NO_EXACT_MATCH,,,
test,00386.jpg,NO_EXACT_MATCH,,,
test,00387.jpg,NO_EXACT_MATCH,,,
test,00388.jpg,NO_EXACT_MATCH,,,
test,00389.jpg,NO_EXACT_MATCH,,,
test,00390.jpg,NO_EXACT_MATCH,,,
test,00391.jpg,NO_EXACT_MATCH,,,
test,00392.jpg,NO_EXACT_MATCH,,,
test,00393.jpg,NO_EXACT_MATCH,,,
test,00394.jpg,NO_EXACT_MATCH,,,
test,00395.jpg,NO_EXACT_MATCH,,,
test,00396.jpg,NO_EXACT_MATCH,,,
test,00397.jpg,NO_EXACT_MATCH,,,
test,00398.jpg,NO_EXACT_MATCH,,,
test,00399.jpg,NO_EXACT_MATCH,,,
test,00400.jpg,NO_EXACT_MATCH,,,
test,00401.jpg,NO_EXACT_MATCH,,,
test,00402.jpg,NO_EXACT_MATCH,,,
test,00403.jpg,NO_EXACT_MATCH,,,
test,00404.jpg,NO_EXACT_MATCH,,,
test,00405.jpg,NO_EXACT_MATCH,,,
test,00406.jpg,NO_EXACT_MATCH,,,
test,00407.jpg,NO_EXACT_MATCH,,,
test,00408.jpg,NO_EXACT_MATCH,,,
test,00409.jpg,NO_EXACT_MATCH,,,
test,00410.jpg,NO_EXACT_MATCH,,,
test,00411.jpg,NO_EXACT_MATCH,,,
test,00412.jpg,NO_EXACT_MATCH,,,
test,00413.jpg,NO_EXACT_MATCH,,,
test,00414.jpg,NO_EXACT_MATCH,,,
test,00415.jpg,NO_EXACT_MATCH,,,
test,00416.jpg,NO_EXACT_MATCH,,,
test,00417.jpg,NO_EXACT_MATCH,,,
test,00418.jpg,NO_EXACT_MATCH,,,
test,00419.jpg,NO_EXACT_MATCH,,,
test,00420.jpg,NO_EXACT_MATCH,,,
test,00421.jpg,NO_EXACT_MATCH,,,
test,00422.jpg,NO_EXACT_MATCH,,,
test,00423.jpg,NO_EXACT_MATCH,,,
test,00424.jpg,NO_EXACT_MATCH,,,
test,00425.jpg,NO_EXACT_MATCH,,,
test,00426.jpg,NO_EXACT_MATCH,,,
test,00427.jpg,NO_EXACT_MATCH,,,
test,00428.jpg,NO_EXACT_MATCH,,,
test,00429.jpg,NO_EXACT_MATCH,,,
test,00430.jpg,NO_EXACT_MATCH,,,
test,00431.jpg,NO_EXACT_MATCH,,,
test,00432.jpg,NO_EXACT_MATCH,,,
test,00433.jpg,NO_EXACT_MATCH,,,
test,00434.jpg,NO_EXACT_MATCH,,,
test,00435.jpg,NO_EXACT_MATCH,,,
test,00436.jpg,NO_EXACT_MATCH,,,
test,00437.jpg,NO_EXACT_MATCH,,,
test,00438.jpg,NO_EXACT_MATCH,,,
test,00439.jpg,NO_EXACT_MATCH,,,
test,00440.jpg,NO_EXACT_MATCH,,,
test,00441.jpg,NO_EXACT_MATCH,,,
test,00442.jpg,NO_EXACT_MATCH,,,
test,00443.jpg,NO_EXACT_MATCH,,,
test,00444.jpg,NO_EXACT_MATCH,,,
test,00445.jpg,NO_EXACT_MATCH,,,
test,00446.jpg,NO_EXACT_MATCH,,,
test,00447.jpg,NO_EXACT_MATCH,,,
test,00448.jpg,NO_EXACT_MATCH,,,
test,00449.jpg,NO_EXACT_MATCH,,,
test,00450.jpg,NO_EXACT_MATCH,,,
test,00451.jpg,NO_EXACT_MATCH,,,
test,00452.jpg,NO_EXACT_MATCH,,,
test,00453.jpg,NO_EXACT_MATCH,,,
test,00454.jpg,NO_EXACT_MATCH,,,
test,00455.jpg,NO_EXACT_MATCH,,,
test,00456.jpg,NO_EXACT_MATCH,,,
test,00457.jpg,NO_EXACT_MATCH,,,
test,00458.jpg,NO_EXACT_MATCH,,,
test,00459.jpg,NO_EXACT_MATCH,,,
test,00460.jpg,NO_EXACT_MATCH,,,
test,00461.jpg,NO_EXACT_MATCH,,,
test,00462.jpg,NO_EXACT_MATCH,,,
test,00463.jpg,NO_EXACT_MATCH,,,
test,00464.jpg,NO_EXACT_MATCH,,,
test,00465.jpg,NO_EXACT_MATCH,,,
test,00466.jpg,NO_EXACT_MATCH,,,
test,00467.jpg,NO_EXACT_MATCH,,,
test,00468.jpg,NO_EXACT_MATCH,,,
test,00469.jpg,NO_EXACT_MATCH,,,
test,00470.jpg,NO_EXACT_MATCH,,,
test,00471.jpg,NO_EXACT_MATCH,,,
test,00472.jpg,NO_EXACT_MATCH,,,
test,00473.jpg,NO_EXACT_MATCH,,,
test,00474.jpg,NO_EXACT_MATCH,,,
test,00475.jpg,NO_EXACT_MATCH,,,
test,00476.jpg,NO_EXACT_MATCH,,,
test,00477.jpg,NO_EXACT_MATCH,,,
test,00478.jpg,NO_EXACT_MATCH,,,
test,00479.jpg,NO_EXACT_MATCH,,,
test,00480.jpg,NO_EXACT_MATCH,,,
test,00481.jpg,NO_EXACT_MATCH,,,
test,00482.jpg,NO_EXACT_MATCH,,,
test,00483.jpg,NO_EXACT_MATCH,,,
test,00484.jpg,NO_EXACT_MATCH,,,
test,00485.jpg,NO_EXACT_MATCH,,,
test,00486.jpg,NO_EXACT_MATCH,,,
test,00487.jpg,NO_EXACT_MATCH,,,
test,00488.jpg,NO_EXACT_MATCH,,,
test,00489.jpg,NO_EXACT_MATCH,,,
test,00490.jpg,NO_EXACT_MATCH,,,
test,00491.jpg,NO_EXACT_MATCH,,,
test,00492.jpg,NO_EXACT_MATCH,,,
test,00493.jpg,NO_EXACT_MATCH,,,
test,00494.jpg,NO_EXACT_MATCH,,,
test,00495.jpg,NO_EXACT_MATCH,,,
test,00496.jpg,NO_EXACT_MATCH,,,
test,00497.jpg,NO_EXACT_MATCH,,,
test,00498.jpg,NO_EXACT_MATCH,,,
test,00499.jpg,NO_EXACT_MATCH,,,
test,00500.jpg,NO_EXACT_MATCH,,,
test,00501.jpg,NO_EXACT_MATCH,,,
test,00502.jpg,NO_EXACT_MATCH,,,
test,00503.jpg,NO_EXACT_MATCH,,,
test,00504.jpg,NO_EXACT_MATCH,,,
test,00505.jpg,NO_EXACT_MATCH,,,
test,00506.jpg,NO_EXACT_MATCH,,,
test,00507.jpg,NO_EXACT_MATCH,,,
test,00508.jpg,NO_EXACT_MATCH,,,
test,00509.jpg,NO_EXACT_MATCH,,,
test,00510.jpg,NO_EXACT_MATCH,,,
test,00511.jpg,NO_EXACT_MATCH,,,
test,00512.jpg,NO_EXACT_MATCH,,,
test,00513.jpg,NO_EXACT_MATCH,,,
test,00514.jpg,NO_EXACT_MATCH,,,
test,00515.jpg,NO_EXACT_MATCH,,,
test,00516.jpg,NO_EXACT_MATCH,,,
test,00517.jpg,NO_EXACT_MATCH,,,
test,00518.jpg,NO_EXACT_MATCH,,,
test,00519.jpg,NO_EXACT_MATCH,,,
test,00520.jpg,NO_EXACT_MATCH,,,
test,00521.jpg,NO_EXACT_MATCH,,,
test,00522.jpg,NO_EXACT_MATCH,,,
test,00523.jpg,NO_EXACT_MATCH,,,
test,00524.jpg,NO_EXACT_MATCH,,,
test,00525.jpg,NO_EXACT_MATCH,,,
test,00526.jpg,NO_EXACT_MATCH,,,
test,00527.jpg,NO_EXACT_MATCH,,,
test,00528.jpg,NO_EXACT_MATCH,,,
test,00529.jpg,NO_EXACT_MATCH,,,
test,00530.jpg,NO_EXACT_MATCH,,,
test,00531.jpg,NO_EXACT_MATCH,,,
test,00532.jpg,NO_EXACT_MATCH,,,
test,00533.jpg,NO_EXACT_MATCH,,,
test,00534.jpg,NO_EXACT_MATCH,,,
test,00535.jpg,NO_EXACT_MATCH,,,
test,00536.jpg,NO_EXACT_MATCH,,,
test,00537.jpg,NO_EXACT_MATCH,,,
test,00538.jpg,NO_EXACT_MATCH,,,
test,00539.jpg,NO_EXACT_MATCH,,,
test,00540.jpg,NO_EXACT_MATCH,,,
test,00541.jpg,NO_EXACT_MATCH,,,
test,00542.jpg,NO_EXACT_MATCH,,,
test,00543.jpg,NO_EXACT_MATCH,,,
test,00544.jpg,NO_EXACT_MATCH,,,
test,00545.jpg,NO_EXACT_MATCH,,,
test,00546.jpg,NO_EXACT_MATCH,,,
test,00547.jpg,NO_EXACT_MATCH,,,
test,00548.jpg,NO_EXACT_MATCH,,,
test,00549.jpg,NO_EXACT_MATCH,,,
test,00550.jpg,NO_EXACT_MATCH,,,
test,00551.jpg,NO_EXACT_MATCH,,,
test,00552.jpg,NO_EXACT_MATCH,,,
test,00553.jpg,NO_EXACT_MATCH,,,
test,00554.jpg,NO_EXACT_MATCH,,,
test,00555.jpg,NO_EXACT_MATCH,,,
test,00556.jpg,NO_EXACT_MATCH,,,
test,00557.jpg,NO_EXACT_MATCH,,,
test,00558.jpg,NO_EXACT_MATCH,,,
test,00559.jpg,NO_EXACT_MATCH,,,
test,00560.jpg,NO_EXACT_MATCH,,,
test,00561.jpg,NO_EXACT_MATCH,,,
test,00562.jpg,NO_EXACT_MATCH,,,
test,00563.jpg,NO_EXACT_MATCH,,,
test,00564.jpg,NO_EXACT_MATCH,,,
test,00565.jpg,NO_EXACT_MATCH,,,
test,00566.jpg,NO_EXACT_MATCH,,,
test,00567.jpg,NO_EXACT_MATCH,,,
test,00568.jpg,NO_EXACT_MATCH,,,
test,00569.jpg,NO_EXACT_MATCH,,,
test,00570.jpg,NO_EXACT_MATCH,,,
test,00571.jpg,NO_EXACT_MATCH,,,
test,00572.jpg,NO_EXACT_MATCH,,,
test,00573.jpg,NO_EXACT_MATCH,,,
test,00574.jpg,NO_EXACT_MATCH,,,
test,00575.jpg,NO_EXACT_MATCH,,,
test,00576.jpg,NO_EXACT_MATCH,,,
test,00577.jpg,NO_EXACT_MATCH,,,
test,00578.jpg,NO_EXACT_MATCH,,,
test,00579.jpg,NO_EXACT_MATCH,,,
test,00580.jpg,NO_EXACT_MATCH,,,
test,00581.jpg,NO_EXACT_MATCH,,,
test,00582.jpg,NO_EXACT_MATCH,,,
test,00583.jpg,NO_EXACT_MATCH,,,
test,00584.jpg,NO_EXACT_MATCH,,,
test,00585.jpg,NO_EXACT_MATCH,,,
test,00586.jpg,NO_EXACT_MATCH,,,
test,00587.jpg,NO_EXACT_MATCH,,,
test,00588.jpg,NO_EXACT_MATCH,,,
test,00589.jpg,NO_EXACT_MATCH,,,
test,00590.jpg,NO_EXACT_MATCH,,,
test,00591.jpg,NO_EXACT_MATCH,,,
test,00592.jpg,NO_EXACT_MATCH,,,
test,00593.jpg,NO_EXACT_MATCH,,,
test,00594.jpg,NO_EXACT_MATCH,,,
test,00595.jpg,NO_EXACT_MATCH,,,
test,00596.jpg,NO_EXACT_MATCH,,,
test,00597.jpg,NO_EXACT_MATCH,,,
test,00598.jpg,NO_EXACT_MATCH,,,
test,00599.jpg,NO_EXACT_MATCH,,,
test,00600.jpg,NO_EXACT_MATCH,,,
test,00601.jpg,NO_EXACT_MATCH,,,
test,00602.jpg,NO_EXACT_MATCH,,,
test,00603.jpg,NO_EXACT_MATCH,,,
test,00604.jpg,NO_EXACT_MATCH,,,
test,00605.jpg,NO_EXACT_MATCH,,,
test,00606.jpg,NO_EXACT_MATCH,,,
test,00607.jpg,NO_EXACT_MATCH,,,
test,00608.jpg,NO_EXACT_MATCH,,,
test,00609.jpg,NO_EXACT_MATCH,,,
test,00610.jpg,NO_EXACT_MATCH,,,
test,00611.jpg,NO_EXACT_MATCH,,,
test,00612.jpg,NO_EXACT_MATCH,,,
test,00613.jpg,NO_EXACT_MATCH,,,
test,00614.jpg,NO_EXACT_MATCH,,,
test,00615.jpg,NO_EXACT_MATCH,,,
test,00616.jpg,NO_EXACT_MATCH,,,
test,00617.jpg,NO_EXACT_MATCH,,,
test,00618.jpg,NO_EXACT_MATCH,,,
test,00619.jpg,NO_EXACT_MATCH,,,
test,00620.jpg,NO_EXACT_MATCH,,,
test,00621.jpg,NO_EXACT_MATCH,,,
test,00622.jpg,NO_EXACT_MATCH,,,
test,00623.jpg,NO_EXACT_MATCH,,,
test,00624.jpg,NO_EXACT_MATCH,,,
test,00625.jpg,NO_EXACT_MATCH,,,
test,00626.jpg,NO_EXACT_MATCH,,,
test,00627.jpg,NO_EXACT_MATCH,,,
test,00628.jpg,NO_EXACT_MATCH,,,
test,00629.jpg,NO_EXACT_MATCH,,,
test,00630.jpg,NO_EXACT_MATCH,,,
test,00631.jpg,NO_EXACT_MATCH,,,
test,00632.jpg,NO_EXACT_MATCH,,,
test,00633.jpg,NO_EXACT_MATCH,,,
test,00634.jpg,NO_EXACT_MATCH,,,
test,00635.jpg,NO_EXACT_MATCH,,,
test,00636.jpg,NO_EXACT_MATCH,,,
test,00637.jpg,NO_EXACT_MATCH,,,
test,00638.jpg,NO_EXACT_MATCH,,,
test,00639.jpg,NO_EXACT_MATCH,,,
test,00640.jpg,NO_EXACT_MATCH,,,
test,00641.jpg,NO_EXACT_MATCH,,,
test,00642.jpg,NO_EXACT_MATCH,,,
test,00643.jpg,NO_EXACT_MATCH,,,
test,00644.jpg,NO_EXACT_MATCH,,,
test,00645.jpg,NO_EXACT_MATCH,,,
test,00646.jpg,NO_EXACT_MATCH,,,
test,00647.jpg,NO_EXACT_MATCH,,,
test,00648.jpg,NO_EXACT_MATCH,,,
test,00649.jpg,NO_EXACT_MATCH,,,
test,00650.jpg,NO_EXACT_MATCH,,,
test,00651.jpg,NO_EXACT_MATCH,,,
test,00652.jpg,NO_EXACT_MATCH,,,
test,00653.jpg,NO_EXACT_MATCH,,,
test,00654.jpg,NO_EXACT_MATCH,,,
test,00655.jpg,NO_EXACT_MATCH,,,
test,00656.jpg,NO_EXACT_MATCH,,,
test,00657.jpg,NO_EXACT_MATCH,,,
test,00658.jpg,NO_EXACT_MATCH,,,
test,00659.jpg,NO_EXACT_MATCH,,,
test,00660.jpg,NO_EXACT_MATCH,,,
test,00661.jpg,NO_EXACT_MATCH,,,
test,00662.jpg,NO_EXACT_MATCH,,,
test,00663.jpg,NO_EXACT_MATCH,,,
test,00664.jpg,NO_EXACT_MATCH,,,
test,00665.jpg,NO_EXACT_MATCH,,,
test,00666.jpg,NO_EXACT_MATCH,,,
test,00667.jpg,NO_EXACT_MATCH,,,
test,00668.jpg,NO_EXACT_MATCH,,,
test,00669.jpg,NO_EXACT_MATCH,,,
test,00670.jpg,NO_EXACT_MATCH,,,
test,00671.jpg,NO_EXACT_MATCH,,,
test,00672.jpg,NO_EXACT_MATCH,,,
test,00673.jpg,NO_EXACT_MATCH,,,
test,00674.jpg,NO_EXACT_MATCH,,,
test,00675.jpg,NO_EXACT_MATCH,,,
test,00676.jpg,NO_EXACT_MATCH,,,
test,00677.jpg,NO_EXACT_MATCH,,,
test,00678.jpg,NO_EXACT_MATCH,,,
test,00679.jpg,NO_EXACT_MATCH,,,
test,00680.jpg,NO_EXACT_MATCH,,,
test,00681.jpg,NO_EXACT_MATCH,,,
test,00682.jpg,NO_EXACT_MATCH,,,
test,00683.jpg,NO_EXACT_MATCH,,,
test,00684.jpg,NO_EXACT_MATCH,,,
test,00685.jpg,NO_EXACT_MATCH,,,
test,00686.jpg,NO_EXACT_MATCH,,,
test,00687.jpg,NO_EXACT_MATCH,,,
test,00688.jpg,NO_EXACT_MATCH,,,
test,00689.jpg,NO_EXACT_MATCH,,,
test,00690.jpg,NO_EXACT_MATCH,,,
test,00691.jpg,NO_EXACT_MATCH,,,
test,00692.jpg,NO_EXACT_MATCH,,,
test,00693.jpg,NO_EXACT_MATCH,,,
test,00694.jpg,NO_EXACT_MATCH,,,
test,00695.jpg,NO_EXACT_MATCH,,,
test,00696.jpg,NO_EXACT_MATCH,,,
test,00697.jpg,NO_EXACT_MATCH,,,
test,00698.jpg,NO_EXACT_MATCH,,,
test,00699.jpg,NO_EXACT_MATCH,,,
test,00700.jpg,NO_EXACT_MATCH,,,
test,00701.jpg,NO_EXACT_MATCH,,,
test,00702.jpg,NO_EXACT_MATCH,,,
test,00703.jpg,NO_EXACT_MATCH,,,
test,00704.jpg,NO_EXACT_MATCH,,,
test,00705.jpg,NO_EXACT_MATCH,,,
test,00706.jpg,NO_EXACT_MATCH,,,
test,00707.jpg,NO_EXACT_MATCH,,,
test,00708.jpg,NO_EXACT_MATCH,,,
test,00709.jpg,NO_EXACT_MATCH,,,
test,00710.jpg,NO_EXACT_MATCH,,,
test,00711.jpg,NO_EXACT_MATCH,,,
test,00712.jpg,NO_EXACT_MATCH,,,
test,00713.jpg,NO_EXACT_MATCH,,,
test,00714.jpg,NO_EXACT_MATCH,,,
test,00715.jpg,NO_EXACT_MATCH,,,
test,00716.jpg,NO_EXACT_MATCH,,,
test,00717.jpg,NO_EXACT_MATCH,,,
test,00718.jpg,NO_EXACT_MATCH,,,
test,00719.jpg,NO_EXACT_MATCH,,,
test,00720.jpg,NO_EXACT_MATCH,,,
test,00721.jpg,NO_EXACT_MATCH,,,
test,00722.jpg,NO_EXACT_MATCH,,,
test,00723.jpg,NO_EXACT_MATCH,,,
test,00724.jpg,NO_EXACT_MATCH,,,
test,00725.jpg,NO_EXACT_MATCH,,,
test,00726.jpg,NO_EXACT_MATCH,,,
test,00727.jpg,NO_EXACT_MATCH,,,
test,00728.jpg,NO_EXACT_MATCH,,,
test,00729.jpg,NO_EXACT_MATCH,,,
test,00730.jpg,NO_EXACT_MATCH,,,
test,00731.jpg,NO_EXACT_MATCH,,,
test,00732.jpg,NO_EXACT_MATCH,,,
test,00733.jpg,NO_EXACT_MATCH,,,
test,00734.jpg,NO_EXACT_MATCH,,,
test,00735.jpg,NO_EXACT_MATCH,,,
test,00736.jpg,NO_EXACT_MATCH,,,
test,00737.jpg,NO_EXACT_MATCH,,,
test,00738.jpg,NO_EXACT_MATCH,,,
test,00739.jpg,NO_EXACT_MATCH,,,
test,00740.jpg,NO_EXACT_MATCH,,,
test,00741.jpg,NO_EXACT_MATCH,,,
test,00742.jpg,NO_EXACT_MATCH,,,
test,00743.jpg,NO_EXACT_MATCH,,,
test,00744.jpg,NO_EXACT_MATCH,,,
test,00745.jpg,NO_EXACT_MATCH,,,
test,00746.jpg,NO_EXACT_MATCH,,,
test,00747.jpg,NO_EXACT_MATCH,,,
test,00748.jpg,NO_EXACT_MATCH,,,
test,00749.jpg,NO_EXACT_MATCH,,,
test,00750.jpg,NO_EXACT_MATCH,,,
test,00751.jpg,NO_EXACT_MATCH,,,
test,00752.jpg,NO_EXACT_MATCH,,,
test,00753.jpg,NO_EXACT_MATCH,,,
test,00754.jpg,NO_EXACT_MATCH,,,
test,00755.jpg,NO_EXACT_MATCH,,,
test,00756.jpg,NO_EXACT_MATCH,,,
test,00757.jpg,NO_EXACT_MATCH,,,
test,00758.jpg,NO_EXACT_MATCH,,,
test,00759.jpg,NO_EXACT_MATCH,,,
test,00760.jpg,NO_EXACT_MATCH,,,
test,00761.jpg,NO_EXACT_MATCH,,,
test,00762.jpg,NO_EXACT_MATCH,,,
test,00763.jpg,NO_EXACT_MATCH,,,
test,00764.jpg,NO_EXACT_MATCH,,,
test,00765.jpg,NO_EXACT_MATCH,,,
test,00766.jpg,NO_EXACT_MATCH,,,
test,00767.jpg,NO_EXACT_MATCH,,,
test,00768.jpg,NO_EXACT_MATCH,,,
test,00769.jpg,NO_EXACT_MATCH,,,
test,00770.jpg,NO_EXACT_MATCH,,,
test,00771.jpg,NO_EXACT_MATCH,,,
test,00772.jpg,NO_EXACT_MATCH,,,
test,00773.jpg,NO_EXACT_MATCH,,,
test,00774.jpg,NO_EXACT_MATCH,,,
test,00775.jpg,NO_EXACT_MATCH,,,
test,00776.jpg,NO_EXACT_MATCH,,,
test,00777.jpg,NO_EXACT_MATCH,,,
test,00778.jpg,NO_EXACT_MATCH,,,
test,00779.jpg,NO_EXACT_MATCH,,,
test,00780.jpg,NO_EXACT_MATCH,,,
test,00781.jpg,NO_EXACT_MATCH,,,
test,00782.jpg,NO_EXACT_MATCH,,,
test,00783.jpg,NO_EXACT_MATCH,,,
test,00784.jpg,NO_EXACT_MATCH,,,
test,00785.jpg,NO_EXACT_MATCH,,,
test,00786.jpg,NO_EXACT_MATCH,,,
test,00787.jpg,NO_EXACT_MATCH,,,
test,00788.jpg,NO_EXACT_MATCH,,,
test,00789.jpg,NO_EXACT_MATCH,,,
test,00790.jpg,NO_EXACT_MATCH,,,
test,00791.jpg,NO_EXACT_MATCH,,,
test,00792.jpg,NO_EXACT_MATCH,,,
test,00793.jpg,NO_EXACT_MATCH,,,
test,00794.jpg,NO_EXACT_MATCH,,,
test,00795.jpg,NO_EXACT_MATCH,,,
test,00796.jpg,NO_EXACT_MATCH,,,
test,00797.jpg,NO_EXACT_MATCH,,,
test,00798.jpg,NO_EXACT_MATCH,,,
test,00799.jpg,NO_EXACT_MATCH,,,
test,00800.jpg,NO_EXACT_MATCH,,,
test,00801.jpg,NO_EXACT_MATCH,,,
test,00802.jpg,NO_EXACT_MATCH,,,
test,00803.jpg,NO_EXACT_MATCH,,,
test,00804.jpg,NO_EXACT_MATCH,,,
test,00805.jpg,NO_EXACT_MATCH,,,
test,00806.jpg,NO_EXACT_MATCH,,,
test,00807.jpg,NO_EXACT_MATCH,,,
test,00808.jpg,NO_EXACT_MATCH,,,
test,00809.jpg,NO_EXACT_MATCH,,,
test,00810.jpg,NO_EXACT_MATCH,,,
test,00811.jpg,NO_EXACT_MATCH,,,
test,00812.jpg,NO_EXACT_MATCH,,,
test,00813.jpg,NO_EXACT_MATCH,,,
test,00814.jpg,NO_EXACT_MATCH,,,
test,00815.jpg,NO_EXACT_MATCH,,,
test,00816.jpg,NO_EXACT_MATCH,,,
test,00817.jpg,NO_EXACT_MATCH,,,
test,00818.jpg,NO_EXACT_MATCH,,,
test,00819.jpg,NO_EXACT_MATCH,,,
test,00820.jpg,NO_EXACT_MATCH,,,
test,00821.jpg,NO_EXACT_MATCH,,,
test,00822.jpg,NO_EXACT_MATCH,,,
test,00823.jpg,NO_EXACT_MATCH,,,
test,00824.jpg,NO_EXACT_MATCH,,,
test,00825.jpg,NO_EXACT_MATCH,,,
test,00826.jpg,NO_EXACT_MATCH,,,
test,00827.jpg,NO_EXACT_MATCH,,,
test,00828.jpg,NO_EXACT_MATCH,,,
test,00829.jpg,NO_EXACT_MATCH,,,
test,00830.jpg,NO_EXACT_MATCH,,,
test,00831.jpg,NO_EXACT_MATCH,,,
test,00832.jpg,NO_EXACT_MATCH,,,
test,00833.jpg,NO_EXACT_MATCH,,,
test,00834.jpg,NO_EXACT_MATCH,,,
test,00835.jpg,NO_EXACT_MATCH,,,
test,00836.jpg,NO_EXACT_MATCH,,,
test,00837.jpg,NO_EXACT_MATCH,,,
test,00838.jpg,NO_EXACT_MATCH,,,
test,00839.jpg,NO_EXACT_MATCH,,,
test,00840.jpg,NO_EXACT_MATCH,,,
test,00841.jpg,NO_EXACT_MATCH,,,
test,00842.jpg,NO_EXACT_MATCH,,,
test,00843.jpg,NO_EXACT_MATCH,,,
test,00844.jpg,NO_EXACT_MATCH,,,
test,00845.jpg,NO_EXACT_MATCH,,,
test,00846.jpg,NO_EXACT_MATCH,,,
test,00847.jpg,NO_EXACT_MATCH,,,
test,00848.jpg,NO_EXACT_MATCH,,,
test,00849.jpg,NO_EXACT_MATCH,,,
test,00850.jpg,NO_EXACT_MATCH,,,
test,00851.jpg,NO_EXACT_MATCH,,,
test,00852.jpg,NO_EXACT_MATCH,,,
test,00853.jpg,NO_EXACT_MATCH,,,
test,00854.jpg,NO_EXACT_MATCH,,,
test,00855.jpg,NO_EXACT_MATCH,,,
test,00856.jpg,NO_EXACT_MATCH,,,
test,00857.jpg,NO_EXACT_MATCH,,,
test,00858.jpg,NO_EXACT_MATCH,,,
test,00859.jpg,NO_EXACT_MATCH,,,
test,00860.jpg,NO_EXACT_MATCH,,,
test,00861.jpg,NO_EXACT_MATCH,,,
test,00862.jpg,NO_EXACT_MATCH,,,
test,00863.jpg,NO_EXACT_MATCH,,,
test,00864.jpg,NO_EXACT_MATCH,,,
test,00865.jpg,NO_EXACT_MATCH,,,
test,00866.jpg,NO_EXACT_MATCH,,,
test,00867.jpg,NO_EXACT_MATCH,,,
test,00868.jpg,NO_EXACT_MATCH,,,
test,00869.jpg,NO_EXACT_MATCH,,,
test,00870.jpg,NO_EXACT_MATCH,,,
test,00871.jpg,NO_EXACT_MATCH,,,
test,00872.jpg,NO_EXACT_MATCH,,,
test,00873.jpg,NO_EXACT_MATCH,,,
test,00874.jpg,NO_EXACT_MATCH,,,
test,00875.jpg,NO_EXACT_MATCH,,,
test,00876.jpg,NO_EXACT_MATCH,,,
test,00877.jpg,NO_EXACT_MATCH,,,
test,00878.jpg,NO_EXACT_MATCH,,,
test,00879.jpg,NO_EXACT_MATCH,,,
test,00880.jpg,NO_EXACT_MATCH,,,
test,00881.jpg,NO_EXACT_MATCH,,,
test,00882.jpg,NO_EXACT_MATCH,,,
test,00883.jpg,NO_EXACT_MATCH,,,
test,00884.jpg,NO_EXACT_MATCH,,,
test,00885.jpg,NO_EXACT_MATCH,,,
test,00886.jpg,NO_EXACT_MATCH,,,
test,00887.jpg,NO_EXACT_MATCH,,,
test,00888.jpg,NO_EXACT_MATCH,,,
test,00889.jpg,NO_EXACT_MATCH,,,
test,00890.jpg,NO_EXACT_MATCH,,,
test,00891.jpg,NO_EXACT_MATCH,,,
test,00892.jpg,NO_EXACT_MATCH,,,
test,00893.jpg,NO_EXACT_MATCH,,,
test,00894.jpg,NO_EXACT_MATCH,,,
test,00895.jpg,NO_EXACT_MATCH,,,
test,00896.jpg,NO_EXACT_MATCH,,,
test,00897.jpg,NO_EXACT_MATCH,,,
test,00898.jpg,NO_EXACT_MATCH,,,
test,00899.jpg,NO_EXACT_MATCH,,,
test,00900.jpg,NO_EXACT_MATCH,,,
test,00901.jpg,NO_EXACT_MATCH,,,
test,00902.jpg,NO_EXACT_MATCH,,,
test,00903.jpg,NO_EXACT_MATCH,,,
test,00904.jpg,NO_EXACT_MATCH,,,
test,00905.jpg,NO_EXACT_MATCH,,,
test,00906.jpg,NO_EXACT_MATCH,,,
test,00907.jpg,NO_EXACT_MATCH,,,
test,00908.jpg,NO_EXACT_MATCH,,,
test,00909.jpg,NO_EXACT_MATCH,,,
test,00910.jpg,NO_EXACT_MATCH,,,
test,00911.jpg,NO_EXACT_MATCH,,,
test,00912.jpg,NO_EXACT_MATCH,,,
test,00913.jpg,NO_EXACT_MATCH,,,
test,00914.jpg,NO_EXACT_MATCH,,,
test,00915.jpg,NO_EXACT_MATCH,,,
test,00916.jpg,NO_EXACT_MATCH,,,
test,00917.jpg,NO_EXACT_MATCH,,,
test,00918.jpg,NO_EXACT_MATCH,,,
test,00919.jpg,NO_EXACT_MATCH,,,
test,00920.jpg,NO_EXACT_MATCH,,,
test,00921.jpg,NO_EXACT_MATCH,,,
test,00922.jpg,NO_EXACT_MATCH,,,
test,00923.jpg,NO_EXACT_MATCH,,,
test,00924.jpg,NO_EXACT_MATCH,,,
test,00925.jpg,NO_EXACT_MATCH,,,
test,00926.jpg,NO_EXACT_MATCH,,,
test,00927.jpg,NO_EXACT_MATCH,,,
test,00928.jpg,NO_EXACT_MATCH,,,
test,00929.jpg,NO_EXACT_MATCH,,,
test,00930.jpg,NO_EXACT_MATCH,,,
test,00931.jpg,NO_EXACT_MATCH,,,
test,00932.jpg,NO_EXACT_MATCH,,,
test,00933.jpg,NO_EXACT_MATCH,,,
test,00934.jpg,NO_EXACT_MATCH,,,
test,00935.jpg,NO_EXACT_MATCH,,,
test,00936.jpg,NO_EXACT_MATCH,,,
test,00937.jpg,NO_EXACT_MATCH,,,
test,00938.jpg,NO_EXACT_MATCH,,,
test,00939.jpg,NO_EXACT_MATCH,,,
test,00940.jpg,NO_EXACT_MATCH,,,
test,00941.jpg,NO_EXACT_MATCH,,,
test,00942.jpg,NO_EXACT_MATCH,,,
test,00943.jpg,NO_EXACT_MATCH,,,
test,00944.jpg,NO_EXACT_MATCH,,,
test,00945.jpg,NO_EXACT_MATCH,,,
test,00946.jpg,NO_EXACT_MATCH,,,
test,00947.jpg,NO_EXACT_MATCH,,,
test,00948.jpg,NO_EXACT_MATCH,,,
test,00949.jpg,NO_EXACT_MATCH,,,
test,00950.jpg,NO_EXACT_MATCH,,,
test,00951.jpg,NO_EXACT_MATCH,,,
test,00952.jpg,NO_EXACT_MATCH,,,
test,00953.jpg,NO_EXACT_MATCH,,,
test,00954.jpg,NO_EXACT_MATCH,,,
test,00955.jpg,NO_EXACT_MATCH,,,
test,00956.jpg,NO_EXACT_MATCH,,,
test,00957.jpg,NO_EXACT_MATCH,,,
test,00958.jpg,NO_EXACT_MATCH,,,
test,00959.jpg,NO_EXACT_MATCH,,,
test,00960.jpg,NO_EXACT_MATCH,,,
test,00961.jpg,NO_EXACT_MATCH,,,
test,00962.jpg,NO_EXACT_MATCH,,,
test,00963.jpg,NO_EXACT_MATCH,,,
test,00964.jpg,NO_EXACT_MATCH,,,
test,00965.jpg,NO_EXACT_MATCH,,,
test,00966.jpg,NO_EXACT_MATCH,,,
test,00967.jpg,NO_EXACT_MATCH,,,
test,00968.jpg,NO_EXACT_MATCH,,,
test,00969.jpg,NO_EXACT_MATCH,,,
test,00970.jpg,NO_EXACT_MATCH,,,
test,00971.jpg,NO_EXACT_MATCH,,,
test,00972.jpg,NO_EXACT_MATCH,,,
test,00973.jpg,NO_EXACT_MATCH,,,
test,00974.jpg,NO_EXACT_MATCH,,,
test,00975.jpg,NO_EXACT_MATCH,,,
test,00976.jpg,NO_EXACT_MATCH,,,
test,00977.jpg,NO_EXACT_MATCH,,,
test,00978.jpg,NO_EXACT_MATCH,,,
test,00979.jpg,NO_EXACT_MATCH,,,
test,00980.jpg,NO_EXACT_MATCH,,,
test,00981.jpg,NO_EXACT_MATCH,,,
test,00982.jpg,NO_EXACT_MATCH,,,
test,00983.jpg,NO_EXACT_MATCH,,,
test,00984.jpg,NO_EXACT_MATCH,,,
test,00985.jpg,NO_EXACT_MATCH,,,
test,00986.jpg,NO_EXACT_MATCH,,,
test,00987.jpg,NO_EXACT_MATCH,,,
test,00988.jpg,NO_EXACT_MATCH,,,
test,00989.jpg,NO_EXACT_MATCH,,,
test,00990.jpg,NO_EXACT_MATCH,,,
test,00991.jpg,NO_EXACT_MATCH,,,
test,00992.jpg,NO_EXACT_MATCH,,,
test,00993.jpg,NO_EXACT_MATCH,,,
test,00994.jpg,NO_EXACT_MATCH,,,
test,00995.jpg,NO_EXACT_MATCH,,,
test,00996.jpg,NO_EXACT_MATCH,,,
test,00997.jpg,NO_EXACT_MATCH,,,
test,00998.jpg,NO_EXACT_MATCH,,,
test,00999.jpg,NO_EXACT_MATCH,,,
test,01000.jpg,NO_EXACT_MATCH,,,
test,01001.jpg,NO_EXACT_MATCH,,,
test,01002.jpg,NO_EXACT_MATCH,,,
test,01003.jpg,NO_EXACT_MATCH,,,
test,01004.jpg,NO_EXACT_MATCH,,,
test,01005.jpg,NO_EXACT_MATCH,,,
test,01006.jpg,NO_EXACT_MATCH,,,
test,01007.jpg,NO_EXACT_MATCH,,,
test,01008.jpg,NO_EXACT_MATCH,,,
test,01009.jpg,NO_EXACT_MATCH,,,
test,01010.jpg,NO_EXACT_MATCH,,,
test,01011.jpg,NO_EXACT_MATCH,,,
test,01012.jpg,NO_EXACT_MATCH,,,
test,01013.jpg,NO_EXACT_MATCH,,,
test,01014.jpg,NO_EXACT_MATCH,,,
test,01015.jpg,NO_EXACT_MATCH,,,
test,01016.jpg,NO_EXACT_MATCH,,,
test,01017.jpg,NO_EXACT_MATCH,,,
test,01018.jpg,NO_EXACT_MATCH,,,
test,01019.jpg,NO_EXACT_MATCH,,,
test,01020.jpg,NO_EXACT_MATCH,,,
test,01021.jpg,NO_EXACT_MATCH,,,
test,01022.jpg,NO_EXACT_MATCH,,,
test,01023.jpg,NO_EXACT_MATCH,,,
test,01024.jpg,NO_EXACT_MATCH,,,
test,01025.jpg,NO_EXACT_MATCH,,,
test,01026.jpg,NO_EXACT_MATCH,,,
test,01027.jpg,NO_EXACT_MATCH,,,
test,01028.jpg,NO_EXACT_MATCH,,,
test,01029.jpg,NO_EXACT_MATCH,,,
test,01030.jpg,NO_EXACT_MATCH,,,
test,01031.jpg,NO_EXACT_MATCH,,,
test,01032.jpg,NO_EXACT_MATCH,,,
test,01033.jpg,NO_EXACT_MATCH,,,
test,01034.jpg,NO_EXACT_MATCH,,,
test,01035.jpg,NO_EXACT_MATCH,,,
test,01036.jpg,NO_EXACT_MATCH,,,
test,01037.jpg,NO_EXACT_MATCH,,,
test,01038.jpg,NO_EXACT_MATCH,,,
test,01039.jpg,NO_EXACT_MATCH,,,
test,01040.jpg,NO_EXACT_MATCH,,,
test,01041.jpg,NO_EXACT_MATCH,,,
test,01042.jpg,NO_EXACT_MATCH,,,
test,01043.jpg,NO_EXACT_MATCH,,,
test,01044.jpg,NO_EXACT_MATCH,,,
test,01045.jpg,NO_EXACT_MATCH,,,
test,01046.jpg,NO_EXACT_MATCH,,,
test,01047.jpg,NO_EXACT_MATCH,,,
test,01048.jpg,NO_EXACT_MATCH,,,
test,01049.jpg,NO_EXACT_MATCH,,,
test,01050.jpg,NO_EXACT_MATCH,,,
test,01051.jpg,NO_EXACT_MATCH,,,
test,01052.jpg,NO_EXACT_MATCH,,,
test,01053.jpg,NO_EXACT_MATCH,,,
test,01054.jpg,NO_EXACT_MATCH,,,
test,01055.jpg,NO_EXACT_MATCH,,,
test,01056.jpg,NO_EXACT_MATCH,,,
test,01057.jpg,NO_EXACT_MATCH,,,
test,01058.jpg,NO_EXACT_MATCH,,,
test,01059.jpg,NO_EXACT_MATCH,,,
test,01060.jpg,NO_EXACT_MATCH,,,
test,01061.jpg,NO_EXACT_MATCH,,,
test,01062.jpg,NO_EXACT_MATCH,,,
test,01063.jpg,NO_EXACT_MATCH,,,
test,01064.jpg,NO_EXACT_MATCH,,,
test,01065.jpg,NO_EXACT_MATCH,,,
test,01066.jpg,NO_EXACT_MATCH,,,
test,01067.jpg,NO_EXACT_MATCH,,,
test,01068.jpg,NO_EXACT_MATCH,,,
test,01069.jpg,NO_EXACT_MATCH,,,
test,01070.jpg,NO_EXACT_MATCH,,,
test,01071.jpg,NO_EXACT_MATCH,,,
test,01072.jpg,NO_EXACT_MATCH,,,
test,01073.jpg,NO_EXACT_MATCH,,,
test,01074.jpg,NO_EXACT_MATCH,,,
test,01075.jpg,NO_EXACT_MATCH,,,
test,01076.jpg,NO_EXACT_MATCH,,,
test,01077.jpg,NO_EXACT_MATCH,,,
test,01078.jpg,NO_EXACT_MATCH,,,
test,01079.jpg,NO_EXACT_MATCH,,,
test,01080.jpg,NO_EXACT_MATCH,,,
test,01081.jpg,NO_EXACT_MATCH,,,
test,01082.jpg,NO_EXACT_MATCH,,,
test,01083.jpg,NO_EXACT_MATCH,,,
test,01084.jpg,NO_EXACT_MATCH,,,
test,01085.jpg,NO_EXACT_MATCH,,,
test,01086.jpg,NO_EXACT_MATCH,,,
test,01087.jpg,NO_EXACT_MATCH,,,
test,01088.jpg,NO_EXACT_MATCH,,,
test,01089.jpg,NO_EXACT_MATCH,,,
test,01090.jpg,NO_EXACT_MATCH,,,
test,01091.jpg,NO_EXACT_MATCH,,,
test,01092.jpg,NO_EXACT_MATCH,,,
test,01093.jpg,NO_EXACT_MATCH,,,
test,01094.jpg,NO_EXACT_MATCH,,,
test,01095.jpg,NO_EXACT_MATCH,,,
test,01096.jpg,NO_EXACT_MATCH,,,
test,01097.jpg,NO_EXACT_MATCH,,,
test,01098.jpg,NO_EXACT_MATCH,,,
test,01099.jpg,NO_EXACT_MATCH,,,
test,01100.jpg,NO_EXACT_MATCH,,,
test,01101.jpg,NO_EXACT_MATCH,,,
test,01102.jpg,NO_EXACT_MATCH,,,
test,01103.jpg,NO_EXACT_MATCH,,,
test,01104.jpg,NO_EXACT_MATCH,,,
test,01105.jpg,NO_EXACT_MATCH,,,
test,01106.jpg,NO_EXACT_MATCH,,,
test,01107.jpg,NO_EXACT_MATCH,,,
test,01108.jpg,NO_EXACT_MATCH,,,
test,01109.jpg,NO_EXACT_MATCH,,,
test,01110.jpg,NO_EXACT_MATCH,,,
test,01111.jpg,NO_EXACT_MATCH,,,
test,01112.jpg,NO_EXACT_MATCH,,,
test,01113.jpg,NO_EXACT_MATCH,,,
test,01114.jpg,NO_EXACT_MATCH,,,
test,01115.jpg,NO_EXACT_MATCH,,,
test,01116.jpg,NO_EXACT_MATCH,,,
test,01117.jpg,NO_EXACT_MATCH,,,
test,01118.jpg,NO_EXACT_MATCH,,,
test,01119.jpg,NO_EXACT_MATCH,,,
test,01120.jpg,NO_EXACT_MATCH,,,
test,01121.jpg,NO_EXACT_MATCH,,,
test,01122.jpg,NO_EXACT_MATCH,,,
test,01123.jpg,NO_EXACT_MATCH,,,
test,01124.jpg,NO_EXACT_MATCH,,,
test,01125.jpg,NO_EXACT_MATCH,,,
test,01126.jpg,NO_EXACT_MATCH,,,
test,01127.jpg,NO_EXACT_MATCH,,,
test,01128.jpg,NO_EXACT_MATCH,,,
test,01129.jpg,NO_EXACT_MATCH,,,
test,01130.jpg,NO_EXACT_MATCH,,,
test,01131.jpg,NO_EXACT_MATCH,,,
test,01132.jpg,NO_EXACT_MATCH,,,
test,01133.jpg,NO_EXACT_MATCH,,,
test,01134.jpg,NO_EXACT_MATCH,,,
test,01135.jpg,NO_EXACT_MATCH,,,
test,01136.jpg,NO_EXACT_MATCH,,,
test,01137.jpg,NO_EXACT_MATCH,,,
test,01138.jpg,NO_EXACT_MATCH,,,
test,01139.jpg,NO_EXACT_MATCH,,,
test,01140.jpg,NO_EXACT_MATCH,,,
test,01141.jpg,NO_EXACT_MATCH,,,
test,01142.jpg,NO_EXACT_MATCH,,,
test,01143.jpg,NO_EXACT_MATCH,,,
test,01144.jpg,NO_EXACT_MATCH,,,
test,01145.jpg,NO_EXACT_MATCH,,,
test,01146.jpg,NO_EXACT_MATCH,,,
test,01147.jpg,NO_EXACT_MATCH,,,
test,01148.jpg,NO_EXACT_MATCH,,,
test,01149.jpg,NO_EXACT_MATCH,,,
test,01150.jpg,NO_EXACT_MATCH,,,
test,01151.jpg,NO_EXACT_MATCH,,,
test,01152.jpg,NO_EXACT_MATCH,,,
test,01153.jpg,NO_EXACT_MATCH,,,
test,01154.jpg,NO_EXACT_MATCH,,,
test,01155.jpg,NO_EXACT_MATCH,,,
test,01156.jpg,NO_EXACT_MATCH,,,
test,01157.jpg,NO_EXACT_MATCH,,,
test,01158.jpg,NO_EXACT_MATCH,,,
test,01159.jpg,NO_EXACT_MATCH,,,
test,01160.jpg,NO_EXACT_MATCH,,,
test,01161.jpg,NO_EXACT_MATCH,,,
test,01162.jpg,NO_EXACT_MATCH,,,
test,01163.jpg,NO_EXACT_MATCH,,,
test,01164.jpg,NO_EXACT_MATCH,,,
test,01165.jpg,NO_EXACT_MATCH,,,
test,01166.jpg,NO_EXACT_MATCH,,,
test,01167.jpg,NO_EXACT_MATCH,,,
test,01168.jpg,NO_EXACT_MATCH,,,
test,01169.jpg,NO_EXACT_MATCH,,,
test,01170.jpg,NO_EXACT_MATCH,,,
test,01171.jpg,NO_EXACT_MATCH,,,
test,01172.jpg,NO_EXACT_MATCH,,,
test,01173.jpg,NO_EXACT_MATCH,,,
test,01174.jpg,NO_EXACT_MATCH,,,
test,01175.jpg,NO_EXACT_MATCH,,,
test,01176.jpg,NO_EXACT_MATCH,,,
test,01177.jpg,NO_EXACT_MATCH,,,
test,01178.jpg,NO_EXACT_MATCH,,,
test,01179.jpg,NO_EXACT_MATCH,,,
test,01180.jpg,NO_EXACT_MATCH,,,
test,01181.jpg,NO_EXACT_MATCH,,,
test,01182.jpg,NO_EXACT_MATCH,,,
test,01183.jpg,NO_EXACT_MATCH,,,
test,01184.jpg,NO_EXACT_MATCH,,,
test,01185.jpg,NO_EXACT_MATCH,,,
test,01186.jpg,NO_EXACT_MATCH,,,
test,01187.jpg,NO_EXACT_MATCH,,,
test,01188.jpg,NO_EXACT_MATCH,,,
test,01189.jpg,NO_EXACT_MATCH,,,
test,01190.jpg,NO_EXACT_MATCH,,,
test,01191.jpg,NO_EXACT_MATCH,,,
test,01192.jpg,NO_EXACT_MATCH,,,
test,01193.jpg,NO_EXACT_MATCH,,,
test,01194.jpg,NO_EXACT_MATCH,,,
test,01195.jpg,NO_EXACT_MATCH,,,
test,01196.jpg,NO_EXACT_MATCH,,,
test,01197.jpg,NO_EXACT_MATCH,,,
test,01198.jpg,NO_EXACT_MATCH,,,
test,01199.jpg,NO_EXACT_MATCH,,,
test,01200.jpg,NO_EXACT_MATCH,,,
test,01201.jpg,NO_EXACT_MATCH,,,
test,01202.jpg,NO_EXACT_MATCH,,,
test,01203.jpg,NO_EXACT_MATCH,,,
test,01204.jpg,NO_EXACT_MATCH,,,
test,01205.jpg,NO_EXACT_MATCH,,,
test,01206.jpg,NO_EXACT_MATCH,,,
test,01207.jpg,NO_EXACT_MATCH,,,
test,01208.jpg,NO_EXACT_MATCH,,,
test,01209.jpg,NO_EXACT_MATCH,,,
test,01210.jpg,NO_EXACT_MATCH,,,
test,01211.jpg,NO_EXACT_MATCH,,,
test,01212.jpg,NO_EXACT_MATCH,,,
test,01213.jpg,NO_EXACT_MATCH,,,
test,01214.jpg,NO_EXACT_MATCH,,,
test,01215.jpg,NO_EXACT_MATCH,,,
test,01216.jpg,NO_EXACT_MATCH,,,
test,01217.jpg,NO_EXACT_MATCH,,,
test,01218.jpg,NO_EXACT_MATCH,,,
test,01219.jpg,NO_EXACT_MATCH,,,
test,01220.jpg,NO_EXACT_MATCH,,,
test,01221.jpg,NO_EXACT_MATCH,,,
test,01222.jpg,NO_EXACT_MATCH,,,
test,01223.jpg,NO_EXACT_MATCH,,,
test,01224.jpg,NO_EXACT_MATCH,,,
test,01225.jpg,NO_EXACT_MATCH,,,
test,01226.jpg,NO_EXACT_MATCH,,,
test,01227.jpg,NO_EXACT_MATCH,,,
test,01228.jpg,NO_EXACT_MATCH,,,
test,01229.jpg,NO_EXACT_MATCH,,,
test,01230.jpg,NO_EXACT_MATCH,,,
test,01231.jpg,NO_EXACT_MATCH,,,
test,01232.jpg,NO_EXACT_MATCH,,,
test,01233.jpg,NO_EXACT_MATCH,,,
test,01234.jpg,NO_EXACT_MATCH,,,
test,01235.jpg,NO_EXACT_MATCH,,,
test,01236.jpg,NO_EXACT_MATCH,,,
test,01237.jpg,NO_EXACT_MATCH,,,
test,01238.jpg,NO_EXACT_MATCH,,,
test,01239.jpg,NO_EXACT_MATCH,,,
test,01240.jpg,NO_EXACT_MATCH,,,
test,01241.jpg,NO_EXACT_MATCH,,,
test,01242.jpg,NO_EXACT_MATCH,,,
test,01243.jpg,NO_EXACT_MATCH,,,
test,01244.jpg,NO_EXACT_MATCH,,,
test,01245.jpg,NO_EXACT_MATCH,,,
test,01246.jpg,NO_EXACT_MATCH,,,
test,01247.jpg,NO_EXACT_MATCH,,,
test,01248.jpg,NO_EXACT_MATCH,,,
test,01249.jpg,NO_EXACT_MATCH,,,
test,01250.jpg,NO_EXACT_MATCH,,,
test,01251.jpg,NO_EXACT_MATCH,,,
test,01252.jpg,NO_EXACT_MATCH,,,
test,01253.jpg,NO_EXACT_MATCH,,,
test,01254.jpg,NO_EXACT_MATCH,,,
test,01255.jpg,NO_EXACT_MATCH,,,
test,01256.jpg,NO_EXACT_MATCH,,,
test,01257.jpg,NO_EXACT_MATCH,,,
test,01258.jpg,NO_EXACT_MATCH,,,
test,01259.jpg,NO_EXACT_MATCH,,,
test,01260.jpg,NO_EXACT_MATCH,,,
test,01261.jpg,NO_EXACT_MATCH,,,
test,01262.jpg,NO_EXACT_MATCH,,,
test,01263.jpg,NO_EXACT_MATCH,,,
test,01264.jpg,NO_EXACT_MATCH,,,
test,01265.jpg,NO_EXACT_MATCH,,,
test,01266.jpg,NO_EXACT_MATCH,,,
test,01267.jpg,NO_EXACT_MATCH,,,
test,01268.jpg,NO_EXACT_MATCH,,,
test,01269.jpg,NO_EXACT_MATCH,,,
test,01270.jpg,NO_EXACT_MATCH,,,
test,01271.jpg,NO_EXACT_MATCH,,,
test,01272.jpg,NO_EXACT_MATCH,,,
test,01273.jpg,NO_EXACT_MATCH,,,
test,01274.jpg,NO_EXACT_MATCH,,,
test,01275.jpg,NO_EXACT_MATCH,,,
test,01276.jpg,NO_EXACT_MATCH,,,
test,01277.jpg,NO_EXACT_MATCH,,,
test,01278.jpg,NO_EXACT_MATCH,,,
test,01279.jpg,NO_EXACT_MATCH,,,
test,01280.jpg,NO_EXACT_MATCH,,,
test,01281.jpg,NO_EXACT_MATCH,,,
test,01282.jpg,NO_EXACT_MATCH,,,
test,01283.jpg,NO_EXACT_MATCH,,,
test,01284.jpg,NO_EXACT_MATCH,,,
test,01285.jpg,NO_EXACT_MATCH,,,
test,01286.jpg,NO_EXACT_MATCH,,,
test,01287.jpg,NO_EXACT_MATCH,,,
test,01288.jpg,NO_EXACT_MATCH,,,
test,01289.jpg,NO_EXACT_MATCH,,,
test,01290.jpg,NO_EXACT_MATCH,,,
test,01291.jpg,NO_EXACT_MATCH,,,
test,01292.jpg,NO_EXACT_MATCH,,,
test,01293.jpg,NO_EXACT_MATCH,,,
test,01294.jpg,NO_EXACT_MATCH,,,
test,01295.jpg,NO_EXACT_MATCH,,,
test,01296.jpg,NO_EXACT_MATCH,,,
test,01297.jpg,NO_EXACT_MATCH,,,
test,01298.jpg,NO_EXACT_MATCH,,,
test,01299.jpg,NO_EXACT_MATCH,,,
test,01300.jpg,NO_EXACT_MATCH,,,
test,01301.jpg,NO_EXACT_MATCH,,,
test,01302.jpg,NO_EXACT_MATCH,,,
test,01303.jpg,NO_EXACT_MATCH,,,
test,01304.jpg,NO_EXACT_MATCH,,,
test,01305.jpg,NO_EXACT_MATCH,,,
test,01306.jpg,NO_EXACT_MATCH,,,
test,01307.jpg,NO_EXACT_MATCH,,,
test,01308.jpg,NO_EXACT_MATCH,,,
test,01309.jpg,NO_EXACT_MATCH,,,
test,01310.jpg,NO_EXACT_MATCH,,,
test,01311.jpg,NO_EXACT_MATCH,,,
test,01312.jpg,NO_EXACT_MATCH,,,
test,01313.jpg,NO_EXACT_MATCH,,,
test,01314.jpg,NO_EXACT_MATCH,,,
test,01315.jpg,NO_EXACT_MATCH,,,
test,01316.jpg,NO_EXACT_MATCH,,,
test,01317.jpg,NO_EXACT_MATCH,,,
test,01318.jpg,NO_EXACT_MATCH,,,
test,01319.jpg,NO_EXACT_MATCH,,,
test,01320.jpg,NO_EXACT_MATCH,,,
test,01321.jpg,NO_EXACT_MATCH,,,
test,01322.jpg,NO_EXACT_MATCH,,,
test,01323.jpg,NO_EXACT_MATCH,,,
test,01324.jpg,NO_EXACT_MATCH,,,
test,01325.jpg,NO_EXACT_MATCH,,,
test,01326.jpg,NO_EXACT_MATCH,,,
test,01327.jpg,NO_EXACT_MATCH,,,
test,01328.jpg,NO_EXACT_MATCH,,,
test,01329.jpg,NO_EXACT_MATCH,,,
test,01330.jpg,NO_EXACT_MATCH,,,
test,01331.jpg,NO_EXACT_MATCH,,,
test,01332.jpg,NO_EXACT_MATCH,,,
test,01333.jpg,NO_EXACT_MATCH,,,
test,01334.jpg,NO_EXACT_MATCH,,,
test,01335.jpg,NO_EXACT_MATCH,,,
test,01336.jpg,NO_EXACT_MATCH,,,
test,01337.jpg,NO_EXACT_MATCH,,,
test,01338.jpg,NO_EXACT_MATCH,,,
test,01339.jpg,NO_EXACT_MATCH,,,
test,01340.jpg,NO_EXACT_MATCH,,,
test,01341.jpg,NO_EXACT_MATCH,,,
test,01342.jpg,NO_EXACT_MATCH,,,
test,01343.jpg,NO_EXACT_MATCH,,,
test,01344.jpg,NO_EXACT_MATCH,,,
test,01345.jpg,NO_EXACT_MATCH,,,
test,01346.jpg,NO_EXACT_MATCH,,,
test,01347.jpg,NO_EXACT_MATCH,,,
test,01348.jpg,NO_EXACT_MATCH,,,
test,01349.jpg,NO_EXACT_MATCH,,,
test,01350.jpg,NO_EXACT_MATCH,,,
test,01351.jpg,NO_EXACT_MATCH,,,
test,01352.jpg,NO_EXACT_MATCH,,,
test,01353.jpg,NO_EXACT_MATCH,,,
test,01354.jpg,NO_EXACT_MATCH,,,
test,01355.jpg,NO_EXACT_MATCH,,,
test,01356.jpg,NO_EXACT_MATCH,,,
test,01357.jpg,NO_EXACT_MATCH,,,
test,01358.jpg,NO_EXACT_MATCH,,,
test,01359.jpg,NO_EXACT_MATCH,,,
test,01360.jpg,NO_EXACT_MATCH,,,
test,01361.jpg,NO_EXACT_MATCH,,,
test,01362.jpg,NO_EXACT_MATCH,,,
test,01363.jpg,NO_EXACT_MATCH,,,
test,01364.jpg,NO_EXACT_MATCH,,,
test,01365.jpg,NO_EXACT_MATCH,,,
test,01366.jpg,NO_EXACT_MATCH,,,
test,01367.jpg,NO_EXACT_MATCH,,,
test,01368.jpg,NO_EXACT_MATCH,,,
test,01369.jpg,NO_EXACT_MATCH,,,
test,01370.jpg,NO_EXACT_MATCH,,,
test,01371.jpg,NO_EXACT_MATCH,,,
test,01372.jpg,NO_EXACT_MATCH,,,
test,01373.jpg,NO_EXACT_MATCH,,,
test,01374.jpg,NO_EXACT_MATCH,,,
test,01375.jpg,NO_EXACT_MATCH,,,
test,01376.jpg,NO_EXACT_MATCH,,,
test,01377.jpg,NO_EXACT_MATCH,,,
test,01378.jpg,NO_EXACT_MATCH,,,
test,01379.jpg,NO_EXACT_MATCH,,,
test,01380.jpg,NO_EXACT_MATCH,,,
test,01381.jpg,NO_EXACT_MATCH,,,
test,01382.jpg,NO_EXACT_MATCH,,,
test,01383.jpg,NO_EXACT_MATCH,,,
test,01384.jpg,NO_EXACT_MATCH,,,
test,01385.jpg,NO_EXACT_MATCH,,,
test,01386.jpg,NO_EXACT_MATCH,,,
test,01387.jpg,NO_EXACT_MATCH,,,
test,01388.jpg,NO_EXACT_MATCH,,,
test,01389.jpg,NO_EXACT_MATCH,,,
test,01390.jpg,NO_EXACT_MATCH,,,
test,01391.jpg,NO_EXACT_MATCH,,,
test,01392.jpg,NO_EXACT_MATCH,,,
test,01393.jpg,NO_EXACT_MATCH,,,
test,01394.jpg,NO_EXACT_MATCH,,,
test,01395.jpg,NO_EXACT_MATCH,,,
test,01396.jpg,NO_EXACT_MATCH,,,
test,01397.jpg,NO_EXACT_MATCH,,,
test,01398.jpg,NO_EXACT_MATCH,,,
test,01399.jpg,NO_EXACT_MATCH,,,
test,01400.jpg,NO_EXACT_MATCH,,,
test,01401.jpg,NO_EXACT_MATCH,,,
test,01402.jpg,NO_EXACT_MATCH,,,
test,01403.jpg,NO_EXACT_MATCH,,,
test,01404.jpg,NO_EXACT_MATCH,,,
test,01405.jpg,NO_EXACT_MATCH,,,
test,01406.jpg,NO_EXACT_MATCH,,,
test,01407.jpg,NO_EXACT_MATCH,,,
test,01408.jpg,NO_EXACT_MATCH,,,
test,01409.jpg,NO_EXACT_MATCH,,,
test,01410.jpg,NO_EXACT_MATCH,,,
test,01411.jpg,NO_EXACT_MATCH,,,
test,01412.jpg,NO_EXACT_MATCH,,,
test,01413.jpg,NO_EXACT_MATCH,,,
test,01414.jpg,NO_EXACT_MATCH,,,
test,01415.jpg,NO_EXACT_MATCH,,,
test,01416.jpg,NO_EXACT_MATCH,,,
test,01417.jpg,NO_EXACT_MATCH,,,
test,01418.jpg,NO_EXACT_MATCH,,,
test,01419.jpg,NO_EXACT_MATCH,,,
test,01420.jpg,NO_EXACT_MATCH,,,
test,01421.jpg,NO_EXACT_MATCH,,,
test,01422.jpg,NO_EXACT_MATCH,,,
test,01423.jpg,NO_EXACT_MATCH,,,
test,01424.jpg,NO_EXACT_MATCH,,,
test,01425.jpg,NO_EXACT_MATCH,,,
test,01426.jpg,NO_EXACT_MATCH,,,
test,01427.jpg,NO_EXACT_MATCH,,,
test,01428.jpg,NO_EXACT_MATCH,,,
test,01429.jpg,NO_EXACT_MATCH,,,
test,01430.jpg,NO_EXACT_MATCH,,,
test,01431.jpg,NO_EXACT_MATCH,,,
test,01432.jpg,NO_EXACT_MATCH,,,
test,01433.jpg,NO_EXACT_MATCH,,,
test,01434.jpg,NO_EXACT_MATCH,,,
test,01435.jpg,NO_EXACT_MATCH,,,
test,01436.jpg,NO_EXACT_MATCH,,,
test,01437.jpg,NO_EXACT_MATCH,,,
test,01438.jpg,NO_EXACT_MATCH,,,
test,01439.jpg,NO_EXACT_MATCH,,,
test,01440.jpg,NO_EXACT_MATCH,,,
test,01441.jpg,NO_EXACT_MATCH,,,
test,01442.jpg,NO_EXACT_MATCH,,,
test,01443.jpg,NO_EXACT_MATCH,,,
test,01444.jpg,NO_EXACT_MATCH,,,
test,01445.jpg,NO_EXACT_MATCH,,,
test,01446.jpg,NO_EXACT_MATCH,,,
test,01447.jpg,NO_EXACT_MATCH,,,
test,01448.jpg,NO_EXACT_MATCH,,,
test,01449.jpg,NO_EXACT_MATCH,,,
test,01450.jpg,NO_EXACT_MATCH,,,
test,01451.jpg,NO_EXACT_MATCH,,,
test,01452.jpg,NO_EXACT_MATCH,,,
test,01453.jpg,NO_EXACT_MATCH,,,
test,01454.jpg,NO_EXACT_MATCH,,,
test,01455.jpg,NO_EXACT_MATCH,,,
test,01456.jpg,NO_EXACT_MATCH,,,
test,01457.jpg,NO_EXACT_MATCH,,,
test,01458.jpg,NO_EXACT_MATCH,,,
test,01459.jpg,NO_EXACT_MATCH,,,
test,01460.jpg,NO_EXACT_MATCH,,,
test,01461.jpg,NO_EXACT_MATCH,,,
test,01462.jpg,NO_EXACT_MATCH,,,
test,01463.jpg,NO_EXACT_MATCH,,,
test,01464.jpg,NO_EXACT_MATCH,,,
test,01465.jpg,NO_EXACT_MATCH,,,
test,01466.jpg,NO_EXACT_MATCH,,,
test,01467.jpg,NO_EXACT_MATCH,,,
test,01468.jpg,NO_EXACT_MATCH,,,
test,01469.jpg,NO_EXACT_MATCH,,,
test,01470.jpg,NO_EXACT_MATCH,,,
test,01471.jpg,NO_EXACT_MATCH,,,
test,01472.jpg,NO_EXACT_MATCH,,,
test,01473.jpg,NO_EXACT_MATCH,,,
test,01474.jpg,NO_EXACT_MATCH,,,
test,01475.jpg,NO_EXACT_MATCH,,,
test,01476.jpg,NO_EXACT_MATCH,,,
test,01477.jpg,NO_EXACT_MATCH,,,
test,01478.jpg,NO_EXACT_MATCH,,,
test,01479.jpg,NO_EXACT_MATCH,,,
test,01480.jpg,NO_EXACT_MATCH,,,
test,01481.jpg,NO_EXACT_MATCH,,,
test,01482.jpg,NO_EXACT_MATCH,,,
test,01483.jpg,NO_EXACT_MATCH,,,
test,01484.jpg,NO_EXACT_MATCH,,,
test,01485.jpg,NO_EXACT_MATCH,,,
test,01486.jpg,NO_EXACT_MATCH,,,
test,01487.jpg,NO_EXACT_MATCH,,,
test,01488.jpg,NO_EXACT_MATCH,,,
test,01489.jpg,NO_EXACT_MATCH,,,
test,01490.jpg,NO_EXACT_MATCH,,,
test,01491.jpg,NO_EXACT_MATCH,,,
test,01492.jpg,NO_EXACT_MATCH,,,
test,01493.jpg,NO_EXACT_MATCH,,,
test,01494.jpg,NO_EXACT_MATCH,,,
test,01495.jpg,NO_EXACT_MATCH,,,
test,01496.jpg,NO_EXACT_MATCH,,,
test,01497.jpg,NO_EXACT_MATCH,,,
test,01498.jpg,NO_EXACT_MATCH,,,
test,01499.jpg,NO_EXACT_MATCH,,,
test,01500.jpg,NO_EXACT_MATCH,,,
test,01501.jpg,NO_EXACT_MATCH,,,
test,01502.jpg,NO_EXACT_MATCH,,,
test,01503.jpg,NO_EXACT_MATCH,,,
test,01504.jpg,NO_EXACT_MATCH,,,
test,01505.jpg,NO_EXACT_MATCH,,,
test,01506.jpg,NO_EXACT_MATCH,,,
test,01507.jpg,NO_EXACT_MATCH,,,
test,01508.jpg,NO_EXACT_MATCH,,,
test,01509.jpg,NO_EXACT_MATCH,,,
test,01510.jpg,NO_EXACT_MATCH,,,
test,01511.jpg,NO_EXACT_MATCH,,,
test,01512.jpg,NO_EXACT_MATCH,,,
test,01513.jpg,NO_EXACT_MATCH,,,
test,01514.jpg,NO_EXACT_MATCH,,,
test,01515.jpg,NO_EXACT_MATCH,,,
test,01516.jpg,NO_EXACT_MATCH,,,
test,01517.jpg,NO_EXACT_MATCH,,,
test,01518.jpg,NO_EXACT_MATCH,,,
test,01519.jpg,NO_EXACT_MATCH,,,
test,01520.jpg,NO_EXACT_MATCH,,,
test,01521.jpg,NO_EXACT_MATCH,,,
test,01522.jpg,NO_EXACT_MATCH,,,
test,01523.jpg,NO_EXACT_MATCH,,,
test,01524.jpg,NO_EXACT_MATCH,,,
test,01525.jpg,NO_EXACT_MATCH,,,
test,01526.jpg,NO_EXACT_MATCH,,,
test,01527.jpg,NO_EXACT_MATCH,,,
test,01528.jpg,NO_EXACT_MATCH,,,
test,01529.jpg,NO_EXACT_MATCH,,,
test,01530.jpg,NO_EXACT_MATCH,,,
test,01531.jpg,NO_EXACT_MATCH,,,
test,01532.jpg,NO_EXACT_MATCH,,,
test,01533.jpg,NO_EXACT_MATCH,,,
test,01534.jpg,NO_EXACT_MATCH,,,
test,01535.jpg,NO_EXACT_MATCH,,,
test,01536.jpg,NO_EXACT_MATCH,,,
test,01537.jpg,NO_EXACT_MATCH,,,
test,01538.jpg,NO_EXACT_MATCH,,,
test,01539.jpg,NO_EXACT_MATCH,,,
test,01540.jpg,NO_EXACT_MATCH,,,
test,01541.jpg,NO_EXACT_MATCH,,,
test,01542.jpg,NO_EXACT_MATCH,,,
test,01543.jpg,NO_EXACT_MATCH,,,
test,01544.jpg,NO_EXACT_MATCH,,,
test,01545.jpg,NO_EXACT_MATCH,,,
test,01546.jpg,NO_EXACT_MATCH,,,
test,01547.jpg,NO_EXACT_MATCH,,,
test,01548.jpg,NO_EXACT_MATCH,,,
test,01549.jpg,NO_EXACT_MATCH,,,
test,01550.jpg,NO_EXACT_MATCH,,,
test,01551.jpg,NO_EXACT_MATCH,,,
test,01552.jpg,NO_EXACT_MATCH,,,
test,01553.jpg,NO_EXACT_MATCH,,,
test,01554.jpg,NO_EXACT_MATCH,,,
test,01555.jpg,NO_EXACT_MATCH,,,
test,01556.jpg,NO_EXACT_MATCH,,,
test,01557.jpg,NO_EXACT_MATCH,,,
test,01558.jpg,NO_EXACT_MATCH,,,
test,01559.jpg,NO_EXACT_MATCH,,,
test,01560.jpg,NO_EXACT_MATCH,,,
test,01561.jpg,NO_EXACT_MATCH,,,
test,01562.jpg,NO_EXACT_MATCH,,,
test,01563.jpg,NO_EXACT_MATCH,,,
test,01564.jpg,NO_EXACT_MATCH,,,
test,01565.jpg,NO_EXACT_MATCH,,,
test,01566.jpg,NO_EXACT_MATCH,,,
test,01567.jpg,NO_EXACT_MATCH,,,
test,01568.jpg,NO_EXACT_MATCH,,,
test,01569.jpg,NO_EXACT_MATCH,,,
test,01570.jpg,NO_EXACT_MATCH,,,
test,01571.jpg,NO_EXACT_MATCH,,,
test,01572.jpg,NO_EXACT_MATCH,,,
test,01573.jpg,NO_EXACT_MATCH,,,
test,01574.jpg,NO_EXACT_MATCH,,,
test,01575.jpg,NO_EXACT_MATCH,,,
test,01576.jpg,NO_EXACT_MATCH,,,
test,01577.jpg,NO_EXACT_MATCH,,,
test,01578.jpg,NO_EXACT_MATCH,,,
test,01579.jpg,NO_EXACT_MATCH,,,
test,01580.jpg,NO_EXACT_MATCH,,,
test,01581.jpg,NO_EXACT_MATCH,,,
test,01582.jpg,NO_EXACT_MATCH,,,
test,01583.jpg,NO_EXACT_MATCH,,,
test,01584.jpg,NO_EXACT_MATCH,,,
test,01585.jpg,NO_EXACT_MATCH,,,
test,01586.jpg,NO_EXACT_MATCH,,,
test,01587.jpg,NO_EXACT_MATCH,,,
test,01588.jpg,NO_EXACT_MATCH,,,
test,01589.jpg,NO_EXACT_MATCH,,,
test,01590.jpg,NO_EXACT_MATCH,,,
test,01591.jpg,NO_EXACT_MATCH,,,
test,01592.jpg,NO_EXACT_MATCH,,,
test,01593.jpg,NO_EXACT_MATCH,,,
test,01594.jpg,NO_EXACT_MATCH,,,
test,01595.jpg,NO_EXACT_MATCH,,,
test,01596.jpg,NO_EXACT_MATCH,,,
test,01597.jpg,NO_EXACT_MATCH,,,
test,01598.jpg,NO_EXACT_MATCH,,,
test,01599.jpg,NO_EXACT_MATCH,,,
test,01600.jpg,NO_EXACT_MATCH,,,
test,01601.jpg,NO_EXACT_MATCH,,,
test,01602.jpg,NO_EXACT_MATCH,,,
test,01603.jpg,NO_EXACT_MATCH,,,
test,01604.jpg,NO_EXACT_MATCH,,,
test,01605.jpg,NO_EXACT_MATCH,,,
test,01606.jpg,NO_EXACT_MATCH,,,
test,01607.jpg,NO_EXACT_MATCH,,,
test,01608.jpg,NO_EXACT_MATCH,,,
test,01609.jpg,NO_EXACT_MATCH,,,
test,01610.jpg,NO_EXACT_MATCH,,,
test,01611.jpg,NO_EXACT_MATCH,,,
test,01612.jpg,NO_EXACT_MATCH,,,
test,01613.jpg,NO_EXACT_MATCH,,,
test,01614.jpg,NO_EXACT_MATCH,,,
test,01615.jpg,NO_EXACT_MATCH,,,
test,01616.jpg,NO_EXACT_MATCH,,,
test,01617.jpg,NO_EXACT_MATCH,,,
test,01618.jpg,NO_EXACT_MATCH,,,
test,01619.jpg,NO_EXACT_MATCH,,,
test,01620.jpg,NO_EXACT_MATCH,,,
test,01621.jpg,NO_EXACT_MATCH,,,
test,01622.jpg,NO_EXACT_MATCH,,,
test,01623.jpg,NO_EXACT_MATCH,,,
test,01624.jpg,NO_EXACT_MATCH,,,
test,01625.jpg,NO_EXACT_MATCH,,,
test,01626.jpg,NO_EXACT_MATCH,,,
test,01627.jpg,NO_EXACT_MATCH,,,
test,01628.jpg,NO_EXACT_MATCH,,,
test,01629.jpg,NO_EXACT_MATCH,,,
test,01630.jpg,NO_EXACT_MATCH,,,
test,01631.jpg,NO_EXACT_MATCH,,,
test,01632.jpg,NO_EXACT_MATCH,,,
test,01633.jpg,NO_EXACT_MATCH,,,
test,01634.jpg,NO_EXACT_MATCH,,,
test,01635.jpg,NO_EXACT_MATCH,,,
test,01636.jpg,NO_EXACT_MATCH,,,
test,01637.jpg,NO_EXACT_MATCH,,,
test,01638.jpg,NO_EXACT_MATCH,,,
test,01639.jpg,NO_EXACT_MATCH,,,
test,01640.jpg,NO_EXACT_MATCH,,,
test,01641.jpg,NO_EXACT_MATCH,,,
test,01642.jpg,NO_EXACT_MATCH,,,
test,01643.jpg,NO_EXACT_MATCH,,,
test,01644.jpg,NO_EXACT_MATCH,,,
test,01645.jpg,NO_EXACT_MATCH,,,
test,01646.jpg,NO_EXACT_MATCH,,,
test,01647.jpg,NO_EXACT_MATCH,,,
test,01648.jpg,NO_EXACT_MATCH,,,
test,01649.jpg,NO_EXACT_MATCH,,,
test,01650.jpg,NO_EXACT_MATCH,,,
test,01651.jpg,NO_EXACT_MATCH,,,
test,01652.jpg,NO_EXACT_MATCH,,,
test,01653.jpg,NO_EXACT_MATCH,,,
test,01654.jpg,NO_EXACT_MATCH,,,
test,01655.jpg,NO_EXACT_MATCH,,,
test,01656.jpg,NO_EXACT_MATCH,,,
test,01657.jpg,NO_EXACT_MATCH,,,
test,01658.jpg,NO_EXACT_MATCH,,,
test,01659.jpg,NO_EXACT_MATCH,,,
test,01660.jpg,NO_EXACT_MATCH,,,
test,01661.jpg,NO_EXACT_MATCH,,,
test,01662.jpg,NO_EXACT_MATCH,,,
test,01663.jpg,NO_EXACT_MATCH,,,
test,01664.jpg,NO_EXACT_MATCH,,,
test,01665.jpg,NO_EXACT_MATCH,,,
test,01666.jpg,NO_EXACT_MATCH,,,
test,01667.jpg,NO_EXACT_MATCH,,,
test,01668.jpg,NO_EXACT_MATCH,,,
test,01669.jpg,NO_EXACT_MATCH,,,
test,01670.jpg,NO_EXACT_MATCH,,,
test,01671.jpg,NO_EXACT_MATCH,,,
test,01672.jpg,NO_EXACT_MATCH,,,
test,01673.jpg,NO_EXACT_MATCH,,,
test,01674.jpg,NO_EXACT_MATCH,,,
test,01675.jpg,NO_EXACT_MATCH,,,
test,01676.jpg,NO_EXACT_MATCH,,,
test,01677.jpg,NO_EXACT_MATCH,,,
test,01678.jpg,NO_EXACT_MATCH,,,
test,01679.jpg,NO_EXACT_MATCH,,,
test,01680.jpg,NO_EXACT_MATCH,,,
test,01681.jpg,NO_EXACT_MATCH,,,
test,01682.jpg,NO_EXACT_MATCH,,,
test,01683.jpg,NO_EXACT_MATCH,,,
test,01684.jpg,NO_EXACT_MATCH,,,
test,01685.jpg,NO_EXACT_MATCH,,,
test,01686.jpg,NO_EXACT_MATCH,,,
test,01687.jpg,NO_EXACT_MATCH,,,
test,01688.jpg,NO_EXACT_MATCH,,,
test,01689.jpg,NO_EXACT_MATCH,,,
test,01690.jpg,NO_EXACT_MATCH,,,
test,01691.jpg,NO_EXACT_MATCH,,,
test,01692.jpg,NO_EXACT_MATCH,,,
test,01693.jpg,NO_EXACT_MATCH,,,
test,01694.jpg,NO_EXACT_MATCH,,,
test,01695.jpg,NO_EXACT_MATCH,,,
test,01696.jpg,NO_EXACT_MATCH,,,
test,01697.jpg,NO_EXACT_MATCH,,,
test,01698.jpg,NO_EXACT_MATCH,,,
test,01699.jpg,NO_EXACT_MATCH,,,
test,01700.jpg,NO_EXACT_MATCH,,,
test,01701.jpg,NO_EXACT_MATCH,,,
test,01702.jpg,NO_EXACT_MATCH,,,
test,01703.jpg,NO_EXACT_MATCH,,,
test,01704.jpg,NO_EXACT_MATCH,,,
test,01705.jpg,NO_EXACT_MATCH,,,
test,01706.jpg,NO_EXACT_MATCH,,,
test,01707.jpg,NO_EXACT_MATCH,,,
test,01708.jpg,NO_EXACT_MATCH,,,
test,01709.jpg,NO_EXACT_MATCH,,,
test,01710.jpg,NO_EXACT_MATCH,,,
test,01711.jpg,NO_EXACT_MATCH,,,
test,01712.jpg,NO_EXACT_MATCH,,,
test,01713.jpg,NO_EXACT_MATCH,,,
test,01714.jpg,NO_EXACT_MATCH,,,
test,01715.jpg,NO_EXACT_MATCH,,,
test,01716.jpg,NO_EXACT_MATCH,,,
test,01717.jpg,NO_EXACT_MATCH,,,
test,01718.jpg,NO_EXACT_MATCH,,,
test,01719.jpg,NO_EXACT_MATCH,,,
test,01720.jpg,NO_EXACT_MATCH,,,
test,01721.jpg,NO_EXACT_MATCH,,,
test,01722.jpg,NO_EXACT_MATCH,,,
test,01723.jpg,NO_EXACT_MATCH,,,
test,01724.jpg,NO_EXACT_MATCH,,,
test,01725.jpg,NO_EXACT_MATCH,,,
test,01726.jpg,NO_EXACT_MATCH,,,
test,01727.jpg,NO_EXACT_MATCH,,,
test,01728.jpg,NO_EXACT_MATCH,,,
test,01729.jpg,NO_EXACT_MATCH,,,
test,01730.jpg,NO_EXACT_MATCH,,,
test,01731.jpg,NO_EXACT_MATCH,,,
test,01732.jpg,NO_EXACT_MATCH,,,
test,01733.jpg,NO_EXACT_MATCH,,,
test,01734.jpg,NO_EXACT_MATCH,,,
test,01735.jpg,NO_EXACT_MATCH,,,
test,01736.jpg,NO_EXACT_MATCH,,,
test,01737.jpg,NO_EXACT_MATCH,,,
test,01738.jpg,NO_EXACT_MATCH,,,
test,01739.jpg,NO_EXACT_MATCH,,,
test,01740.jpg,NO_EXACT_MATCH,,,
test,01741.jpg,NO_EXACT_MATCH,,,
test,01742.jpg,NO_EXACT_MATCH,,,
test,01743.jpg,NO_EXACT_MATCH,,,
test,01744.jpg,NO_EXACT_MATCH,,,
test,01745.jpg,NO_EXACT_MATCH,,,
test,01746.jpg,NO_EXACT_MATCH,,,
test,01747.jpg,NO_EXACT_MATCH,,,
test,01748.jpg,NO_EXACT_MATCH,,,
test,01749.jpg,NO_EXACT_MATCH,,,
test,01750.jpg,NO_EXACT_MATCH,,,
test,01751.jpg,NO_EXACT_MATCH,,,
test,01752.jpg,NO_EXACT_MATCH,,,
test,01753.jpg,NO_EXACT_MATCH,,,
test,01754.jpg,NO_EXACT_MATCH,,,
test,01755.jpg,NO_EXACT_MATCH,,,
test,01756.jpg,NO_EXACT_MATCH,,,
test,01757.jpg,NO_EXACT_MATCH,,,
test,01758.jpg,NO_EXACT_MATCH,,,
test,01759.jpg,NO_EXACT_MATCH,,,
test,01760.jpg,NO_EXACT_MATCH,,,
test,01761.jpg,NO_EXACT_MATCH,,,
test,01762.jpg,NO_EXACT_MATCH,,,
test,01763.jpg,NO_EXACT_MATCH,,,
test,01764.jpg,NO_EXACT_MATCH,,,
test,01765.jpg,NO_EXACT_MATCH,,,
test,01766.jpg,NO_EXACT_MATCH,,,
test,01767.jpg,NO_EXACT_MATCH,,,
test,01768.jpg,NO_EXACT_MATCH,,,
test,01769.jpg,NO_EXACT_MATCH,,,
test,01770.jpg,NO_EXACT_MATCH,,,
test,01771.jpg,NO_EXACT_MATCH,,,
test,01772.jpg,NO_EXACT_MATCH,,,
test,01773.jpg,NO_EXACT_MATCH,,,
test,01774.jpg,NO_EXACT_MATCH,,,
test,01775.jpg,NO_EXACT_MATCH,,,
test,01776.jpg,NO_EXACT_MATCH,,,
test,01777.jpg,NO_EXACT_MATCH,,,
test,01778.jpg,NO_EXACT_MATCH,,,
test,01779.jpg,NO_EXACT_MATCH,,,
test,01780.jpg,NO_EXACT_MATCH,,,
test,01781.jpg,NO_EXACT_MATCH,,,
test,01782.jpg,NO_EXACT_MATCH,,,
test,01783.jpg,NO_EXACT_MATCH,,,
test,01784.jpg,NO_EXACT_MATCH,,,
test,01785.jpg,NO_EXACT_MATCH,,,
test,01786.jpg,NO_EXACT_MATCH,,,
test,01787.jpg,NO_EXACT_MATCH,,,
test,01788.jpg,NO_EXACT_MATCH,,,
test,01789.jpg,NO_EXACT_MATCH,,,
test,01790.jpg,NO_EXACT_MATCH,,,
test,01791.jpg,NO_EXACT_MATCH,,,
test,01792.jpg,NO_EXACT_MATCH,,,
test,01793.jpg,NO_EXACT_MATCH,,,
test,01794.jpg,NO_EXACT_MATCH,,,
test,01795.jpg,NO_EXACT_MATCH,,,
test,01796.jpg,NO_EXACT_MATCH,,,
test,01797.jpg,NO_EXACT_MATCH,,,
test,01798.jpg,NO_EXACT_MATCH,,,
test,01799.jpg,NO_EXACT_MATCH,,,
test,01800.jpg,NO_EXACT_MATCH,,,
test,01801.jpg,NO_EXACT_MATCH,,,
test,01802.jpg,NO_EXACT_MATCH,,,
test,01803.jpg,NO_EXACT_MATCH,,,
test,01804.jpg,NO_EXACT_MATCH,,,
test,01805.jpg,NO_EXACT_MATCH,,,
test,01806.jpg,NO_EXACT_MATCH,,,
test,01807.jpg,NO_EXACT_MATCH,,,
test,01808.jpg,NO_EXACT_MATCH,,,
test,01809.jpg,NO_EXACT_MATCH,,,
test,01810.jpg,NO_EXACT_MATCH,,,
test,01811.jpg,NO_EXACT_MATCH,,,
test,01812.jpg,NO_EXACT_MATCH,,,
test,01813.jpg,NO_EXACT_MATCH,,,
test,01814.jpg,NO_EXACT_MATCH,,,
test,01815.jpg,NO_EXACT_MATCH,,,
test,01816.jpg,NO_EXACT_MATCH,,,
test,01817.jpg,NO_EXACT_MATCH,,,
test,01818.jpg,NO_EXACT_MATCH,,,
test,01819.jpg,NO_EXACT_MATCH,,,
test,01820.jpg,NO_EXACT_MATCH,,,
test,01821.jpg,NO_EXACT_MATCH,,,
test,01822.jpg,NO_EXACT_MATCH,,,
test,01823.jpg,NO_EXACT_MATCH,,,
test,01824.jpg,NO_EXACT_MATCH,,,
test,01825.jpg,NO_EXACT_MATCH,,,
test,01826.jpg,NO_EXACT_MATCH,,,
test,01827.jpg,NO_EXACT_MATCH,,,
test,01828.jpg,NO_EXACT_MATCH,,,
test,01829.jpg,NO_EXACT_MATCH,,,
test,01830.jpg,NO_EXACT_MATCH,,,
test,01831.jpg,NO_EXACT_MATCH,,,
test,01832.jpg,NO_EXACT_MATCH,,,
test,01833.jpg,NO_EXACT_MATCH,,,
test,01834.jpg,NO_EXACT_MATCH,,,
test,01835.jpg,NO_EXACT_MATCH,,,
test,01836.jpg,NO_EXACT_MATCH,,,
test,01837.jpg,NO_EXACT_MATCH,,,
test,01838.jpg,NO_EXACT_MATCH,,,
test,01839.jpg,NO_EXACT_MATCH,,,
test,01840.jpg,NO_EXACT_MATCH,,,
test,01841.jpg,NO_EXACT_MATCH,,,
test,01842.jpg,NO_EXACT_MATCH,,,
test,01843.jpg,NO_EXACT_MATCH,,,
test,01844.jpg,NO_EXACT_MATCH,,,
test,01845.jpg,NO_EXACT_MATCH,,,
test,01846.jpg,NO_EXACT_MATCH,,,
test,01847.jpg,NO_EXACT_MATCH,,,
test,01848.jpg,NO_EXACT_MATCH,,,
test,01849.jpg,NO_EXACT_MATCH,,,
test,01850.jpg,NO_EXACT_MATCH,,,
test,01851.jpg,NO_EXACT_MATCH,,,
test,01852.jpg,NO_EXACT_MATCH,,,
test,01853.jpg,NO_EXACT_MATCH,,,
test,01854.jpg,NO_EXACT_MATCH,,,
test,01855.jpg,NO_EXACT_MATCH,,,
test,01856.jpg,NO_EXACT_MATCH,,,
test,01857.jpg,NO_EXACT_MATCH,,,
test,01858.jpg,NO_EXACT_MATCH,,,
test,01859.jpg,NO_EXACT_MATCH,,,
test,01860.jpg,NO_EXACT_MATCH,,,
test,01861.jpg,NO_EXACT_MATCH,,,
test,01862.jpg,NO_EXACT_MATCH,,,
test,01863.jpg,NO_EXACT_MATCH,,,
test,01864.jpg,NO_EXACT_MATCH,,,
test,01865.jpg,NO_EXACT_MATCH,,,
test,01866.jpg,NO_EXACT_MATCH,,,
test,01867.jpg,NO_EXACT_MATCH,,,
test,01868.jpg,NO_EXACT_MATCH,,,
test,01869.jpg,NO_EXACT_MATCH,,,
test,01870.jpg,NO_EXACT_MATCH,,,
test,01871.jpg,NO_EXACT_MATCH,,,
test,01872.jpg,NO_EXACT_MATCH,,,
test,01873.jpg,NO_EXACT_MATCH,,,
test,01874.jpg,NO_EXACT_MATCH,,,
test,01875.jpg,NO_EXACT_MATCH,,,
test,01876.jpg,NO_EXACT_MATCH,,,
test,01877.jpg,NO_EXACT_MATCH,,,
test,01878.jpg,NO_EXACT_MATCH,,,
test,01879.jpg,NO_EXACT_MATCH,,,
test,01880.jpg,NO_EXACT_MATCH,,,
test,01881.jpg,NO_EXACT_MATCH,,,
test,01882.jpg,NO_EXACT_MATCH,,,
test,01883.jpg,NO_EXACT_MATCH,,,
test,01884.jpg,NO_EXACT_MATCH,,,
test,01885.jpg,NO_EXACT_MATCH,,,
test,01886.jpg,NO_EXACT_MATCH,,,
test,01887.jpg,NO_EXACT_MATCH,,,
test,01888.jpg,NO_EXACT_MATCH,,,
test,01889.jpg,NO_EXACT_MATCH,,,
test,01890.jpg,NO_EXACT_MATCH,,,
test,01891.jpg,NO_EXACT_MATCH,,,
test,01892.jpg,NO_EXACT_MATCH,,,
test,01893.jpg,NO_EXACT_MATCH,,,
test,01894.jpg,NO_EXACT_MATCH,,,
test,01895.jpg,NO_EXACT_MATCH,,,
test,01896.jpg,NO_EXACT_MATCH,,,
test,01897.jpg,NO_EXACT_MATCH,,,
test,01898.jpg,NO_EXACT_MATCH,,,
test,01899.jpg,NO_EXACT_MATCH,,,
test,01900.jpg,NO_EXACT_MATCH,,,
test,01901.jpg,NO_EXACT_MATCH,,,
test,01902.jpg,NO_EXACT_MATCH,,,
test,01903.jpg,NO_EXACT_MATCH,,,
test,01904.jpg,NO_EXACT_MATCH,,,
test,01905.jpg,NO_EXACT_MATCH,,,
test,01906.jpg,NO_EXACT_MATCH,,,
test,01907.jpg,NO_EXACT_MATCH,,,
test,01908.jpg,NO_EXACT_MATCH,,,
test,01909.jpg,NO_EXACT_MATCH,,,
test,01910.jpg,NO_EXACT_MATCH,,,
test,01911.jpg,NO_EXACT_MATCH,,,
test,01912.jpg,NO_EXACT_MATCH,,,
test,01913.jpg,NO_EXACT_MATCH,,,
test,01914.jpg,NO_EXACT_MATCH,,,
test,01915.jpg,NO_EXACT_MATCH,,,
test,01916.jpg,NO_EXACT_MATCH,,,
test,01917.jpg,NO_EXACT_MATCH,,,
test,01918.jpg,NO_EXACT_MATCH,,,
test,01919.jpg,NO_EXACT_MATCH,,,
test,01920.jpg,NO_EXACT_MATCH,,,
test,01921.jpg,NO_EXACT_MATCH,,,
test,01922.jpg,NO_EXACT_MATCH,,,
test,01923.jpg,NO_EXACT_MATCH,,,
test,01924.jpg,NO_EXACT_MATCH,,,
test,01925.jpg,NO_EXACT_MATCH,,,
test,01926.jpg,NO_EXACT_MATCH,,,
test,01927.jpg,NO_EXACT_MATCH,,,
test,01928.jpg,NO_EXACT_MATCH,,,
test,01929.jpg,NO_EXACT_MATCH,,,
test,01930.jpg,NO_EXACT_MATCH,,,
test,01931.jpg,NO_EXACT_MATCH,,,
test,01932.jpg,NO_EXACT_MATCH,,,
test,01933.jpg,NO_EXACT_MATCH,,,
test,01934.jpg,NO_EXACT_MATCH,,,
test,01935.jpg,NO_EXACT_MATCH,,,
test,01936.jpg,NO_EXACT_MATCH,,,
test,01937.jpg,NO_EXACT_MATCH,,,
test,01938.jpg,NO_EXACT_MATCH,,,
test,01939.jpg,NO_EXACT_MATCH,,,
test,01940.jpg,NO_EXACT_MATCH,,,
test,01941.jpg,NO_EXACT_MATCH,,,
test,01942.jpg,NO_EXACT_MATCH,,,
test,01943.jpg,NO_EXACT_MATCH,,,
test,01944.jpg,NO_EXACT_MATCH,,,
test,01945.jpg,NO_EXACT_MATCH,,,
test,01946.jpg,NO_EXACT_MATCH,,,
test,01947.jpg,NO_EXACT_MATCH,,,
test,01948.jpg,NO_EXACT_MATCH,,,
test,01949.jpg,NO_EXACT_MATCH,,,
test,01950.jpg,NO_EXACT_MATCH,,,
test,01951.jpg,NO_EXACT_MATCH,,,
test,01952.jpg,NO_EXACT_MATCH,,,
test,01953.jpg,NO_EXACT_MATCH,,,
test,01954.jpg,NO_EXACT_MATCH,,,
test,01955.jpg,NO_EXACT_MATCH,,,
test,01956.jpg,NO_EXACT_MATCH,,,
test,01957.jpg,NO_EXACT_MATCH,,,
test,01958.jpg,NO_EXACT_MATCH,,,
test,01959.jpg,NO_EXACT_MATCH,,,
test,01960.jpg,NO_EXACT_MATCH,,,
test,01961.jpg,NO_EXACT_MATCH,,,
test,01962.jpg,NO_EXACT_MATCH,,,
test,01963.jpg,NO_EXACT_MATCH,,,
test,01964.jpg,NO_EXACT_MATCH,,,
test,01965.jpg,NO_EXACT_MATCH,,,
test,01966.jpg,NO_EXACT_MATCH,,,
test,01967.jpg,NO_EXACT_MATCH,,,
test,01968.jpg,NO_EXACT_MATCH,,,
test,01969.jpg,NO_EXACT_MATCH,,,
test,01970.jpg,NO_EXACT_MATCH,,,
test,01971.jpg,NO_EXACT_MATCH,,,
test,01972.jpg,NO_EXACT_MATCH,,,
test,01973.jpg,NO_EXACT_MATCH,,,
test,01974.jpg,NO_EXACT_MATCH,,,
test,01975.jpg,NO_EXACT_MATCH,,,
test,01976.jpg,NO_EXACT_MATCH,,,
test,01977.jpg,NO_EXACT_MATCH,,,
test,01978.jpg,NO_EXACT_MATCH,,,
test,01979.jpg,NO_EXACT_MATCH,,,
test,01980.jpg,NO_EXACT_MATCH,,,
test,01981.jpg,NO_EXACT_MATCH,,,
test,01982.jpg,NO_EXACT_MATCH,,,
test,01983.jpg,NO_EXACT_MATCH,,,
test,01984.jpg,NO_EXACT_MATCH,,,
test,01985.jpg,NO_EXACT_MATCH,,,
test,01986.jpg,NO_EXACT_MATCH,,,
test,01987.jpg,NO_EXACT_MATCH,,,
test,01988.jpg,NO_EXACT_MATCH,,,
test,01989.jpg,NO_EXACT_MATCH,,,
test,01990.jpg,NO_EXACT_MATCH,,,
test,01991.jpg,NO_EXACT_MATCH,,,
test,01992.jpg,NO_EXACT_MATCH,,,
test,01993.jpg,NO_EXACT_MATCH,,,
test,01994.jpg,NO_EXACT_MATCH,,,
test,01995.jpg,NO_EXACT_MATCH,,,
test,01996.jpg,NO_EXACT_MATCH,,,
test,01997.jpg,NO_EXACT_MATCH,,,
test,01998.jpg,NO_EXACT_MATCH,,,
test,01999.jpg,NO_EXACT_MATCH,,,
test,02000.jpg,NO_EXACT_MATCH,,,
test,02001.jpg,NO_EXACT_MATCH,,,
test,02002.jpg,NO_EXACT_MATCH,,,
test,02003.jpg,NO_EXACT_MATCH,,,
test,02004.jpg,NO_EXACT_MATCH,,,
test,02005.jpg,NO_EXACT_MATCH,,,
test,02006.jpg,NO_EXACT_MATCH,,,
test,02007.jpg,NO_EXACT_MATCH,,,
test,02008.jpg,NO_EXACT_MATCH,,,
test,02009.jpg,NO_EXACT_MATCH,,,
test,02010.jpg,NO_EXACT_MATCH,,,
test,02011.jpg,NO_EXACT_MATCH,,,
test,02012.jpg,NO_EXACT_MATCH,,,
test,02013.jpg,NO_EXACT_MATCH,,,
test,02014.jpg,NO_EXACT_MATCH,,,
test,02015.jpg,NO_EXACT_MATCH,,,
test,02016.jpg,NO_EXACT_MATCH,,,
test,02017.jpg,NO_EXACT_MATCH,,,
test,02018.jpg,NO_EXACT_MATCH,,,
test,02019.jpg,NO_EXACT_MATCH,,,
test,02020.jpg,NO_EXACT_MATCH,,,
test,02021.jpg,NO_EXACT_MATCH,,,
test,02022.jpg,NO_EXACT_MATCH,,,
test,02023.jpg,NO_EXACT_MATCH,,,
test,02024.jpg,NO_EXACT_MATCH,,,
test,02025.jpg,NO_EXACT_MATCH,,,
test,02026.jpg,NO_EXACT_MATCH,,,
test,02027.jpg,NO_EXACT_MATCH,,,
test,02028.jpg,NO_EXACT_MATCH,,,
test,02029.jpg,NO_EXACT_MATCH,,,
test,02030.jpg,NO_EXACT_MATCH,,,
test,02031.jpg,NO_EXACT_MATCH,,,
test,02032.jpg,NO_EXACT_MATCH,,,
test,02033.jpg,NO_EXACT_MATCH,,,
test,02034.jpg,NO_EXACT_MATCH,,,
test,02035.jpg,NO_EXACT_MATCH,,,
test,02036.jpg,NO_EXACT_MATCH,,,
test,02037.jpg,NO_EXACT_MATCH,,,
test,02038.jpg,NO_EXACT_MATCH,,,
test,02039.jpg,NO_EXACT_MATCH,,,
test,02040.jpg,NO_EXACT_MATCH,,,
test,02041.jpg,NO_EXACT_MATCH,,,
test,02042.jpg,NO_EXACT_MATCH,,,
test,02043.jpg,NO_EXACT_MATCH,,,
test,02044.jpg,NO_EXACT_MATCH,,,
test,02045.jpg,NO_EXACT_MATCH,,,
test,02046.jpg,NO_EXACT_MATCH,,,
test,02047.jpg,NO_EXACT_MATCH,,,
test,02048.jpg,NO_EXACT_MATCH,,,
test,02049.jpg,NO_EXACT_MATCH,,,
test,02050.jpg,NO_EXACT_MATCH,,,
test,02051.jpg,NO_EXACT_MATCH,,,
test,02052.jpg,NO_EXACT_MATCH,,,
test,02053.jpg,NO_EXACT_MATCH,,,
test,02054.jpg,NO_EXACT_MATCH,,,
test,02055.jpg,NO_EXACT_MATCH,,,
test,02056.jpg,NO_EXACT_MATCH,,,
test,02057.jpg,NO_EXACT_MATCH,,,
test,02058.jpg,NO_EXACT_MATCH,,,
test,02059.jpg,NO_EXACT_MATCH,,,
test,02060.jpg,NO_EXACT_MATCH,,,
test,02061.jpg,NO_EXACT_MATCH,,,
test,02062.jpg,NO_EXACT_MATCH,,,
test,02063.jpg,NO_EXACT_MATCH,,,
test,02064.jpg,NO_EXACT_MATCH,,,
test,02065.jpg,NO_EXACT_MATCH,,,
test,02066.jpg,NO_EXACT_MATCH,,,
test,02067.jpg,NO_EXACT_MATCH,,,
test,02068.jpg,NO_EXACT_MATCH,,,
test,02069.jpg,NO_EXACT_MATCH,,,
test,02070.jpg,NO_EXACT_MATCH,,,
test,02071.jpg,NO_EXACT_MATCH,,,
test,02072.jpg,NO_EXACT_MATCH,,,
test,02073.jpg,NO_EXACT_MATCH,,,
test,02074.jpg,NO_EXACT_MATCH,,,
test,02075.jpg,NO_EXACT_MATCH,,,
test,02076.jpg,NO_EXACT_MATCH,,,
test,02077.jpg,NO_EXACT_MATCH,,,
test,02078.jpg,NO_EXACT_MATCH,,,
test,02079.jpg,NO_EXACT_MATCH,,,
test,02080.jpg,NO_EXACT_MATCH,,,
test,02081.jpg,NO_EXACT_MATCH,,,
test,02082.jpg,NO_EXACT_MATCH,,,
test,02083.jpg,NO_EXACT_MATCH,,,
test,02084.jpg,NO_EXACT_MATCH,,,
test,02085.jpg,NO_EXACT_MATCH,,,
test,02086.jpg,NO_EXACT_MATCH,,,
test,02087.jpg,NO_EXACT_MATCH,,,
test,02088.jpg,NO_EXACT_MATCH,,,
test,02089.jpg,NO_EXACT_MATCH,,,
test,02090.jpg,NO_EXACT_MATCH,,,
test,02091.jpg,NO_EXACT_MATCH,,,
test,02092.jpg,NO_EXACT_MATCH,,,
test,02093.jpg,NO_EXACT_MATCH,,,
test,02094.jpg,NO_EXACT_MATCH,,,
test,02095.jpg,NO_EXACT_MATCH,,,
test,02096.jpg,NO_EXACT_MATCH,,,
test,02097.jpg,NO_EXACT_MATCH,,,
test,02098.jpg,NO_EXACT_MATCH,,,
test,02099.jpg,NO_EXACT_MATCH,,,
test,02100.jpg,NO_EXACT_MATCH,,,
test,02101.jpg,NO_EXACT_MATCH,,,
test,02102.jpg,NO_EXACT_MATCH,,,
test,02103.jpg,NO_EXACT_MATCH,,,
test,02104.jpg,NO_EXACT_MATCH,,,
test,02105.jpg,NO_EXACT_MATCH,,,
test,02106.jpg,NO_EXACT_MATCH,,,
test,02107.jpg,NO_EXACT_MATCH,,,
test,02108.jpg,NO_EXACT_MATCH,,,
test,02109.jpg,NO_EXACT_MATCH,,,
test,02110.jpg,NO_EXACT_MATCH,,,
test,02111.jpg,NO_EXACT_MATCH,,,
test,02112.jpg,NO_EXACT_MATCH,,,
test,02113.jpg,NO_EXACT_MATCH,,,
test,02114.jpg,NO_EXACT_MATCH,,,
test,02115.jpg,NO_EXACT_MATCH,,,
test,02116.jpg,NO_EXACT_MATCH,,,
test,02117.jpg,NO_EXACT_MATCH,,,
test,02118.jpg,NO_EXACT_MATCH,,,
test,02119.jpg,NO_EXACT_MATCH,,,
test,02120.jpg,NO_EXACT_MATCH,,,
test,02121.jpg,NO_EXACT_MATCH,,,
test,02122.jpg,NO_EXACT_MATCH,,,
test,02123.jpg,NO_EXACT_MATCH,,,
test,02124.jpg,NO_EXACT_MATCH,,,
test,02125.jpg,NO_EXACT_MATCH,,,
test,02126.jpg,NO_EXACT_MATCH,,,
test,02127.jpg,NO_EXACT_MATCH,,,
test,02128.jpg,NO_EXACT_MATCH,,,
test,02129.jpg,NO_EXACT_MATCH,,,
test,02130.jpg,NO_EXACT_MATCH,,,
test,02131.jpg,NO_EXACT_MATCH,,,
test,02132.jpg,NO_EXACT_MATCH,,,
test,02133.jpg,NO_EXACT_MATCH,,,
test,02134.jpg,NO_EXACT_MATCH,,,
test,02135.jpg,NO_EXACT_MATCH,,,
test,02136.jpg,NO_EXACT_MATCH,,,
test,02137.jpg,NO_EXACT_MATCH,,,
test,02138.jpg,NO_EXACT_MATCH,,,
test,02139.jpg,NO_EXACT_MATCH,,,
test,02140.jpg,NO_EXACT_MATCH,,,
test,02141.jpg,NO_EXACT_MATCH,,,
test,02142.jpg,NO_EXACT_MATCH,,,
test,02143.jpg,NO_EXACT_MATCH,,,
test,02144.jpg,NO_EXACT_MATCH,,,
test,02145.jpg,NO_EXACT_MATCH,,,
test,02146.jpg,NO_EXACT_MATCH,,,
test,02147.jpg,NO_EXACT_MATCH,,,
test,02148.jpg,NO_EXACT_MATCH,,,
test,02149.jpg,NO_EXACT_MATCH,,,
test,02150.jpg,NO_EXACT_MATCH,,,
test,02151.jpg,NO_EXACT_MATCH,,,
test,02152.jpg,NO_EXACT_MATCH,,,
test,02153.jpg,NO_EXACT_MATCH,,,
test,02154.jpg,NO_EXACT_MATCH,,,
test,02155.jpg,NO_EXACT_MATCH,,,
test,02156.jpg,NO_EXACT_MATCH,,,
test,02157.jpg,NO_EXACT_MATCH,,,
test,02158.jpg,NO_EXACT_MATCH,,,
test,02159.jpg,NO_EXACT_MATCH,,,
test,02160.jpg,NO_EXACT_MATCH,,,
test,02161.jpg,NO_EXACT_MATCH,,,
test,02162.jpg,NO_EXACT_MATCH,,,
test,02163.jpg,NO_EXACT_MATCH,,,
test,02164.jpg,NO_EXACT_MATCH,,,
test,02165.jpg,NO_EXACT_MATCH,,,
test,02166.jpg,NO_EXACT_MATCH,,,
test,02167.jpg,NO_EXACT_MATCH,,,
test,02168.jpg,NO_EXACT_MATCH,,,
test,02169.jpg,NO_EXACT_MATCH,,,
test,02170.jpg,NO_EXACT_MATCH,,,
test,02171.jpg,NO_EXACT_MATCH,,,
test,02172.jpg,NO_EXACT_MATCH,,,
test,02173.jpg,NO_EXACT_MATCH,,,
test,02174.jpg,NO_EXACT_MATCH,,,
test,02175.jpg,NO_EXACT_MATCH,,,
test,02176.jpg,NO_EXACT_MATCH,,,
test,02177.jpg,NO_EXACT_MATCH,,,
test,02178.jpg,NO_EXACT_MATCH,,,
test,02179.jpg,NO_EXACT_MATCH,,,
test,02180.jpg,NO_EXACT_MATCH,,,
test,02181.jpg,NO_EXACT_MATCH,,,
test,02182.jpg,NO_EXACT_MATCH,,,
test,02183.jpg,NO_EXACT_MATCH,,,
test,02184.jpg,NO_EXACT_MATCH,,,
test,02185.jpg,NO_EXACT_MATCH,,,
test,02186.jpg,NO_EXACT_MATCH,,,
test,02187.jpg,NO_EXACT_MATCH,,,
test,02188.jpg,NO_EXACT_MATCH,,,
test,02189.jpg,NO_EXACT_MATCH,,,
test,02190.jpg,NO_EXACT_MATCH,,,
test,02191.jpg,NO_EXACT_MATCH,,,
test,02192.jpg,NO_EXACT_MATCH,,,
test,02193.jpg,NO_EXACT_MATCH,,,
test,02194.jpg,NO_EXACT_MATCH,,,
test,02195.jpg,NO_EXACT_MATCH,,,
test,02196.jpg,NO_EXACT_MATCH,,,
test,02197.jpg,NO_EXACT_MATCH,,,
test,02198.jpg,NO_EXACT_MATCH,,,
test,02199.jpg,NO_EXACT_MATCH,,,
test,02200.jpg,NO_EXACT_MATCH,,,
